# callgrind format
version: 1
creator: callgrind-3.22.0
pid: 632156
cmd:  ./build_final/frontend/faac /opt/faac-benchmark/data/external/throughput/noise.wav -w -o /tmp/profile_v4.m4a --overwrite
part: 1


desc: I1 cache:
desc: D1 cache:
desc: LL cache:

desc: Timerange: Basic block 0 - 1456173591
desc: Trigger: Program termination

positions: line
events: Ir
summary: 11353914766


ob=(4) ???
fl=(178) ???
fn=(576) 0x0000000004887720
0 42
cob=(1) /usr/lib/x86_64-linux-gnu/ld-linux-x86-64.so.2
cfi=(11) ./elf/./elf/dl-tunables.c
cfn=(28) __tunable_get_val
calls=21 387
0 493

fn=(614) 0x0000000004887660
0 2
cob=(2) /usr/lib/x86_64-linux-gnu/libc.so.6
cfi=(184) ./string/../sysdeps/x86_64/multiarch/strrchr-avx2.S
cfn=(616) __strrchr_avx2
calls=1 53
0 22

fn=(660) 0x00000000048877b0
0 2
cob=(1)
cfi=(50) ./elf/./elf/dl-audit.c
cfn=(662) _dl_audit_preinit
calls=1 118
0 5

fn=(688) 0x000000000010a5a0
0 2
cob=(6) /app/build_final/libfaac/libfaac.so.0.0.0
cfi=(187) ???
cfn=(690) faacEncGetVersion
calls=1 0
0 11

fn=(704) 0x0000000004887590
0 11310
cob=(2)
cfi=(203) ./string/../sysdeps/x86_64/multiarch/strchr-avx2.S
cfn=(706) __strchrnul_avx2
calls=5655 53
0 107454

fn=(802) 0x000000000010a450
0 4
cob=(2)
cfi=(224) ./libio/./libio/iofopen.c
cfn=(804) fopen@@GLIBC_2.2.5
calls=2 85
0 1244

fn=(900) 0x0000000004842200
0 2300
cob=(3) /usr/lib/x86_64-linux-gnu/libm.so.6
cfi=(240) ./math/../sysdeps/ieee754/dbl-64/s_sin.c
cfn=(906) __sin_fma
calls=1150 201
0 84676
cob=(1)
cfi=(234) ./elf/../sysdeps/x86_64/dl-trampoline.h
cfn=(876) _dl_runtime_resolve_xsave
calls=1 71
0 784
0 5

fn=(952) 0x000000000010a580
0 56274
cob=(2)
cfi=(243) ./libio/./libio/iofwrite.c
cfn=(954) fwrite
calls=28137 31
0 5793590

fn=(1108) 0x000000000010a4c0
0 1128
cob=(2)
cfi=(275) ./libio/./libio/iofflush.c
cfn=(1110) fflush
calls=564 32
0 37224

fn=(620) 0x0000000004a81000
0 7

fn=(760) 0x000000000010a4b0
0 16
cob=(2)
cfi=(217) ./malloc/./malloc/malloc.c
cfn=(762) malloc
calls=8 3294
0 3449

fn=(964) 0x000000000010a300
0 16
cob=(2)
cfi=(217)
cfn=(924) free
calls=8 3359
0 1017

fn=(984) 0x000000000010a3f0
0 4
cob=(2)
cfi=(249) ./libio/./libio/fputc.c
cfn=(986) fputc
calls=2 32
0 376

fn=(994) 0x000000000010a5b0
0 56258
cob=(6)
cfi=(187)
cfn=(996) faacEncEncode
calls=28129 0
0 10913204456

fn=(1010) 0x00000000048421b0
0 1136
cob=(3)
cfi=(251) ./math/../sysdeps/ieee754/dbl-64/s_sincos.c
cfn=(1014) __sincos_fma
calls=568 37
0 71116
cob=(1)
cfi=(234)
cfn=(876)
calls=1 71
0 792
0 5

fn=(1258) 0x000000000483d294
0 4

fn=(748) 0x0000000004887600
0 84
cob=(2)
cfi=(216) ./string/../sysdeps/x86_64/multiarch/strcmp-avx2.S
cfn=(750) __strncmp_avx2
calls=42 206
0 1047

fn=(758) 0x000000000010a370
0 6
cob=(2)
cfi=(207) ./string/../sysdeps/x86_64/multiarch/strlen-avx2.S
cfn=(718) __strlen_avx2
calls=3 52
0 42

fn=(828) 0x000000000010a350
0 56260
cob=(2)
cfi=(228) ./libio/./libio/iofread.c
cfn=(830) fread
calls=28130 31
0 20054214

fn=(1196) 0x000000000010a330
0 2
cob=(6)
cfi=(187)
cfn=(1198) faacEncClose
calls=1 0
0 4625

fn=(600) 0x000000000483d000
0 7

fn=(1000) 0x000000000010a550
0 1132
cob=(2)
cfi=(250) ./resource/../sysdeps/unix/sysv/linux/getrusage.c
cfn=(1002) getrusage
calls=566 27
0 3396

fn=(1022) 0x00000000048421a0
0 168772
cob=(2)
cfi=(238) ./string/../sysdeps/x86_64/multiarch/memset-vec-unaligned-erms.S
cfn=(892) __memset_avx2_unaligned_erms
calls=84386 158
0 232349038
cob=(1)
cfi=(234)
cfn=(876)
calls=1 71
0 756
0 5

fn=(1046) 0x0000000004842160
0 13668700
cob=(3)
cfi=(256) ./math/./w_pow_template.c
cfn=(1050) pow@@GLIBC_2.29
calls=6834350 31
0 888465500
cob=(1)
cfi=(234)
cfn=(876)
calls=1 71
0 761
0 5

fn=(1146) 0x000000000010a4e0
0 4
cob=(2)
cfi=(277) ./libio/./libio/fseek.c
cfn=(1148) fseek
calls=2 32
0 765

fn=(1162) 0x000000000010a4a0
0 2
cob=(2)
cfi=(165) ./time/../sysdeps/unix/sysv/linux/time.c
cfn=(1164) time_syscall
calls=1 31
0 6

fn=(1276) 0x000000000484da54
0 4

fn=(630) 0x0000000004842000
0 7

fn=(650) 0x000000000010a000
0 7

fn=(794) 0x000000000010a3c0
0 2
cob=(2)
cfi=(184)
cfn=(616)
calls=1 53
0 22

fn=(862) 0x000000000010a3e0
0 52
cob=(2)
cfi=(233) ./libio/./libio/getc.c
cfn=(864) getc
calls=26 34
0 520

fn=(866) 0x000000000010a490
0 2
cob=(6)
cfi=(187)
cfn=(868) faacEncOpen
calls=1 0
0 755522

fn=(958) 0x0000000004887430
0 116954
cob=(2)
cfi=(205) ./string/../sysdeps/x86_64/multiarch/memmove-vec-unaligned-erms.S
cfn=(960) __mempcpy_avx_unaligned_erms
calls=58477 242
0 13559168

fn=(1034) 0x0000000004a81340
0 5456264
cob=(3)
cfi=(254) ./math/../sysdeps/ieee754/dbl-64/e_log.c
cfn=(1036) __ieee754_log_fma
calls=2728132 49
0 127819664

fn=(1176) 0x000000000010a360
0 4
cob=(2)
cfi=(279) ./libio/./libio/iofclose.c
cfn=(1178) fclose@@GLIBC_2.2.5
calls=2 34
0 1290

fn=(1248) 0x000000000483d030
0 2
cob=(2)
cfi=(287) ./stdlib/./stdlib/cxa_finalize.c
cfn=(1224) __cxa_finalize
calls=1 30
0 78

fn=(796) 0x000000000010a400
0 4
cob=(2)
cfi=(216)
cfn=(798) __strcmp_avx2
calls=2 206
0 40

fn=(870) 0x00000000048421c0
0 34
cob=(2)
cfi=(217)
cfn=(882) calloc
calls=17 3699
0 69554
cob=(1)
cfi=(234)
cfn=(876)
calls=1 71
0 720
0 5

fn=(896) 0x00000000048421e0
0 56284
cob=(2)
cfi=(217)
cfn=(762)
calls=28142 3294
0 1268530
cob=(1)
cfi=(234)
cfn=(876)
calls=1 71
0 796
0 5

fn=(914) 0x000000000010a540
0 2
cob=(6)
cfi=(187)
cfn=(916) faacEncSetConfiguration
calls=1 0
0 3409

fn=(936) 0x000000000010a520
0 2
cob=(2)
cfi=(242) ./libio/./libio/iosetvbuf.c
cfn=(938) setvbuf
calls=1 35
0 340

fn=(1052) 0x0000000004a81370
0 13668700
cob=(3)
cfi=(257) ./math/../sysdeps/ieee754/dbl-64/e_pow.c
cfn=(1054) __ieee754_pow_fma
calls=6834350 283
0 724441100

fn=(1140) 0x000000000010a500
0 2
cob=(2)
cfi=(276) ./debug/./debug/strcpy_chk.c
cfn=(1142) __strcpy_chk
calls=1 27
0 56

fn=(1294) 0x0000000004aff3a8
0 4

fn=(738) 0x000000000010a390
0 8
cob=(2)
cfi=(213) ./posix/./posix/getopt1.c
cfn=(740) getopt_long
calls=4 30
0 2946

fn=(786) 0x000000000010a420
0 2
cob=(2)
cfi=(205)
cfn=(788) __memcpy_chk_avx_unaligned_erms
calls=1 249
0 18

fn=(920) 0x0000000004842150
0 56316
cob=(2)
cfi=(217)
cfn=(924)
calls=28158 3359
0 2395199
cob=(1)
cfi=(234)
cfn=(876)
calls=1 71
0 709
0 5

fn=(1038) 0x0000000004842180
0 5456264
cob=(3)
cfi=(255) ./math/../sysdeps/x86_64/fpu/s_llrint.S
cfn=(1042) lrint
calls=2728132 24
0 8184396
cob=(1)
cfi=(234)
cfn=(876)
calls=1 71
0 766
0 5

fn=(1238) 0x000000000010f5b8
0 4

fn=(1266) 0x0000000004842140
0 2
cob=(2)
cfi=(287)
cfn=(1224)
calls=1 30
0 78

fn=(674) 0x000000000010a410
0 4
cob=(2)
cfi=(195) ./signal/../sysdeps/posix/signal.c
cfn=(676) signal
calls=2 30
0 240

fn=(710) 0x00000000048876b0
0 85618
cob=(2)
cfi=(205)
cfn=(712) __memcpy_avx_unaligned_erms
calls=42809 255
0 842810

fn=(716) 0x0000000004887500
0 5652
cob=(2)
cfi=(207)
cfn=(718)
calls=2826 52
0 39572

fn=(752) 0x0000000004887680
0 8
cob=(2)
cfi=(203)
cfn=(754) __strchr_avx2
calls=4 53
0 84

fn=(806) 0x00000000048873f0
0 8
cob=(2)
cfi=(217)
cfn=(762)
calls=4 3294
0 718

fn=(890) 0x0000000004887740
0 6796
cob=(2)
cfi=(238)
cfn=(892)
calls=3398 158
0 126183

fn=(910) 0x000000000010a310
0 2
cob=(6)
cfi=(187)
cfn=(912) faacEncGetCurrentConfiguration
calls=1 0
0 3

fn=(966) 0x000000000010a430
0 4
cob=(2)
cfi=(244) ./libio/./libio/ioftell.c
cfn=(968) ftell
calls=2 34
0 278

fn=(1222) 0x000000000010a2f0
0 2
cob=(2)
cfi=(287)
cfn=(1224)
calls=1 30
0 78

fn=(692) 0x000000000010a590
0 1142
cob=(2)
cfi=(200) ./debug/./debug/fprintf_chk.c
cfn=(694) __fprintf_chk
calls=571 25
0 5402810

fn=(930) 0x00000000048421f0
0 112514
cob=(2)
cfi=(205)
cfn=(712)
calls=56257 255
0 675084
cob=(1)
cfi=(234)
cfn=(876)
calls=1 71
0 802
0 5

fn=(948) 0x000000000010a480
0 46
cob=(2)
cfi=(205)
cfn=(712)
calls=23 255
0 357

fn=(1026) 0x00000000048421d0
0 5456264
cob=(3)
cfi=(252) ./math/./math/w_log10_compat.c
cfn=(1030) log10
calls=2728132 29
0 256041868
cob=(1)
cfi=(234)
cfn=(876)
calls=1 71
0 759
0 5

fn=(1120) 0x000000000010a4f0
0 6
cob=(2)
cfi=(217)
cfn=(1122) realloc
calls=3 3407
0 17845

fn=(1136) 0x000000000010a440
0 2
cob=(6)
cfi=(187)
cfn=(1138) faacEncGetDecoderSpecificInfo
calls=1 0
0 498

fn=(1152) 0x00000000048873e0
0 12
cob=(2)
cfi=(217)
cfn=(924)
calls=6 3359
0 514

fn=(1284) 0x0000000004a81220
0 2
cob=(2)
cfi=(287)
cfn=(1224)
calls=1 30
0 78

ob=(6)
fl=(187)
fn=(1066) WriteICSInfo.isra.0
0 675022
cfn=(1064) PutBit.part.0
calls=28126 0
0 787528
0 112504
cfn=(1064)
calls=28126 0
0 815654
0 112504
cfn=(1064)
calls=28126 0
0 815654
0 168750
cfn=(1064)
calls=28124 0
0 1349952
0 112496
cfn=(1064)
calls=28124 0
0 815596
0 28130
cfn=(1064)
calls=2 0
0 58
0 222
cfn=(1064)
calls=2 0
0 56
0 16

fn=(1138)
0 20
cob=(4)
cfi=(178)
cfn=(870)
calls=1 0
0 209
0 6
cob=(4)
cfi=(178)
cfn=(896)
calls=1 0
0 47
0 9
cfn=(1064)
calls=1 0
0 28
0 4
cfn=(1064)
calls=1 0
0 48
0 4
cfn=(1064)
calls=1 0
0 29
0 2
cob=(4)
cfi=(178)
cfn=(920)
calls=1 0
0 87
0 5

fn=(916)
0 742
cfn=(918) PsyEnd
calls=1 0
0 917
0 11
cfn=(894) PsyInit
calls=1 0
0 531
0 4
cob=(4)
cfi=(178)
cfn=(930)
calls=1 0
0 821
0 8
cob=(4)
cfi=(178)
cfn=(896)
calls=1 0
0 179
0 4
cob=(4)
cfi=(178)
cfn=(896)
calls=1 0
0 179
0 13

fn=(1270) 0x0000000000001260
0 5

fn=(1064)
0 560274017

fn=(894)
0 46
cob=(4)
cfi=(178)
cfn=(870)
calls=2 0
0 474
0 8
cob=(4)
cfi=(178)
cfn=(870)
calls=2 0
0 474
0 60

fn=(918)
0 38
cob=(4)
cfi=(178)
cfn=(920)
calls=4 0
0 1062
0 20

fn=(996)
0 3150252
cfn=(998) PsyBufferUpdate
calls=56250 0
0 700593750
0 60018855
cfn=(1004) PsyCalculate
calls=28126 0
0 9563490
0 140630
cfn=(1006) BlockSwitch
calls=28126 0
0 1575053
0 521876789
cfn=(1118) MDCT.constprop.1
calls=56248 0
0 4262215651
0 16712147
cfn=(998)
calls=6 0
0 74730
0 13265
cfn=(1020) BlocGroup.part.0.isra.0
calls=4 0
0 28876
0 97068
cfn=(1008) fft
calls=32 0
0 144744
0 2599332
cfn=(1044) BlocQuant.isra.0
calls=28126 0
0 2366216016
0 168756
cfn=(1044)
calls=28126 0
0 945628379
0 646898
cob=(4)
cfi=(178)
cfn=(896)
calls=28126 0
0 1322067
0 281260
cob=(4)
cfi=(178)
cfn=(1022)
calls=28126 0
0 230942586
0 1350048
cfn=(1060) WriteICS.constprop.0.isra.0
calls=28126 0
0 68343754
0 140630
cfn=(1060)
calls=28126 0
0 39985582
0 2049686
cfn=(1064)
calls=28126 0
0 787528
0 112504
cfn=(1064)
calls=28126 0
0 815654
0 112504
cfn=(1064)
calls=28126 0
0 815654
0 225008
cfn=(1068) WriteICS.constprop.1.isra.0
calls=28126 0
0 616473139
0 168756
cfn=(1068)
calls=28126 0
0 118607479
0 365638
cfn=(1064)
calls=28126 0
0 945620
0 407872
cfn=(1064)
calls=24614 0
0 713806
0 368790
cfn=(1064)
calls=73758 0
0 2138982
0 393656
cob=(4)
cfi=(178)
cfn=(920)
calls=24614 0
0 2141418
0 17560
cob=(4)
cfi=(178)
cfn=(920)
calls=3512 0
0 305544
0 5203748
cob=(4)
cfi=(178)
cfn=(1022)
calls=56252 0
0 1575817
0 364878861
cob=(4)
cfi=(178)
cfn=(1026)
calls=590628 0
0 56701052
0 1181256
cob=(4)
cfi=(178)
cfn=(1038)
calls=590628 0
0 2953911
0 3543768
cob=(4)
cfi=(178)
cfn=(1026)
calls=590628 0
0 56700288
0 2362512
cob=(4)
cfi=(178)
cfn=(1038)
calls=590628 0
0 2953140
0 268200055
cfn=(1066)
calls=28126 0
0 5794142
0 225008
cfn=(1064)
calls=28126 0
0 815692
0 9084356
cfn=(1064)
calls=28126 0
0 815654
0 44
cfn=(1064)
calls=4 0
0 116
0 6468880
cfn=(1064)
calls=1293776 0
0 37350752
0 104597998

fn=(1062) writesf
0 98971435
cfn=(1064)
calls=1546826 0
0 49300732
0 35100146
cfn=(1064)
calls=590628 0
0 17054527
0 3
cfn=(1064)
calls=1 0
0 46
0 2981923
cfn=(1064)
calls=45 0
0 2186
0 270

fn=(690)
0 11

fn=(1058) quantize_sse2
0 183094874

fn=(1060)
0 34641297
cfn=(1062)
calls=56252 0
0 56306625
0 17381414

fn=(1068)
0 843780
cfn=(1064)
calls=56252 0
0 2629416
0 1231847
cfn=(1064)
calls=10111 0
0 389168
0 1135311
cfn=(1064)
calls=56260 0
0 1829423
0 6203200
cfn=(1064)
calls=775400 0
0 28412308
0 24078782
cfn=(1064)
calls=1 0
0 29
0 4107740
cfn=(1064)
calls=821548 0
0 30979211
0 2165206
cfn=(1062)
calls=56252 0
0 147104643
0 337512
cfn=(1064)
calls=56252 0
0 1624202
0 281260
cfn=(1064)
calls=56252 0
0 1624126
0 450016
cfn=(1064)
calls=56252 0
0 1624254
0 77439461
cfn=(1064)
calls=8504381 0
0 375020328
0 25569395

fn=(1198)
0 12
cfn=(918)
calls=1 0
0 203
0 12
cob=(4)
cfi=(178)
cfn=(920)
calls=2 0
0 373
0 12
cob=(4)
cfi=(178)
cfn=(920)
calls=1 0
0 203
0 4
cob=(4)
cfi=(178)
cfn=(920)
calls=1 0
0 87
0 4
cob=(4)
cfi=(178)
cfn=(920)
calls=1 0
0 170
0 4
cob=(4)
cfi=(178)
cfn=(920)
calls=1 0
0 87
0 4
cob=(4)
cfi=(178)
cfn=(920)
calls=1 0
0 170
0 43
cob=(4)
cfi=(178)
cfn=(920)
calls=2 0
0 257
0 42
cob=(4)
cfi=(178)
cfn=(920)
calls=2 0
0 286
0 42
cob=(4)
cfi=(178)
cfn=(920)
calls=2 0
0 174
0 32
cob=(4)
cfi=(178)
cfn=(920)
calls=1 0
0 87
0 2
cob=(4)
cfi=(178)
cfn=(920)
calls=1 0
0 87
0 2
cob=(4)
cfi=(178)
cfn=(920)
calls=1 0
0 87
0 40
cob=(4)
cfi=(178)
cfn=(920)
calls=8 0
0 1603
0 32
cob=(4)
cfi=(178)
cfn=(920)
calls=2 0
0 373
0 10
cob=(4)
cfi=(178)
cfn=(920)
calls=1 0
0 74
0 7

fn=(634) 0x0000000000001310
0 12

fn=(998)
0 843840
cob=(4)
cfi=(178)
cfn=(930)
calls=56256 0
0 787584
0 699037056

fn=(1044)
0 745382232
cob=(4)
cfi=(178)
cfn=(1046)
calls=2643760 0
0 348977086
0 21150080
cob=(4)
cfi=(178)
cfn=(1046)
calls=2643760 0
0 348976320
0 129264680
cob=(4)
cfi=(178)
cfn=(1026)
calls=1546830 0
0 148093149
0 3093660
cob=(4)
cfi=(178)
cfn=(1038)
calls=1546830 0
0 7734150
0 51245008
cob=(4)
cfi=(178)
cfn=(1026)
calls=46 0
0 4407
0 230
cob=(4)
cfi=(178)
cfn=(1038)
calls=46 0
0 230
0 132
cob=(4)
cfi=(178)
cfn=(1022)
calls=4 0
0 84
0 24
cob=(4)
cfi=(178)
cfn=(1022)
calls=4 0
0 84
0 15468308
cob=(4)
cfi=(178)
cfn=(1046)
calls=1546830 0
0 204181560
0 80097636
cfn=(1058)
calls=1546830 0
0 183088880
0 567
cfn=(1058)
calls=81 0
0 5994
0 1025079894

fn=(1260) 0x00000000000012d0
0 9
cob=(4)
cfi=(178)
cfn=(1266)
calls=1 0
0 80
0 1
cfn=(1270)
calls=1 0
0 5
0 3

fn=(868)
0 21
cob=(4)
cfi=(178)
cfn=(870)
calls=1 0
0 1085
0 62
cob=(4)
cfi=(178)
cfn=(870)
calls=1 0
0 8420
0 6
cob=(4)
cfi=(178)
cfn=(870)
calls=1 0
0 8420
0 24
cob=(4)
cfi=(178)
cfn=(870)
calls=6 0
0 50520
0 35
cob=(4)
cfi=(178)
cfn=(870)
calls=1 0
0 237
0 4
cob=(4)
cfi=(178)
cfn=(870)
calls=1 0
0 237
0 4
cob=(4)
cfi=(178)
cfn=(870)
calls=1 0
0 237
0 6
cfn=(894)
calls=1 0
0 531
0 11
cob=(4)
cfi=(178)
cfn=(896)
calls=1 0
0 980
0 3
cob=(4)
cfi=(178)
cfn=(896)
calls=1 0
0 179
0 9
cob=(4)
cfi=(178)
cfn=(896)
calls=1 0
0 174
0 4
cob=(4)
cfi=(178)
cfn=(896)
calls=1 0
0 179
0 4
cob=(4)
cfi=(178)
cfn=(896)
calls=1 0
0 174
0 4
cob=(4)
cfi=(178)
cfn=(896)
calls=1 0
0 179
0 10
cob=(4)
cfi=(178)
cfn=(900)
calls=1 0
0 837
0 5110
cob=(4)
cfi=(178)
cfn=(900)
calls=1022 0
0 77296
0 4101
cob=(4)
cfi=(178)
cfn=(900)
calls=1 0
0 48
0 630
cob=(4)
cfi=(178)
cfn=(900)
calls=126 0
0 9584
0 585765
cob=(4)
cfi=(178)
cfn=(896)
calls=1 0
0 328
0 64

fn=(1004)
0 9563490

fn=(1006)
0 1575053

fn=(912)
0 3

fn=(1008)
0 2503676608
cob=(4)
cfi=(178)
cfn=(896)
calls=2 0
0 236
0 7214
cob=(4)
cfi=(178)
cfn=(896)
calls=2 0
0 357
0 12
cob=(4)
cfi=(178)
cfn=(896)
calls=2 0
0 357
0 301
cob=(4)
cfi=(178)
cfn=(1010)
calls=11 0
0 1369
0 3899
cob=(4)
cfi=(178)
cfn=(1010)
calls=557 0
0 71680
0 4642

fn=(1020)
0 28876

fn=(1118)
0 807552536
cfn=(1008)
calls=56248 0
0 2503621931
0 951041184

ob=(3)
fl=(240)
fn=(906)
201 9200
fi=(241) ./math/../sysdeps/x86/fpu/fenv_private.h
415 1150
+1 4600
fe=(240)
211 3450
fi=(241)
419 2300
fe=(240)
212 2300
+42 6900
fi=(241)
425 1150
fe=(240)
218 2300
-90 2504
+5 1072
+7 536
+2 536
-9 1072
+2 1072
+1 536
+6 2144
-6 536
+6 3216
-3 536
+1 1608
+1 1608
-1 536
+1 1072
+2 2144
+1 2680
fi=(241)
431 2300
fe=(240)
225 1048
+2 1048
114 524
-10 1048
227 1048
104 1048
+3 1048
-3 524
+3 524
+5 524
-4 524
+6 2096
-6 524
+6 524
-6 524
+3 524
+1 1572
+1 2096
+1 2620
+1 1572
229 524
115 524
+1 524
229 2096
129 990

fl=(153) ./math/../sysdeps/x86_64/fpu/multiarch/e_pow.c
fn=(488) __pow_finite@GLIBC_2.15
27 1
fi=(154) ./math/../sysdeps/x86_64/fpu/multiarch/ifunc-fma4.h
+4 4
+1 2
fe=(153)
-5 1

fl=(148) ./math/../sysdeps/x86_64/fpu/multiarch/s_sin.c
fn=(530) sin
27 2
fi=(146) ./math/../sysdeps/x86_64/fpu/multiarch/ifunc-avx-fma4.h
+5 10
+1 4
fe=(148)
-6 2

fn=(468) cos
34 1
fi=(146)
-2 5
+1 2
fe=(148)
+1 1

fl=(145) ./math/../sysdeps/x86_64/fpu/multiarch/e_exp.c
fn=(460) __exp_finite@GLIBC_2.15
27 1
fi=(146)
+5 5
+1 2
fe=(145)
-6 1

fl=(147) ./math/../sysdeps/x86_64/fpu/multiarch/e_expf.c
fn=(464) expf@@GLIBC_2.27
27 1
fi=(144) ./math/../sysdeps/x86_64/fpu/multiarch/ifunc-fma.h
+2 4
+1 3
fe=(147)
-3 1

fl=(159) ./math/../sysdeps/x86_64/fpu/multiarch/s_sinf.c
fn=(508) sinf
26 1
fi=(144)
+3 4
+1 3
fe=(159)
-4 1

fl=(255)
fn=(1042)
24 2728132
+1 2728132
+1 2728132

fl=(152) ./math/../sysdeps/x86_64/fpu/multiarch/e_powf.c
fn=(484) powf@@GLIBC_2.27
30 1
fi=(144)
-1 4
+1 4
fe=(152)

fl=(163) ./math/../sysdeps/x86_64/fpu/multiarch/e_atan2.c
fn=(526) __atan2_finite@GLIBC_2.15
26 1
fi=(146)
+6 5
+1 2
fe=(163)
-7 1

fl=(257)
fn=(1054)
283 6834350
fi=(258) ./math/../sysdeps/ieee754/dbl-64/math_config.h
85 13668700
fe=(257)
-40 27337400
292 6834350
45 6834350
292 20503050
-8 6834350
+8 27337400
62 6834350
+5 6834350
+10 6834350
+11 6834350
-26 6834350
+50 13668700
-49 6834350
+1 6834350
+48 6834350
-22 6834350
-27 6834350
+1 6834350
+8 6834350
-5 6834350
+5 27337400
-7 6834350
+23 6834350
+2 6834350
-25 13668700
+12 13668700
+18 6834350
+17 13668700
-23 6834350
+2 13668700
+5 6834350
+1 6834350
+4 6834350
-1 6834350
+12 6834350
-10 6834350
+10 6834350
-10 6834350
+10 6834350
+1 27337400
+1 6834350
+1 13668700
369 6834350
+1 6834350
fi=(258)
85 6834350
fe=(257)
-40 13668700
193 6834350
+1 6834350
370 6834350
194 13668700
+31 27337400
+18 6834350
fi=(258)
85 6834350
fe=(257)
227 6834350
+2 6834350
+4 6834350
+1 6834350
-5 6834350
+4 6834350
+1 6834350
-1 6834350
+4 6834350
-6 6834350
+12 20503050
-3 6834350
+3 27337400
+1 13668700
fi=(258)
97 6834350
fe=(257)
249 13668700
380 13668700

fl=(158) ./math/../sysdeps/x86_64/fpu/multiarch/e_asin.c
fn=(514) __asin_finite@GLIBC_2.15
27 1
fi=(154)
+4 4
+1 2
fe=(158)
-5 1

fn=(504) __acos_finite@GLIBC_2.15
35 1
fi=(154)
-4 4
+1 2
+3 1
fe=(158)

fl=(143) ./math/../sysdeps/x86_64/fpu/multiarch/s_cosf.c
fn=(456) cosf
26 1
fi=(144)
+3 4
+1 3
fe=(143)
-4 1

fl=(161) ./math/../sysdeps/x86_64/fpu/multiarch/s_expm1.c
fn=(518) expm1
26 1
fi=(144)
+3 4
+1 3
fe=(161)
-4 1

fl=(156) ./math/../sysdeps/x86_64/fpu/multiarch/s_log1p.c
fn=(496) __log1p
26 1
fi=(144)
+3 4
+1 3
fe=(156)
-4 1

fl=(253) ./math/../sysdeps/ieee754/dbl-64/e_log10.c
fn=(1032) __log10_finite@GLIBC_2.15
59 2728132
+8 2728132
-3 2728132
+3 5456264
+8 2728132
+3 8184396
+2 2728132
+3 2728132
-24 5456264
+21 8184396
+1 2728132
-22 5456264
+22 5456264
+2 5456264
-1 8184396
+5 19096924
cob=(4)
cfi=(178)
cfn=(1034)
calls=2728132 -87
* 133275928
+1 5456264
-1 5456264
+2 2728132
-1 2728132
+1 2728132

fl=(151) ./math/../sysdeps/x86_64/fpu/multiarch/s_sincosf.c
fn=(480) sincosf
26 1
fi=(144)
+3 4
+1 3
fe=(151)
-4 1

fl=(150) ./math/../sysdeps/x86_64/fpu/multiarch/e_log2.c
fn=(476) log2@@GLIBC_2.29
27 1
fi=(144)
+2 4
+1 3
fe=(150)
-3 1

fl=(256)
fn=(1050)
31 41006100
+1 13668700
cob=(4)
cfi=(178)
cfn=(1052)
calls=6834350 -32
* 738109800
+1 47840450
+12 27337400
+4 20503050

fl=(149) ./math/../sysdeps/x86_64/fpu/multiarch/e_logf.c
fn=(472) logf@@GLIBC_2.27
27 1
fi=(144)
+2 4
+1 3
fe=(149)
-3 1

fl=(254)
fn=(1036)
49 2728132
+12 2728132
fi=(258)
+24 2728132
fe=(254)
-24 2728132
-22 2728132
+22 2728132
-22 2728132
+22 5456264
+24 7781856
+17 2593952
+4 2593952
+13 2593952
-5 2593952
-12 2593952
+20 2593952
+8 2593952
-27 2593952
+27 2593952
-27 2593952
+3 10375808
-1 5187904
-1 2593952
+1 2593952
+14 2593952
-5 2593952
+8 2593952
-8 2593952
+16 2593952
-7 2593952
+4 2593952
-3 7781856
+6 15563712
+1 2593952
-66 402540
+2 134180
+3 134180
+1 134180
-1 134180
+1 134180
+1 134180
-4 134180
+4 134180
-2 134180
+1 134180
-2 134180
+3 402540
+3 134180
-4 134180
+4 402540
+2 268360
-1 134180
+2 268360
+1 134180
+1 134180
-1 134180
+1 268360
+1 134180
+1 134180
+1 134180

fl=(162) ./math/../sysdeps/x86_64/fpu/multiarch/e_exp2f.c
fn=(522) exp2f@@GLIBC_2.27
27 1
fi=(144)
+2 4
+1 3
fe=(162)
-3 1

fl=(251)
fn=(1014)
37 7384
fi=(241)
415 568
+1 1704
+3 568
-3 568
+3 1704
fe=(251)
44 1704
+2 1136
+7 890
-3 890
+9 868
+8 284
+1 284
-1 284
+1 284
+1 568
fi=(240)
+35 1120
+3 268
+5 134
+2 134
-2 134
+1 134
fe=(251)
-43 134
fi=(240)
+37 134
+1 134
+6 402
-6 268
+3 134
+1 268
+1 134
-1 268
+1 670
+1 402
-1 134
-6 300
+5 150
+2 150
-2 150
+1 150
fe=(251)
-43 150
fi=(240)
+37 150
+1 150
+6 450
-6 300
+3 150
+1 300
+1 150
-1 300
+1 750
+1 450
-1 150
+1 1372
+1 402
+1 134
fe=(251)
-46 268
fi=(240)
+58 134
fe=(251)
-58 134
fi=(240)
+58 268
-14 900
+1 450
+1 150
fe=(251)
-46 300
fi=(240)
+58 150
fe=(251)
-58 150
fi=(240)
+58 300
+6 705
+10 235
-10 235
+5 235
+2 235
-1 470
+1 235
-1 235
+1 235
-1 235
+1 235
+2 940
+1 705
fe=(251)
-73 235
+1 235
-1 49
+1 49
+3 246
+32 5680
-54 44
+2 11
-1 11
+1 11
fi=(241)
431 1136
fi=(240)
135 150
+7 150
-7 150
+7 150
-6 150
-8 150
+14 600
-6 150
+6 600
-14 150
+14 600
-14 150
+5 262
+7 131
-7 131
+7 131
+1 262
-8 131
+6 131
+1 262
+1 131
-1 262
+1 262
-1 131
+1 393
+2 524
+1 655
-40 131
fe=(251)
-43 131
fi=(240)
+43 19
fe=(251)
-43 19
fi=(240)
+43 57
+4 19
+3 19
+1 38
+1 19
-1 19
+1 19
+2 19
-2 19
+2 38
+1 19
fe=(251)
-54 19
+1 19
fi=(240)
+41 393
+4 131
+3 131
+1 262
+1 131
-1 131
+1 131
+2 131
-2 131
+2 262
+1 131
fe=(251)
-54 131
+1 131
+18 246
fi=(240)
+75 369
+8 123
-7 123
+3 123
-1 123
+1 123
-1 123
+5 246
+4 123
-4 123
+1 246
+3 246
+1 369
fe=(251)
-85 369
+2 246
+1 123
+3 615
fi=(240)
+38 123
+7 123
+7 123
-7 123
+7 123
-6 123
-8 123
+14 492
-6 123
+6 492
-14 123
+14 492
-14 123
+5 520
+6 104
+1 416
+1 104
-1 208
+1 104
-1 104
+1 208
-1 104
+1 416
+2 104
-2 104
+2 416
+1 416
fe=(251)
-47 104
fi=(240)
+7 104
+1 104
fe=(251)
-6 104
-2 19
fi=(240)
+7 19
+1 19
fe=(251)
-6 19
fi=(240)
+6 57
+3 19
+3 19
+1 38
+1 19
-1 19
+1 19
+2 19
-2 19
+2 38
+1 19
fe=(251)
-17 19
fi=(240)
+6 312
+3 104
+3 104
+1 208
+1 104
-1 104
+1 104
+2 104
-2 104
+2 208
+1 104
fe=(251)
-17 350
+1 123
fi=(240)
+5 450
+24 1147
fe=(251)

fl=(164) ./math/../sysdeps/x86_64/fpu/multiarch/s_sincos.c
fn=(534) sincos
26 2
fi=(154)
+5 8
+1 4
fe=(164)
-6 2

fl=(157) ./math/../sysdeps/x86_64/fpu/multiarch/e_log.c
fn=(500) __log_finite@GLIBC_2.15
27 1
fi=(146)
+5 5
+1 2
fe=(157)
-6 1

fl=(186) ???
fn=(1288) 0x0000000000010430
0 5

fn=(624) 0x00000000000104e0
0 12

fn=(1278) 0x00000000000104a0
0 9
cob=(4)
cfi=(178)
cfn=(1284)
calls=1 0
0 80
0 1
cfn=(1288)
calls=1 0
0 5
0 3

fl=(252)
fn=(1030)
29 2728132
+1 8184396
+14 2728132
cfi=(253)
cfn=(1032)
calls=2728132 +15
* 242401208

fl=(155) ./math/../sysdeps/x86_64/fpu/multiarch/e_log2f.c
fn=(492) log2f@@GLIBC_2.27
27 1
fi=(144)
+2 4
+1 3
fe=(155)
-3 1

fl=(160) ./math/../sysdeps/x86_64/fpu/multiarch/s_fma.c
fn=(512) fma
49 6

ob=(2)
fl=(117) ./string/../sysdeps/x86_64/multiarch/strcspn.c
fn=(374) strcspn
29 1
fi=(291) ./string/../sysdeps/x86_64/multiarch/ifunc-sse4_2.h
+7 5
fe=(117)
-7 1

fl=(136) ./string/../sysdeps/x86_64/multiarch/memchr.c
fn=(434) memchr
29 1
fi=(137) ./string/../sysdeps/x86_64/multiarch/ifunc-evex.h
+9 3
-1 4
+2 3
+6 2
-3 2
+9 3
+3 4
fe=(136)
-25 1

fl=(175) ./resource/../sysdeps/unix/sysv/linux/getrlimit64.c
fn=(570) getrlimit
38 2
+1 7
+1 1

fl=(263) ./stdlib/../sysdeps/ieee754/dbl-64/dbl2mpn.c
fn=(1080) __mpn_extract_double
33 2820
+2 2820
-2 5640
+4 8460
+1 14100
+9 5640
+9 2820
-9 2820
+9 5640
+4 2
+2 1
+45 2
-4 2819
+4 2819
-4 2819
+4 2819

fl=(227) ./string/../string/strstr.c
fn=(826) __GI_strstr
77 18
+5 2
-5 6
+5 4
+2 8
cob=(4)
cfi=(178)
cfn=(752)
calls=2 -84
* 46
* 2
+1 4
+1 4
+75 24

fl=(89) ./wcsmbs/../sysdeps/x86_64/multiarch/wcsnlen.c
fn=(308) wcsnlen
30 1
fi=(90) ./wcsmbs/../sysdeps/x86_64/multiarch/ifunc-wcslen.h
+11 2
-1 4
+2 3
+3 2
+4 3
+3 3
fe=(89)
-22 1

fl=(173) ./elf/./elf/libc_early_init.c
fn=(566) __libc_early_init
33 9
+2 1
cfi=(174) ./ctype/./ctype/ctype-info.c
cfn=(568) __ctype_init
calls=1 -6
* 17
+3 1
fi=(176) ./elf/../sysdeps/nptl/pthread_early_init.h
-5 2
fe=(173)
+8 1
-3 1
+3 1
fi=(176)
-8 1
cfi=(175)
cfn=(570)
calls=1 +5
* 10
* 3
+1 1
+4 5
+7 1
fi=(292) ./elf/../nptl/nptl-stack.h
+16 3
fi=(176)
-16 1
fi=(292)
+16 2
fi=(176)
-7 1
fi=(292)
+7 3
fi=(176)
-9 1
-6 1
+2 2
+4 4
+1 1
+3 1
cfi=(177) ./nptl/./nptl/pthread_mutex_conf.c
cfn=(574) __pthread_tunables_init
calls=1 -1
* 104
fe=(173)
-9 3
+2 2
-2 1
cfi=(179) ./nptl/../sysdeps/unix/sysv/linux/x86/elision-conf.c
cfn=(578) __lll_elision_init
calls=1 +45
* 169

fl=(182) ./csu/./csu/init-first.c
fn=(610) _init_first
46 6
+5 2
+4 5
+8 1
-2 1
+10 1
-9 1
+1 1
+9 3
-1 1
cfi=(183) ./misc/./misc/init-misc.c
cfn=(612) __init_misc
calls=1 -41
* 50

fl=(185) ./libio/./libio/vtables.c
fn=(618) check_stdfiles_vtables
545 1
+1 4
+1 3
+1 3
+2 1

fl=(100) ./string/../sysdeps/x86_64/multiarch/memcmpeq.c
fn=(336) memcpy@@GLIBC_2.14
29 2
fi=(101) ./string/../sysdeps/x86_64/multiarch/ifunc-memmove.h
+28 6
-1 4
+4 6
+14 4
+3 4
+8 4
+8 4
+3 10
fe=(100)

fl=(198) ./signal/./signal/sigaction.c
fn=(682) sigaction
26 2
+1 6
fi=(196) ./signal/../sysdeps/unix/sysv/linux/internal-signals.h
+26 2
fe=(198)
-26 4
+6 2
cfi=(199) ./signal/../sysdeps/unix/sysv/linux/libc_sigaction.c
cfn=(686) __libc_sigaction
calls=2 +10
* 152

fl=(128) ./string/../sysdeps/x86_64/multiarch/strcasecmp_l.c
fn=(402) strcasecmp_l
31 1
fi=(116) ./string/../sysdeps/x86_64/multiarch/ifunc-strcasecmp.h
+6 2
-1 4
fe=(128)
-5 2
fi=(116)
+7 3
+3 2
+4 3
+3 4
fe=(128)

fl=(98) ./wcsmbs/../sysdeps/x86_64/multiarch/wcsncpy.c
fn=(332) wcsncpy
31 1
fi=(99) ./wcsmbs/../sysdeps/x86_64/multiarch/ifunc-wcs.h
+9 3
-1 4
+2 3
+3 2
+4 4
fe=(98)
-17 1

fl=(140) ./string/../sysdeps/x86_64/multiarch/mempcpy.c
fn=(444) mempcpy
33 1
fi=(101)
+24 3
-1 2
+4 3
+14 2
+3 2
+8 2
+8 2
+3 5
fe=(140)

fl=(224)
fn=(804)
85 14
-20 2
+20 4
-20 2
cob=(4)
cfi=(178)
cfn=(806)
calls=2 -65
* 378
+2 6
+3 2
+2 4
-2 2
+2 10
cfi=(209) ./libio/./libio/genops.c
cfn=(808) _IO_no_init
calls=2 563
* 112
+1 2
+1 2
-1 2
+1 2
cfi=(208) ./libio/./libio/fileops.c
cfn=(812) _IO_new_file_init_internal
calls=2 +32
* 204
+1 10
cfi=(208)
cfn=(820) _IO_file_fopen@@GLIBC_2.2.5
calls=2 213
* 464
* 4
-38 4
+50 14

fl=(220) ./malloc/./malloc/morecore.c
fn=(776) __glibc_morecore
25 7
+1 14
-1 14
+4 7
cfi=(221) ./misc/./misc/sbrk.c
cfn=(778) sbrk
calls=7 +8
* 242
+1 14
+4 14

fl=(279)
fn=(1178)
34 16
+14 6
+9 2
fi=(210) ./libio/./libio/libioP.h
1025 6
+1 4
fe=(279)
57 6
cfi=(208)
cfn=(1192) _IO_file_finish@@GLIBC_2.2.5
calls=2 168
* 68
+1 6
+13 4
fi=(210)
951 8
+1 8
+6 4
cob=(4)
cfi=(178)
cfn=(1152)
calls=2 0
* 174
fe=(279)
76 14
-27 2
cfi=(209)
cfn=(1180) _IO_un_link
calls=2 +4
* 208
+2 16
+1 4
+1 4
cfi=(208)
cfn=(1184) _IO_file_close_it@@GLIBC_2.2.5
calls=2 +75
* 692
fi=(210)
979 2
fe=(279)
53 2
fi=(210)
979 6
+1 18
fe=(279)
51 10

fl=(115) ./string/../sysdeps/x86_64/multiarch/strcasecmp.c
fn=(370) strcasecmp
31 1
fi=(116)
+6 2
-1 4
fe=(115)
-5 2
fi=(116)
+7 3
+3 2
+4 3
+3 4
fe=(115)

fl=(131) ./wcsmbs/../sysdeps/x86_64/multiarch/wmemcmp.c
fn=(418) wmemcmp
29 1
fi=(132) ./wcsmbs/../sysdeps/x86_64/multiarch/ifunc-memcmp.h
+5 5
+1 2
+1 2
+1 3
+3 2
+4 3
+3 4
fe=(131)
-18 2

fl=(139) ./wcsmbs/../sysdeps/x86_64/multiarch/wcpcpy.c
fn=(440) wcpncpy
31 1
fi=(99)
+9 3
-1 4
+2 3
+3 2
+4 4
fi=(293) ./wcsmbs/../sysdeps/x86_64/multiarch/wcpncpy.c
-17 1
fe=(139)

fl=(216)
fn=(750)
206 42
+24 42
+5 42
+14 42
+25 42
+1 42
+1 42
+2 42
+1 42
+4 42
+4 42
+2 42
+2 42
+3 42
+2 42
+1 42
+11 41
+10 41
+1 41
+3 41
+4 82
+5 42
+1 42
+1 42
+4 1
+1 2

fn=(798)
206 2
+43 2
+25 2
+1 2
+1 2
+2 2
+1 2
+4 2
+4 2
+2 2
+2 2
+3 2
+9 2
+1 2
+4 2
+10 2
+1 2
+3 2
+4 4

fl=(222) ./misc/../sysdeps/unix/sysv/linux/brk.c
fn=(780) brk
36 5
fi=(294) ./misc/../sysdeps/unix/sysv/linux/brk_call.h
-12 10
fe=(222)
+13 10
+1 10
+6 5
+1 5

fl=(183)
fn=(612)
30 1
+1 2
-1 4
+1 4
+2 3
cob=(4)
cfi=(178)
cfn=(614)
calls=1 -33
* 24
+4 5
+1 3
+2 4

fl=(280) ./io/../sysdeps/unix/sysv/linux/close_nocancel.c
fn=(1188) __close_nocancel
25 2
+1 8
+1 2

fl=(194) ./setjmp/./setjmp/sigjmp.c
fn=(670) __sigjmp_save
28 6
+2 2
-1 1
+5 4

fl=(201) ./stdio-common/./stdio-common/vfprintf-internal.c
fn=(702) __printf_buffer
600 6852
fi=(259) ./stdio-common/./stdio-common/printf-parse.h
82 571
fe=(201)
600 1142
fi=(259)
82 571
fe=(201)
600 571
+27 1713
+11 571
-11 571
+11 571
-11 571
+11 1142
fi=(259)
82 571
cob=(4)
cfi=(178)
cfn=(704)
calls=571 -82
* 12000
fe=(201)
653 1142
+1 571
fi=(259)
82 1142
fe=(201)
654 571
-1 571
cfi=(204) ./stdio-common/./stdio-common/Xprintf_buffer_write.c
cfn=(708) __printf_buffer_write
calls=571 27
* 31952
+2 1713
+4 1142
+4 4568
-32 571
973 571
642 571
973 1142
634 571
+71 20336
1044 6281
705 10168
-13 5084
+7 5084
+6 10168
-14 5084
-4 5084
+18 5084
-10 5084
+10 5084
-7 5084
-4 5084
+11 10168
-19 5084
-1 5084
+20 5084
-12 5084
-9 5084
-1 5084
+22 5084
-15 10168
891 5640
+82 5640
+3 95880
+20 31020
+1 2820
263 2820
+1 2820
997 2820
744 2820
264 5640
744 2820
263 5640
1024 5084
fi=(259)
82 5084
fe=(201)
1018 5084
fi=(259)
82 10168
cob=(4)
cfi=(178)
cfn=(704)
calls=5084 -82
* 106764
fe=(201)
1028 10168
+1 5084
fi=(259)
82 5084
fe=(201)
1029 5084
-1 5084
cfi=(204)
cfn=(708)
calls=5084 27
* 264397
+3 23707
fi=(206) ./stdio-common/./stdio-common/vfprintf-process-arg.c
501 12
cfi=(204)
cfn=(708)
calls=3 27
* 158
+1 3
-11 3
-88 24
+19 6
-14 6
+47 9
fe=(201)
709 2820
814 2820
-1 2820
+1 5640
+26 8460
+15 36660
fi=(206)
422 12
+8 6
fe=(201)
726 3948
fi=(259)
55 3948
-2 3948
+2 3948
-2 3948
+2 3948
-2 3948
+2 7896
fe=(201)
800 7896
+7 7896
+3 48504
-89 16920
-1 1128
+1 1128
-2 2256
+42 564
fi=(248) ./stdio-common/../include/printf_buffer.h
148 1692
+1 2256
fi=(206)
-13 3394
+19 22061
cfi=(247) ./stdio-common/./stdio-common/_itoa.c
cfn=(980) _itoa_word
calls=1697 +14
* 109681
+11 3394
-11 3394
+11 6788
-5 13576
+25 8473
+1 6
+14 12
-4 18
+4 3382
-4 5073
+2 3399
+2 2266
+7 1133
-2 2266
+2 3399
+3 2266
+13 2266
fi=(248)
-61 2266
fi=(206)
+70 2266
+3 2266
136 1697
+2 3394
fe=(201)
876 1
-5 9
-1 1
+1 8
fi=(206)
67 1697
-18 1697
-1 3394
+1 7
201 3
58 2
201 5088
58 3392
-23 1697
+22 3394
248 1128
+16 1128
+7 2256
+14 1128
fi=(248)
163 1128
+1 2256
cfi=(260) ./stdio-common/./stdio-common/Xprintf_buffer_pad_1.c
cfn=(1072) __printf_buffer_pad_1
calls=564 24
* 31020
* 564
fi=(206)
-3 1697
+9 3394
+17 1697
+8 1697
-8 1697
+12 1697
-12 1697
+8 6788
+58 1692
-66 10146
289 2256
cfi=(204)
cfn=(708)
calls=564 27
* 31020
* 564
fi=(248)
163 1128
fi=(206)
278 1692
-38 4532
cfi=(204)
cfn=(708)
calls=1133 27
* 63959
* 1133
fe=(201)
+26 2820
cfi=(261) ./stdio-common/./stdio-common/printf_fp.c
cfn=(1074) __printf_fp_l_buffer
calls=2820 1099
* 3629531
1001 2820
fi=(206)
258 1692
fi=(248)
-95 2266
+1 7889
cfi=(260)
cfn=(1072)
calls=1127 24
* 61419
fi=(206)
+53 3381
+4 2254
50 3392
+2 3392
+1 13568
435 6
cob=(4)
cfi=(178)
cfn=(716)
calls=3 0
* 56
* 6
fi=(259)
55 2820
+10 5640
-10 21996
fe=(201)

fn=(696) __vfprintf_internal
1522 7423
+3 2856
+4 2855
+11 1142
+27 6281
-42 1140
+18 2284
cfi=(202) ./stdio-common/./stdio-common/printf_buffer_to_file.c
cfn=(698) __printf_buffer_to_file_init
calls=571 108
* 13704
+1 2855
cfn=(702)
calls=571 600
* 5197819
+1 1142
cfi=(202)
cfn=(720) __printf_buffer_to_file_done
calls=571 117
* 140525
* 571

fl=(281) ./stdlib/./stdlib/exit.c
fn=(1202) exit
137 2
+1 3
-1 1
+1 1
cfn=(1204) __run_exit_handlers
calls=1 38
* 1934

fn=(1204)
38 12
+2 2
+3 5
+11 2
+2 2
+38 2
-30 6
+2 1
+1 1
-1 1
+3 7
+44 3
+13 1
-66 1
+66 3
+2 2
+3 2
cfi=(290) ./posix/../sysdeps/unix/sysv/linux/_exit.c
cfn=(1302) _Exit
calls=1 27
* 4
-29 1
+1 1
-2 1
+3 1
+3 1
-3 2
+3 3
+1 3
cob=(1)
cfi=(283) ./elf/./elf/dl-fini.c
cfn=(1208) _dl_fini
calls=1 -82
* 1481
+1 4
+10 3
+1 2
-79 1
cfi=(282) ./stdlib/./stdlib/cxa_thread_atexit_impl.c
cfn=(1206) __call_tls_dtors
calls=1 148
* 13
* 1
+88 1
cfi=(209)
cfn=(1296) _IO_cleanup
calls=1 842
* 357
* 1

fl=(214) ./posix/./posix/getopt.c
fn=(742) _getopt_internal
706 20
+4 4
-1 8
+3 4
-3 4
+3 12
-3 8
+3 4
cfn=(744) _getopt_internal_r
calls=4 474
* 2802
+4 4
+1 4
-1 4
+1 4
+4 4
-4 4
+1 12
+3 8

fn=(792) process_long_option
198 13
+8 1
-8 3
+8 1
-8 4
+8 58
+2 2
+4 11
+1 4
cob=(4)
cfi=(178)
cfn=(748)
calls=1 0
* 27
* 156
cob=(4)
cfi=(178)
cfn=(748)
calls=39 0
* 1050
* 80
+1 2
cob=(4)
cfi=(178)
cfn=(716)
calls=1 0
* 16
* 2
-2 195
+98 2
+23 1
+6 1
-5 1
-1 2
+2 2
+33 3
+1 1
+1 1
+2 1
-2 2
+2 1
+1 1
+3 11
-24 2

fn=(744)
474 48
+1 4
+2 8
+5 4
-2 16
+2 20
-91 1
+1 1
-1 2
+4 3
+5 2
+5 4
+5 1
+77 1
+1 3
+5 2
-5 9
+5 8
611 2
+1 2
-1 8
+1 8
cob=(4)
cfi=(178)
cfn=(752)
calls=2 0
* 46
+3 12
+1 2
+2 10
+9 6
+27 4
+46 36
484 3
+9 3
-9 9
+15 12
+2 12
+3 12
+24 28
+29 6
-8 4
+1 1
-72 2
+31 12
+1 6
+1 18
cfn=(756) exchange
calls=3 132
* 254
* 9
+7 14
+1 1
-1 1
+1 1
-1 24
+2 8
+37 9
+10 6
+2 6
+22 4
+14 4
+46 6
cfn=(792)
calls=1 198
* 1657
* 3
405 4
cfi=(215) ./stdlib/./stdlib/getenv.c
cfn=(746) getenv
calls=1 24
* 359
* 4
656 1
-26 1
+26 1
-24 1
+39 2
+7 2
+16 4
+1 1
+3 1
512 2
408 1
+85 2
+81 1
-1 1
+1 1
-1 1
+1 4

fn=(756)
132 24
+2 3
+1 3
-2 3
+10 15
-10 24
+2 6
+10 24
+23 39
+2 3
+1 6
+1 3
-4 12
+7 3
-32 22
+38 21
+2 22
-28 12
-1 1
+1 2
+1 1
-4 3
+7 2

fl=(165)
fn=(1164)
31 1
+1 4
+1 1

fn=(538) time
38 1
fi=(295) ./time/../sysdeps/unix/sysv/linux/dl-vdso.h
+2 2
+1 2
fe=(165)
-3 2

fl=(193) ./setjmp/../sysdeps/x86_64/setjmp.S
fn=(668) __sigsetjmp
31 1
+2 1
+9 1
+1 2
+1 1
+4 1
+1 1
+1 1
+1 1
+1 1
+2 2
+2 1
+1 1
+1 1
+2 2
+2 1
+5 1
+1 1
+17 1
cfi=(194)
cfn=(670)
calls=1 -57
* 13

fl=(217)
fn=(882)
3699 34
+10 17
-10 119
+10 136
+8 34
+3 51
+2 34
+34 84
fi=(218) ./malloc/./malloc/arena.c
153 32
fe=(217)
3732 17
+1 17
+21 34
-21 34
+21 17
cfn=(774) _int_malloc
calls=17 +92
* 2464
+2 34
+33 1
fi=(223) ./malloc/../string/bits/string_fortified.h
59 1
fe=(217)
3789 2
+48 16
-78 2
+37 16
-12 16
+12 32
+3 80
+8 16
+2 32
+2 32
+5 1
+2 1
-2 1
+3 2
-63 48
+3 48
+78 15
fi=(223)
59 30
fe=(217)
3837 90
fi=(223)
59 15
cob=(4)
cfi=(178)
cfn=(890)
calls=15 -59
* 65899
fe=(217)

fn=(924)
3359 28172
+4 56344
-4 84510
+14 28170
-14 84510
+12 28170
+4 28170
-4 28170
+4 56340
+17 84504
fi=(218)
153 84504
fe=(217)
3398 84504
cfn=(928) _int_free
calls=28168 4495
* 1523370
+3 28168
+1 169008
-23 6
+2 8
+2 2
+1 2
-1 2
+1 2
+1 2
+3 4
cfn=(1170) munmap_chunk
calls=2 3024
* 72
+13 2
+1 14

fn=(1132) systrim.constprop.0
2957 6
+9 3
+2 1
+1 2
+5 1
+1 1
-1 2
+4 5
+2 2
+40 6
-33 2
cfi=(220)
cfn=(776)
calls=1 25
* 33
* 1
+1 4
+12 3
cfi=(220)
cfn=(776)
calls=1 25
* 51
+1 2
cfi=(220)
cfn=(776)
calls=1 25
* 33
+2 1
+2 2
+4 2
+4 2
-1 1
+1 2
+2 2

fn=(782) alloc_perturb
1985 138
+2 46

fn=(884) sysmalloc_mmap.isra.0
2400 10
+13 6
-13 2
+18 4
+3 18
cfi=(236) ./misc/../sysdeps/unix/sysv/linux/mmap64.c
cfn=(886) mmap
calls=2 47
* 52
* 2
+3 4
+4 4
2008 8
2432 8
cfi=(237) ./misc/../sysdeps/unix/sysv/linux/setvmaname.c
cfn=(888) __set_vma_name
calls=2 33
* 80
+16 6
+19 2
-1 2
+5 2
-4 4
+4 4
+1 10
+3 6
+1 10
+5 14

fn=(1126) _int_realloc
4914 24
+11 12
+1 15
+1 12
+6 6
+2 6
+1 9
+2 12
+3 6
+14 1
+53 2
-53 2
+57 1
-57 1
+57 2
-2 2
+19 1
+1 27
-79 6
+12 2
+12 8
cfn=(774)
calls=2 3846
* 508
* 2
+1 4
+9 2
-6 2
+1 2
+5 4
+8 1
-1 1
fi=(223)
29 1
fe=(217)
4993 6
fi=(223)
29 1
cob=(4)
cfi=(178)
cfn=(710)
calls=1 -29
* 16426
fe=(217)
4997 4
cfn=(928)
calls=1 4495
* 137
+2 1
+22 1
-4 1
+3 1
+5 1
-4 1
-1 1
+1 1
+3 1
+1 2
cfn=(928)
calls=1 4495
* 304
* 1
-45 1
+7 1
+19 2
-13 1
+20 2
-61 2
+1 2
-2 4
+4 4
+2 1
-2 1
+2 1
-2 2
+1 1
-1 2
+4 1
-3 1
+1 1
+2 1

fn=(1122)
3407 33
+6 6
+4 6
+7 6
5241 3
3433 3
5242 9
-1 6
+2 6
3538 27
5244 3
3441 6
+15 9
fi=(218)
153 9
fe=(217)
3464 12
+1 6
1326 6
+19 18
3475 6
+31 6
+2 18
cfn=(1126)
calls=3 4914
* 17605
* 3
+1 15
fi=(218)
153 12
fe=(217)
3509 6

fn=(762)
3294 225232
+7 56308
1326 56306
+19 140770
3311 56308
+2 112616
+3 56306
+10 54
+28 162
3248 4
cfn=(772) tcache_init.part.0
calls=1 -6
* 473
+68 2
+1 4
+1 84417
3178 56254
+4 56254
+4 28127
+4 28127
-4 84381
+4 28127
+1 28127
3354 168762
-26 108
cfn=(774)
calls=27 3846
* 4127
+1 135
fi=(218)
153 52
264 1
cfn=(766) ptmalloc_init.part.0
calls=1 -2
* 1151
fe=(217)
1326 2

fn=(928)
4495 197190
+4 84510
+6 112680
+1 56340
+4 140850
+8 112680
-1 56340
+1 56340
+29 28146
-20 28146
-6 28146
+6 56292
+20 112584
1792 24
4561 48
+97 168876
-21 48
+3 48
+18 24
-12 24
+12 96
-12 24
cfn=(1128) _int_free_merge_chunk
calls=24 +19
* 2895
3163 28146
+4 28146
-4 28146
+2 112584
+1 28146
+1 28146
4550 28146

fn=(774)
3846 517
1326 94
+19 281
3887 92
1794 46
3914 92
+65 22
-63 44
+3 11
+2 22
+56 70
+62 354
+1 87
+20 47
-1 47
-1 47
+1 94
+1 94
-2 92
+12 235
-1 6
+4 6
+1 3
+2 6
+1 9
+2 3
+1 12
+2 12
-10 3
+12 6
+1 6
+2 6
+11 12
+29 2
+1 2
+4 4
+29 4
+8 16
+1 2
+1 2
-1 2
+4 4
3887 2
+27 2
+66 18
+2 18
-2 18
+2 36
-68 3
1345 1
3919 2
+2 2
+9 36
4487 564
4221 4
+9 2
-9 4
+9 2
-9 6
+1 2
+1 2
+1 2
+1 2
+6 4
4070 6
4246 4
+11 138
+2 87
+3 29
-3 29
+3 58
+1 46
+71 138
-4 46
+1 46
+1 46
-1 46
+1 46
+1 92
+1 138
+5 184
+16 18
+2 36
-4 38
+8 1
+3 2
4240 8
4099 2
+2 1
-1 2
4218 2
-48 2
+48 6
4343 138
+3 80
-3 60
+3 68
-3 51
+3 56
-3 26
4443 45
+1 90
+2 90
+3 135
+17 20
4070 6
-91 36
4169 20
4343 1
+5 4
+1 2
+24 4
+3 2
+2 1
+3 2
-3 2
+3 1
cfn=(1134) unlink_chunk.isra.0
calls=1 1608
* 33
+3 4
+15 2
-5 1
+5 2
+1 2
+3 1
+1 1
+1 1
+3 2
+1 1
+1 2
+2 2
+3 8
+2 3
+1 1
1985 1
4421 1
1985 2
4105 1
-1 1
+3 1
-1 1
+1 2
+1 3
+1 2
+2 2
+4 1
+6 1
-6 1
+7 1
-7 6
+2 3
+5 1
-4 1
+4 1
cfn=(782)
calls=1 1985
* 4
+1 1
2552 5
+12 5
-12 25
+12 5
+1 6
+3 8
+8 10
cfn=(884)
calls=2 2400
* 258
* 2
+1 4
4482 4
-22 135
cfn=(782)
calls=45 1985
* 180
+1 45
-9 80
+2 80
-1 40
+1 40
-3 40
+3 40
+2 40
-2 160
+2 40
+3 80
2553 3
+36 9
+1 3
-1 3
+1 3
+9 24
+6 6
+3 9
2921 9
+1 3
+4 3
+4 15
+5 3
-2 3
+5 3
-3 6
-3 3
+2 3
+1 3
+1 3
-1 9
+1 3
4482 3
2669 9
+8 6
+1 9
+13 3
+2 3
-2 6
+8 15
+8 6
+48 4
+40 3
+19 2
+3 2
+1 6
+2 1
+1 5
cfi=(220)
cfn=(776)
calls=1 25
* 33
+12 4
-12 1
+12 1
2008 4
3882 1
2873 1
+3 1
-1 1
+1 4
+12 1
-11 1
+11 2
2783 1
-1 2
2017 2
2745 1
+1 1
+6 3
-6 1
+6 3
-6 2
+6 6
-6 2
+6 10
+1 12
-44 9
cfi=(220)
cfn=(776)
calls=3 25
* 162
+1 6
-1 3
+1 3
2008 3
2711 3
2008 9
2712 3
+3 6
+29 17

fn=(1134)
1608 15
+2 45
-2 15
+2 30
+3 15
+1 30
+2 60
-3 15
+6 15
+1 15
+1 75
+2 2
+1 3
+3 2
+14 1
+1 1
+3 30

fn=(772)
3242 4
+9 8
+1 3
cfn=(774)
calls=1 3846
* 359
+1 2
+8 4
+9 1
fi=(223)
59 2
fe=(217)
3270 1
fi=(223)
59 86
fe=(217)
3274 3

fn=(1128)
4665 120
+1 24
-1 72
+5 144
+3 48
+5 72
+3 48
+1 48
+1 48
1992 72
4689 48
+2 13
+2 13
-1 13
+2 52
+2 26
cfn=(1134)
calls=13 1608
* 312
+18 48
+6 42
+4 20
+9 20
-1 20
+1 60
+1 40
-1 1
-1 1
+1 3
+1 2
+2 21
+2 42
+5 21
+1 21
+2 63
+1 21
-45 21
-1 42
+1 126
-1 21
cfn=(1130) _int_free_maybe_consolidate
calls=21 +69
* 528
+1 3
-1 6
+1 18
-1 3
cfn=(1130)
calls=3 +69
* 279
+39 63
+16 3
+1 9
+1 6
-37 1
+1 1
-1 1
cfn=(1134)
calls=1 1608
* 24
+1 1
-47 72
-2 48

fn=(1130)
4770 264
+6 48
+22 253
-20 20
+3 15
+3 25
+1 4
+13 7
-13 1
cfn=(1132)
calls=1 2957
* 170

fn=(1170)
3024 2
+2 2
-1 2
+1 4
+2 2
-3 2
-1 2
+4 2
+3 4
+7 2
-8 2
+9 2
-8 2
+1 2
+6 6
+1 8
+3 2
+1 6
+6 2
-1 4
cfi=(278) ./misc/../sysdeps/unix/syscall-template.S
cfn=(1172) munmap
calls=2 117
* 12

fl=(93) ./wcsmbs/../sysdeps/x86_64/multiarch/wcslen.c
fn=(316) wcslen
29 1
fi=(90)
+12 2
-1 4
+2 3
+3 2
+4 3
+3 3
fe=(93)
-23 1

fl=(215)
fn=(746)
24 9
+1 8
+3 1
cob=(4)
cfi=(178)
cfn=(716)
calls=1 -28
* 16
+1 1
-1 1
+1 166
+2 82
+1 8
cob=(4)
cfi=(178)
cfn=(748)
calls=2 -32
* 54
* 4
+5 9

fl=(133) ./debug/../sysdeps/x86_64/multiarch/memmove_chk.c
fn=(422) __memmove_chk
29 1
fi=(95) ./debug/../sysdeps/x86_64/multiarch/ifunc-memmove.h
+28 3
-1 2
+4 3
+14 2
+3 2
+8 2
+8 2
+3 5
fe=(133)

fl=(282)
fn=(1206)
148 4
+1 1
-1 1
+1 3
+16 4

fl=(121) ./string/../sysdeps/x86_64/multiarch/strncase_l.c
fn=(382) strncasecmp_l
31 1
fi=(116)
+6 2
-1 4
fe=(121)
-5 2
fi=(116)
+7 3
+3 2
+4 3
+3 4
fe=(121)

fl=(114) ./string/../sysdeps/x86_64/multiarch/strncmp.c
fn=(368) strncmp
67 2
-23 4
-1 8
+24 4
-22 6
+3 4
+4 6
+3 8

fl=(123) ./string/../sysdeps/x86_64/multiarch/memcmp.c
fn=(390) bcmp
29 1
fi=(124) ./string/../sysdeps/x86_64/multiarch/ifunc-memcmp.h
+5 5
+1 2
+1 2
+1 3
+3 2
+4 3
+3 4
fe=(123)
-18 2

fl=(203)
fn=(754)
53 4
+2 4
+1 4
+1 4
+1 4
+1 4
+3 4
+1 4
+4 4
+1 4
+1 4
+1 4
+1 4
+1 4
+1 4
+1 4
+3 4
+8 4
+2 2
+2 4
+4 2
+1 4

fn=(706)
53 5655
+2 5655
+1 5655
+1 5655
+1 5655
+1 5655
+3 5655
+1 5655
+4 5655
+1 5655
+1 5655
+1 5655
+1 5655
+1 5655
+1 5655
+1 5654
+13 5654
+2 11308
+12 1
+1 1
+6 1
+1 2
+48 1
+4 1
+1 1
+1 1
+1 1
+1 1
+1 1
+1 1

fl=(208)
fn=(812)
106 12
+5 2
-1 2
+3 2
cfi=(209)
cfn=(814) _IO_link_in
calls=2 -26
* 178
+1 2
+1 6

fn=(972) _IO_file_seekoff@@GLIBC_2.2.5
901 52
+8 10
-60 6
+66 8
+3 4
+12 4
+13 8
-16 4
cfi=(209)
cfn=(850) _IO_switch_to_get_mode
calls=2 164
* 348
* 4
+49 4
cfi=(209)
cfn=(1150) _IO_free_backup_area
calls=2 187
* 44
+5 2
+1 2
-1 6
+1 2
+3 3
-1 1
+2 5
fi=(210)
+39 1
fe=(208)
-27 2
fi=(210)
+27 1
fe=(208)
-27 2
+37 4
cfi=(209)
cfn=(1156) _IO_unsave_markers
calls=2 -98
* 28
+1 2
fi=(210)
-11 4
+1 4
fe=(208)
+10 8
cfn=(974) _IO_file_seek
calls=2 1140
* 18
+1 4
+2 4
+1 2
+1 8
+14 44
915 8
-68 4
+4 2
-2 4
+2 2
+5 8
+34 4
-10 4
+3 2
fi=(210)
1025 6
+1 4
fe=(208)
883 8
cfn=(974)
calls=2 1140
* 18
+2 4
-5 2
-14 4
+7 4
+4 4

fn=(974)
1140 4
+1 8
cfi=(246) ./io/../sysdeps/unix/sysv/linux/lseek64.c
cfn=(976) lseek
calls=4 28
* 24

fn=(1192)
168 10
+1 2
-1 2
+1 2
+6 4
+1 6
-1 2
cfi=(209)
cfn=(1194) _IO_default_finish
calls=2 601
* 40

fn=(820)
213 24
+9 4
+2 14
+23 28
357 24
224 4
+23 12
+26 2
+8 8
cfn=(822) _IO_file_open
calls=2 -99
* 192
* 2
+3 4
+3 6
cfi=(227)
cfn=(826)
calls=2 77
* 118
* 2
+1 4
-74 1
+13 1
+1 2
+19 12

fn=(1112) _IO_file_sync@@GLIBC_2.2.5
793 3948
+5 2256
+2 564
+1 1128
+11 1128
+4 2820

fn=(724) _IO_file_overflow@@GLIBC_2.2.5
732 23448
+1 11724
+7 14647
+37 2927
-2 5854
+3 4
+3 6
+1 6
+5 2
+1 12
-45 8
+14 2
-2 8
+9 12
+5 12
+2 8
-5 4
+5 4
+1 4
-5 4
+1 4
+4 8
-7 4
+10 8
+13 2929
-12 2929
+1 2929
+11 11716
-12 2929
cfn=(728) _IO_do_write@@GLIBC_2.2.5
calls=2929 424
* 254245
+9 4
-1 2
+1 2
-1 2
cfn=(728)
calls=2 424
* 210
* 4
-12 8
+1 2
-28 4
cfi=(209)
cfn=(726) _IO_doallocbuf
calls=2 343
* 33
+1 2
+9 2
-9 10

fn=(732) _IO_file_write@@GLIBC_2.2.5
1174 23440
+2 11720
-1 5860
+6 2930
cfi=(211) ./io/../sysdeps/unix/sysv/linux/write.c
cfn=(734) write
calls=2930 25
* 23440
+1 5860
+5 2930
+1 2930
-12 5860
+4 8790
+1 5860
+10 8790
+1 6
+2 17580
-4 8790

fn=(822)
182 4
+3 2
-3 20
+2 4
+4 2
cfi=(226) ./io/../sysdeps/unix/sysv/linux/open64.c
cfn=(824) open
calls=2 30
* 74
* 2
+1 4
+3 4
+3 2
-4 2
+1 6
+3 2
-3 2
+3 2
+10 4
cfi=(209)
cfn=(814)
calls=2 87
* 42
+1 2
+1 12

fn=(1184)
128 14
+2 6
+4 4
+3 2
-3 2
-1 4
+6 2
+3 2
-3 2
cfi=(209)
cfn=(1156)
calls=2 937
* 28
+3 6
fi=(210)
1025 6
+1 4
fe=(208)
142 4
cfn=(1186) _IO_file_close
calls=2 1165
* 18
* 2
+3 6
+8 10
cfi=(209)
cfn=(842) _IO_setb
calls=2 329
* 408
+1 2
+3 2
-3 6
+3 2
cfi=(209)
cfn=(1180)
calls=2 53
* 8
+5 2
-4 2
+1 2
+3 2
-2 2
+3 14
-28 7
cfn=(728)
calls=1 424
* 109
* 2

fn=(722) _IO_file_xsputn@@GLIBC_2.2.5
1198 200956
+7 28708
-7 57416
+6 114832
+9 57416
-2 114832
+17 86124
+1 56244
+5 28122
+2 56244
+2 28122
-4 28122
+2 28122
+2 28122
-1 28122
-1 28122
cob=(4)
cfi=(178)
cfn=(958)
calls=28122 0
* 1859904
+2 28122
-2 28122
+4 56244
+28 258372
-68 586
+44 586
fi=(210)
1025 1758
+1 1172
fe=(208)
1244 2341
fi=(210)
1025 7023
+1 4682
fe=(208)
1244 8781
cfn=(724)
calls=2927 732
* 336116
* 5854
+6 5854
+1 12904
+2 7050
+11 5854
+1 9400
cfi=(209)
cfn=(956) _IO_default_xsputn
calls=2350 371
* 197163
+2 7050
-14 1154
446 1154
1251 577
444 577
-10 1154
+10 1
-10 2
+7 2312
fi=(210)
1025 1156
+1 1156
fe=(208)
449 2890
cfn=(732)
calls=578 1174
* 26590
+1 578
-1 578
+1 1734
+2 578
+4 1156
-3 1156
-1 1156
+4 1157
-2 1
1257 2
454 577
1257 1154
-1 1156
455 1157

fn=(728)
424 2932
+2 8796
+1 580
-3 7056
fi=(210)
1025 2352
fe=(208)
424 18816
+20 2352
-10 4704
+7 9408
fi=(210)
1025 4704
+1 4704
fe=(208)
449 9408
cfn=(732)
calls=2352 1174
* 108196
* 2352
+1 7056
+2 2352
+4 4704
-3 4704
-1 4704
+4 7054
-30 4700
+28 2350
-28 4700
+1 18800
-1 4
+28 2
-28 4
+1 16
+28 7054

fn=(834) _IO_file_xsgetn
1273 309430
+7 28130
-7 28130
+7 28130
+11 28130
fi=(210)
1025 28130
fe=(208)
1291 112520
+2 84390
+1 56260
-1 84378
+1 56252
+8 56252
+8 2
+9 84378
+1 112504
+41 225040
-57 56250
+1 28125
-1 28125
cob=(4)
cfi=(178)
cfn=(958)
calls=28125 0
* 11728125
+2 28125
-2 28125
+6 56250
fi=(232) ./libio/../string/bits/string_fortified.h
29 84390
cob=(4)
cfi=(178)
cfn=(710)
calls=28130 -29
* 675073
fe=(208)
1297 28130
-6 56260
+31 56252
cfi=(209)
cfn=(844) __underflow
calls=28126 269
* 3740757
* 56252
-39 3
+5 2
cfi=(209)
cfn=(726)
calls=1 343
* 293
* 1

fn=(838) _IO_file_stat
1147 2
+1 4
cfi=(230) ./io/../sysdeps/unix/sysv/linux/fstat64.c
cfn=(840) fstat
calls=2 30
* 12

fn=(1186)
1165 2
+3 4
cfi=(280)
cfn=(1188)
calls=2 25
* 12

fn=(846) _IO_file_underflow@@GLIBC_2.2.5
462 28126
+4 84378
-4 253134
+7 56252
+6 84378
+3 56252
+12 56252
fi=(210)
1025 28126
fe=(208)
506 56252
cfi=(209)
cfn=(850)
calls=28126 164
* 731276
+6 28126
+5 28126
-5 28126
fi=(210)
1025 56252
fe=(208)
512 28126
fi=(210)
1025 28126
fe=(208)
512 84378
fi=(210)
1026 56252
fe=(208)
517 112504
cfn=(852) _IO_file_read
calls=28126 1131
* 365638
+2 56252
+16 28126
-9 28126
+9 56252
+2 56252
+1 225008

fn=(852)
1131 28126
+3 28126
-1 28126
+1 56252
cfi=(231) ./io/../sysdeps/unix/sysv/linux/read.c
cfn=(854) read
calls=28126 25
* 225008

fl=(204)
fn=(708)
27 10175
+1 30525
-1 71225
+4 39572
+2 19222
+3 9611
fi=(266) ./stdio-common/../string/bits/string_fortified.h
-7 9611
fe=(204)
+8 19222
fi=(266)
-8 9611
fe=(204)
+12 9611
fi=(266)
-12 9611
cob=(4)
cfi=(178)
cfn=(710)
calls=9611 -29
* 171054
fe=(204)
+11 28833
-9 19222
+2 28833
+11 61050

fl=(207)
fn=(718)
52 2829
+13 2829
+1 2829
+1 2829
+3 2829
+2 2829
+1 2829
+3 2829
+1 2829
+8 2829
+1 2829
+1 2828
+5 5656
+26 1
+13 1
+1 1
+1 1
+6 2
+82 1
+15 1
+6 1
+1 1
+1 1

fl=(87) ./string/../sysdeps/x86_64/multiarch/strpbrk.c
fn=(304) strpbrk
29 1
fi=(291)
+7 5
fe=(87)
-7 1

fl=(260)
fn=(1072)
24 3383
+1 10149
-1 23681
+15 3383
-15 3383
+9 6766
+3 3383
fi=(266)
+23 3383
fe=(260)
-22 6766
fi=(266)
+22 6766
cob=(4)
cfi=(178)
cfn=(890)
calls=3383 -59
* 67080
fe=(260)
-19 10149
+3 6766
-10 10149
+11 20298

fl=(250)
fn=(1002)
27 566
+2 2264
+9 566

fl=(189) ./csu/../csu/libc-start.c
fn=(644) __libc_start_main@@GLIBC_2.34
242 13
+69 3
+1 3
cfi=(190) ./stdlib/./stdlib/cxa_atexit.c
cfn=(646) __cxa_atexit
calls=1 67
* 72
+25 6
+6 2
-3 2
+10 2
cob=(4)
cfi=(178)
cfn=(660)
calls=1 0
* 7
+2 2
+8 4
cfi=(191) ./csu/../sysdeps/nptl/libc_start_call_main.h
cfn=(664) (below main)
calls=1 29
* 11353696614
128 2
+6 3
+1 6
cob=(4)
cfi=(178)
cfn=(650)
calls=1 0
* 7
* 1
+3 1
+1 2
+3 2
+1 2
-1 1
+2 7
+1 4
cob=(7) /app/build_final/frontend/faac
cfi=(188) ???
cfn=(654) 0x0000000000004350
calls=1 0
* 12
-1 4

fl=(242)
fn=(938)
35 13
+3 13
+1 6
fi=(210)
979 2
+1 7
fe=(242)
95 9
-53 2
+1 2
+24 1
-22 2
+15 1
fi=(210)
1025 3
+1 2
fe=(242)
60 2
cfi=(229) ./libio/./libio/filedoalloc.c
cfn=(836) _IO_file_doallocate
calls=1 +18
* 264
* 1
+5 1
-5 2
+5 1
+2 1
-2 2
fi=(210)
980 3
fe=(242)

fl=(244)
fn=(968)
34 14
+3 18
+1 10
cfi=(245) ./libio/./libio/ioseekoff.c
cfn=(970) _IO_seekoff_unlocked
calls=2 -5
* 184
+1 2
fi=(210)
979 4
fe=(244)
39 4
fi=(210)
980 16
fe=(244)
45 4
+12 10
fi=(210)
979 6
fe=(244)
37 6

fl=(264) ./stdlib/../sysdeps/x86_64/lshift.S
fn=(1082) __mpn_lshift
28 2820
+1 2820
+1 2820
+2 2820
+1 2820
+1 2820
+12 2820
+1 2820
+1 2820
+1 2820
+1 2820
+1 2820
+1 2820
+6 2820
+1 2820
+1 2820

fl=(105) ./string/../sysdeps/x86_64/multiarch/strchr.c
fn=(346) index
65 2
-22 4
+1 2
-2 8
+2 4
+3 4
+4 6
+3 6
+11 2

fl=(91) ./string/../sysdeps/x86_64/multiarch/memset.c
fn=(312) memset
29 2
fi=(92) ./string/../sysdeps/x86_64/multiarch/ifunc-memset.h
+25 10
+3 6
+7 4
+9 4
+2 4
+10 4
+8 4
+3 10
fe=(91)

fl=(106) ./debug/../sysdeps/x86_64/multiarch/memset_chk.c
fn=(348) __memset_chk
29 2
fi=(107) ./debug/../sysdeps/x86_64/multiarch/ifunc-memset.h
+25 10
+3 6
+7 4
+9 4
+2 4
+10 4
+8 4
+3 10
fe=(106)

fl=(134) ./string/../sysdeps/x86_64/multiarch/stpcpy.c
fn=(426) stpcpy
33 1
fi=(120) ./string/../sysdeps/x86_64/multiarch/ifunc-strcpy.h
+5 2
+1 1
-1 2
+1 2
+3 2
+4 3
+3 3
fe=(134)
-16 1

fl=(125) ./wcsmbs/../sysdeps/x86_64/multiarch/wmemset.c
fn=(394) wmemset
31 2
fi=(126) ./wcsmbs/../sysdeps/x86_64/multiarch/ifunc-wmemset.h
+5 10
+1 6
fe=(125)
-6 2

fl=(195)
fn=(676)
30 4
+4 2
-4 10
+4 8
fi=(196)
+19 2
fe=(195)
-18 4
fi=(197) ./signal/../sysdeps/unix/sysv/linux/sigsetops.h
+67 2
fe=(195)
-61 2
+4 4
fi=(197)
+57 2
+2 2
-8 2
fe=(195)
-52 8
+1 2
cfi=(198)
cfn=(682)
calls=2 -19
* 168
* 2
+3 2
-3 4
+4 10

fl=(218)
fn=(766)
262 1
fi=(219) ./malloc/../sysdeps/unix/sysv/linux/not-cancel.h
97 3
fe=(218)
262 7
+5 1
fi=(219)
97 3
fi=(217)
3143 2
fe=(218)
292 2
+4 3
fi=(217)
1946 4
+3 1
-3 1
+3 2
-3 2
+3 126
-3 126
+3 252
-3 252
+11 1
fe=(218)
300 3
fi=(217)
1958 1
+2 1
fe=(218)
300 1
cob=(4)
cfi=(178)
cfn=(576)
calls=1 0
* 25
+1 4
cob=(4)
cfi=(178)
cfn=(576)
calls=1 0
* 26
+1 4
cob=(4)
cfi=(178)
cfn=(576)
calls=1 0
* 25
+1 4
cob=(4)
cfi=(178)
cfn=(576)
calls=1 0
* 25
+1 4
cob=(4)
cfi=(178)
cfn=(576)
calls=1 0
* 26
+1 4
cob=(4)
cfi=(178)
cfn=(576)
calls=1 0
* 25
+1 4
cob=(4)
cfi=(178)
cfn=(576)
calls=1 0
* 25
+2 4
cob=(4)
cfi=(178)
cfn=(576)
calls=1 0
* 25
+1 4
cob=(4)
cfi=(178)
cfn=(576)
calls=1 0
* 25
+1 4
cob=(4)
cfi=(178)
cfn=(576)
calls=1 0
* 25
+3 4
cob=(4)
cfi=(178)
cfn=(576)
calls=1 0
* 25
+1 4
cob=(4)
cfi=(178)
cfn=(576)
calls=1 0
* 25
+2 2
+10 8

fl=(288) ./posix/./posix/register-atfork.c
fn=(1226) __unregister_atfork
82 8
+1 8
-1 16
+1 8
fi=(289) ./posix/../malloc/dynarray-skeleton.c
243 4
fe=(288)
71 8
+38 16
+1 12

fl=(229)
fn=(836)
78 22
+6 8
fi=(210)
1025 6
+1 4
fe=(229)
84 6
cfi=(208)
cfn=(838)
calls=2 1147
* 18
* 4
+2 8
+11 8
+4 4
cob=(4)
cfi=(178)
cfn=(806)
calls=2 0
* 348
* 2
+1 4
+2 8
cfi=(209)
cfn=(842)
calls=2 329
* 58
+1 2
+1 18

fl=(190)
fn=(648) __new_exitfn
80 1
+6 2
-6 4
+11 2
-10 1
+10 4
+2 4
-2 1
+10 1
-10 3
+45 1
+5 3
-4 1
+4 2
-18 1
-1 1
+12 1

fn=(646)
67 7
-26 2
+2 8
+1 2
cfn=(648)
calls=1 +36
* 33
+2 2
+8 1
-2 1
+3 1
+1 1
-4 2
+1 1
+4 4
+1 1
+11 6

fl=(122) ./string/../sysdeps/x86_64/multiarch/strchrnul.c
fn=(386) strchrnul
31 1
fi=(86) ./string/../sysdeps/x86_64/multiarch/ifunc-avx2.h
+9 3
-2 4
fe=(122)
-7 2
fi=(86)
+10 2
+1 3
+3 2
+4 3
+3 5
fe=(122)

fl=(243)
fn=(954)
31 168822
+1 28137
-1 28137
+1 28137
-1 56274
+4 168822
+2 281370
+1 84412
+1 1
fi=(210)
1025 1
fe=(243)
39 1
fi=(210)
1025 1
+1 2
fe=(243)
39 28136
fi=(210)
1025 28136
fe=(243)
39 28136
fi=(210)
1025 28136
+1 56272
fe=(243)
39 140685
cfi=(208)
cfn=(722)
calls=28137 1198
* 3767727
+6 56274
fi=(210)
979 56274
fe=(243)
45 56274
+1 28137
+3 253233
-11 56272
fi=(210)
980 253233
fe=(243)
37 112548

fl=(275)
fn=(1110)
32 564
+1 1128
-1 2820
+7 1128
+1 564
fi=(210)
1025 1692
+1 1128
fe=(275)
40 1128
cfi=(208)
cfn=(1112)
calls=564 793
* 11844
* 1128
fi=(210)
979 1128
+1 4512
fe=(275)
44 2820
-5 5640

fl=(85) ./string/../sysdeps/x86_64/multiarch/strnlen.c
fn=(300) strnlen
31 2
fi=(86)
+9 6
-2 8
fe=(85)
-7 4
fi=(86)
+10 4
+1 6
+3 4
+4 6
+3 10
fe=(85)

fl=(199)
fn=(686)
43 16
+5 4
+2 2
fi=(296) ./signal/../string/bits/string_fortified.h
-21 2
fe=(199)
+29 2
fi=(296)
-29 4
fe=(199)
+21 2
+3 2
fi=(296)
-24 6
fe=(199)
+24 2
fi=(296)
-24 6
fe=(199)
+24 4
fi=(296)
-24 2
fe=(199)
+29 2
-5 2
+5 6
fi=(296)
-29 12
fe=(199)
+29 12
+5 8
+2 2
fi=(296)
-36 10
fe=(199)
+36 2
fi=(296)
-36 6
fe=(199)
+38 2
fi=(296)
-38 6
fe=(199)
+38 2
+1 2
fi=(296)
-39 2
fe=(199)
+39 2
fi=(296)
-39 8
fe=(199)
+42 12

fl=(212) ./stdio-common/./stdio-common/Xprintf_buffer_done.c
fn=(736) __printf_buffer_done
25 571
+1 1713
+5 1142
+2 6852
+7 571

fl=(267) ./stdlib/../sysdeps/x86_64/rshift.S
fn=(1088) __mpn_rshift
28 4254
+1 4254
+1 4254
+1 4254
+13 4254
+1 4254
+16 4254
+1 4254
+1 4254
+1 4254
+1 4254
+1 4254
+1 4254
+5 4254
+1 4254
+1 4254
+1 4254
+1 4254

fl=(271) ./stdlib/../sysdeps/x86_64/mul_1.S
fn=(1098) __mpn_mul_1
31 12329
+1 12329
+3 12329
+1 12329
+1 12329
+1 12329
+1 12329
+2 12329
+1 12329
+2 12329
+1 12329
+1 12329
+1 12329
+1 11725
+2 11725
+1 11725
+1 11725
+1 11725
+26 604
+1 604
+1 604
+1 604
+1 604
+1 604
+1 604
+1 604
+1 604
+26 604
+1 604
+1 604
+2 604
+1 604
+1 604
+1 604
+1 604
+1 604
+2 604
+3 604
-5 11725
+2 11725
+3 11725

fl=(108) ./string/../sysdeps/x86_64/multiarch/strrchr.c
fn=(352) rindex
28 2
fi=(86)
+12 6
-2 8
fe=(108)
-10 4
fi=(86)
+13 4
+1 6
+3 4
+4 6
+3 10
fe=(108)

fl=(135) ./string/../sysdeps/x86_64/multiarch/memmove.c
fn=(430) memmove
29 2
fi=(101)
+28 6
-1 4
+4 6
+14 4
+3 4
+8 4
+8 4
+3 10
fe=(135)

fl=(200)
fn=(694)
25 12485
+3 1128
+4 564
-4 564
+4 564
+1 564
-1 564
-4 564
+4 1692
+1 564
cfi=(201)
cfn=(696)
calls=564 1522
* 5374986
-8 21
+3 14
+4 7
-4 7
+4 7
+1 7
-1 7
-4 7
+4 21
+1 7
cfi=(201)
cfn=(696)
calls=7 1522
* 5611
+4 2855

fl=(83) ./string/../sysdeps/x86/cacheinfo.c
fn=(296) __x86_cacheinfo
86 1
fi=(84) ./string/../sysdeps/x86/cacheinfo.h
-27 1
+3 3
+2 1
+1 1
-1 2
+7 3
+2 1
+1 1
-1 2
+5 2
+2 2
+1 2
+1 2
+2 2
+2 2
fe=(83)

fl=(247)
fn=(980)
169 1697
+3 6788
+2 3394
+9 94408
+9 3394

fl=(238)
fn=(892)
158 87784
+1 175568
+5 87784
+1 87784
+1 84401
+1 84401
+1 84401
+13 15
+1 15
+2 30
+53 84401
+1 84401
+6 56267
+1 56267
+12 56267
+3 56267
+1 56267
+12 56252
+1 56252
+13 56252
+1 56252
+2 56252
+18 56252
+1 56252
+1 56252
+1 56252
+3 112504
+11 28134
+1 28134
+1 28134
+1 230501926
+1 28134
+1 56268
+7 3383
+9 3383
+1 3383
+5 3383
+1 3383
+1 3383
+1 3383
+1 3363
+1 3363
+1 520
+1 520
+2 520
+42 20
+1 20
+5 20
+7 2843
+1 2843
+1 2843
+5 2843

fl=(246)
fn=(976)
28 4
+12 16
+2 4

fl=(225) ./nptl/./nptl/libc-cleanup.c
fn=(816) __libc_cleanup_push_defer
24 6
+1 6
+2 12
+2 12
+3 12
+14 18
+2 6
+1 6

fn=(818) __libc_cleanup_pop_restore
54 6
+1 6
+2 12
+2 6
+1 18
+11 6

fl=(94) ./debug/../sysdeps/x86_64/multiarch/mempcpy_chk.c
fn=(320) __mempcpy_chk
29 1
fi=(95)
+28 3
-1 2
+4 3
+14 2
+3 2
+8 2
+8 2
+3 5
fe=(94)

fl=(276)
fn=(1142)
27 7
+1 1
-1 3
+1 1
cob=(4)
cfi=(178)
cfn=(716)
calls=1 -28
* 16
+1 2
+4 1
-1 3
+1 4
-1 1
cob=(4)
cfi=(178)
cfn=(710)
calls=1 -32
* 17

fl=(205)
fn=(712)
255 99089
+1 99089
+6 99089
+1 99089
+2 84385
+1 84385
+1 84385
+3 56259
+1 56259
+1 56259
+3 112518
+30 14704
+1 14704
+2 9634
+1 9634
+2 9623
+4 9623
+1 4127
+1 4127
+1 4127
+1 4127
+1 1792
+1 1792
+2 1792
+2 1792
-2 2335
+2 2335
+6 5496
+1 5496
+1 5496
+1 5496
+1 5496
+7 5070
+1 5070
+1 5070
+1 5070
+2 5070
+17 11
+1 11
+1 11
+1 11
+1 11
+7 28125
+1 28125
+1 28125
+1 28125
+1 28125
+1 28125
+1 56250
+5 28126
+1 28126
+5 28125
+1 28125
+2 28125
+1 28125
+1 28125
563 1
+7 1
+1 1
+30 1
+1 1
+4 1
+2 1
+3 1
+4 1
+1 1
+4 1
+4 1
+24 1
+2 1
+2 1
+2 1
+3 1
+1 1
+2 16393
+3 1
+2 1
+2 2

fn=(788)
249 1
+1 1
+1 5
+4 1
+1 1
+6 1
+1 1
+42 1
+1 1
+36 1
+1 1
+1 1
+1 1
+2 1

fn=(960)
242 58477
+1 58477
+1 58477
+1 58477
+17 58477
+1 58477
+2 58169
+1 58169
+1 58169
+3 424
+1 424
+1 424
+3 848
+30 308
+1 308
+2 121
+1 121
+2 55
+4 55
+1 24
+1 24
+1 24
+1 24
+1 16
+1 16
+2 16
+2 16
-2 8
+2 8
+6 31
+1 31
+1 31
+1 31
+1 31
+7 187
+1 187
+1 187
+1 187
+2 187
+17 66
+1 66
+1 66
+1 66
+1 66
+7 866
+1 866
+1 866
+1 866
+1 866
+1 866
+1 1732
+5 57745
+1 57745
+5 57745
+1 57745
+2 2715
+1 2715
+1 2715
+2 1849
+1 1849
+1 1849
+1 1849
+1 1849
+1 1849
+1 1849
+1 1849
+1 1849
+1 1849
+1 1849
+1 1849
+1 1849
+1 1849
+1 3698
+4 55030
+1 55030
+4 55030
+2 55030
+4 55030
+1 55030
+11 55030
+3 55030
+2 55030
+2 55030
+4 55030
+1 55030
+9 53313
+1 53313
+2 53313
+2 53313
+1 53313
+1 53313
+3 53313
+2 53313
+2 53313
+2 106626
+6 53313
+1 53313
+1 53313
+1 53313
+1 53313
+1 53313
+1 53313
+1 53313
+1 53313
+1 53313
+1 53313
+1 53313
-11 868754
+1 868754
+1 868754
+1 868754
+1 868754
+1 868754
+1 868754
+1 868754
+1 868754
+1 868754
+1 868754
+1 868754
+2 53313
+1 53313
+1 53313
+1 53313
+2 53313
+4 106626
+13 1717
+1 1717
+2 1717
+1 1717
+1 1717
+2 1717
+2 1717
+2 3434
+6 1717
+1 1717
+1 1717
+1 1717
+1 1717
+1 1717
+1 1717
+1 1717
+1 1717
+1 1717
+1 1717
+1 1717
-11 1717
+1 1717
+1 1717
+1 1717
+1 1717
+1 1717
+1 1717
+1 1717
+1 1717
+1 1717
+1 1717
+1 1717
+2 1717
+1 1717
+1 1717
+1 1717
+2 1717
+1 3434

fl=(261)
fn=(1078) __printf_fp_buffer_1.isra.0
138 50760
+21 2820
+18 2820
+10 2820
-28 19740
+62 5640
1030 31020
226 8460
+4 19740
+36 2820
+5 2820
-49 2820
+44 11280
+1 2820
+1 5640
+3 36660
+1 2820
-1 2820
+1 8460
-1 2820
+1 5640
-1 2820
+1 22560
+1 2820
-1 5640
+1 36660
+6 2820
-6 5640
+7 5640
+17 2148
+4 8592
-4 4296
+16 4296
+11 2148
-41 2148
+10 2148
+31 2148
-30 15036
+33 8835
+41 2945
+1 2945
-1 2945
+1 8835
fi=(266)
29 2945
cob=(4)
cfi=(178)
cfn=(710)
calls=2945 -29
* 38285
fe=(261)
385 13556
+18 1416
-9 1416
+2 2832
-2 24387
+2 48774
-74 51552
-4 25776
+4 105252
-4 2148
+4 8592
+15 3537
-13 7074
+53 592
-2 3552
cfi=(274) ./stdlib/./stdlib/mul.c
cfn=(1106) __mpn_mul
calls=592 48
* 45584
+5 1184
+1 1184
fi=(266)
29 4242
fe=(261)
388 4242
fi=(266)
29 2121
cob=(4)
cfi=(178)
cfn=(710)
calls=2121 -29
* 27573
fe=(261)
389 6363
+1 6363
+1 2121
+3 2121
-4 2121
-1 2121
+1 2121
+1 6363
+5 4242
+1 4296
+6 4296
+4 2121
+4 2121
-4 2121
+4 6363
-4 21210
+6 4242
665 2820
+9 2820
-9 2820
+9 2820
+6 2820
-15 2820
+9 5640
+6 2820
-6 5640
+2 5640
+10 5640
+52 5616
+8 5640
fi=(269) ./stdio-common/../sysdeps/pthread/allocalim.h
27 2820
fe=(261)
746 2820
fi=(269)
27 2820
cfi=(268) ./nptl/./nptl/alloca_cutoff.c
cfn=(1090) __libc_alloca_cutoff
calls=2820 *
* 31020
+2 5640
fe=(261)
759 39480
fi=(269)
29 2820
fe=(261)
759 8460
+4 2820
-3 5640
+3 5664
+3 8424
+7 16848
+2 5616
-4 2808
+4 2808
+14 5616
-2 2808
+1 14040
+1 2808
+1 5616
-1 24
-2 12
+1 60
+1 12
+1 24
-1 3384
+1 12408
91 3384
792 3384
+2 3384
91 6794
+2 3382
+2 6764
-2 6764
+8 4242
+4 12726
cfi=(270) ./stdlib/./stdlib/divrem.c
cfn=(1096) __mpn_divrem
calls=2121 -59
* 96690
+2 2121
+4 2121
-6 2121
+2 6363
+1 2121
+2 4242
+1 8484
+7 2121
+4 6363
cfi=(271)
cfn=(1098)
calls=2121 -91
* 44541
+1 4242
+1 9005
793 1801
+1 3602
-1 1581
+1 3162
+1 6768
230 16920
cfi=(263)
cfn=(1080)
calls=2820 33
* 62041
* 11280
+4 2820
382 1776
91 65
793 2
+3 996
95 1261
+1 3783
-1 2522
+1 1261
cfi=(271)
cfn=(1098)
calls=1261 -65
* 26481
* 1261
+31 3783
805 14100
+1 8460
cfn=(1094) hack_digit
calls=2820 88
* 285020
+2 5640
-2 2820
+2 14100
+2 1593
+3 912
+5 246
-8 246
+8 312
-9 530
fi=(272) ./stdio-common/../sysdeps/generic/get-rounding-mode.h
94 530
+1 2120
-1 2290
+1 17620
fi=(273) ./stdio-common/../include/rounding-mode.h
-37 1322
fe=(261)
935 1365
-11 4470
+7 2980
+4 5640
+45 14100
+3 5640
+8 5640
-4 2820
+4 2820
+5 5640
-9 11280
+9 9024
fi=(248)
163 6768
+1 4516
cfi=(260)
cfn=(1072)
calls=1129 24
* 62094
fe=(261)
999 10153
+2 6768
+5 5640
fi=(248)
163 6768
fe=(261)
1009 8460
+13 11280
cfi=(204)
cfn=(708)
calls=2820 27
* 155502
+2 8460
fi=(248)
163 1692
+1 2252
cfi=(260)
cfn=(1072)
calls=563 24
* 30952
fe=(261)
1028 8460
483 1344
655 1980
+4 1320
cfi=(264)
cfn=(1082)
calls=660 28
* 10560
* 660
+1 3300
+1 1320
385 10611
cfi=(265) ./stdlib/./stdlib/cmp.c
cfn=(1084) __mpn_cmp
calls=3537 31
* 42528
* 7074
+3 4242
fi=(273)
52 8550
fe=(261)
835 1455
-5 2910
+5 6442
+2 146
-2 730
+3 290
+2 4740
+1 375
+1 2910
+2 2660
+80 3990
-69 2660
+69 375
-69 250
+80 1330
-11 3990
766 8424
-35 60
858 375
+3 875
+1 7
-1 283
+3 375
+2 124
+69 248
688 5640
+1 5640
+3 8460
+2 2808
+2 5616
+42 5616
994 11280
+2 6204
308 2148
-2 2148
+2 2148
-3 2148
+3 8592
-3 4296
cfi=(264)
cfn=(1082)
calls=2148 28
* 34368
+4 4296
-4 2148
+4 15036
+1 4296
+1 16356
766 8424
+3 5616
cfn=(1094)
calls=2808 88
* 287305
* 5430
cfn=(1094)
calls=2715 88
* 324811
* 5523
-3 19377
+15 12
+2 12
669 24
782 12
-1 12
+2 36
+27 225
+3 150
+57 3
+44 5
499 36
cfi=(264)
cfn=(1082)
calls=12 28
* 192
+1 60
+1 24
+3 12
-8 12
+7 12
+1 12
-18 12
+18 24
+2 12
+21 4
+4 2
-4 6
+4 2
-4 2
+5 2
-1 4
+1 2
+1 4
-2 2
+2 2
-2 2
+2 2
+2 4
+5 8
+22 6
+61 144
-2 144
+2 552
509 144
+2 288
+7 2
+1 4
-1 2
+2 2
-2 2
+4 2
-4 4
+6 8
cfi=(274)
cfn=(1106)
calls=2 48
* 154
* 2
+52 4
+3 6
+34 6
cfi=(267)
cfn=(1088)
calls=2 28
* 36
+3 6
+7 4
-53 2
+1 6
-1 2
+1 2
+4 6
+72 36
+54 24
-12 36
1003 4512
625 24
+4 50
cfi=(271)
cfn=(1098)
calls=10 31
* 330
+1 10
+1 10
-1 10
+1 20
+3 10
-1 10
+1 10
-1 10
+3 10
-2 40
+9 10
+1 10
-1 10
+2 20
439 4242
+3 16968
+16 6363
+2 2121
-2 2121
cfi=(267)
cfn=(1088)
calls=2121 28
* 38178
+3 4242
-1 2121
+1 2121
-1 2121
+1 6363
cfi=(267)
cfn=(1088)
calls=2121 28
* 38178
+2 12926
+14 4242
845 125
+10 125
-10 125
+36 3
+26 1
+1 3
-1 4
+1 1
694 22464
-52 10
cfi=(267)
cfn=(1088)
calls=10 28
* 180
+3 20
834 2620
580 4
+7 6
+3 8

fn=(1074)
1099 33840
+3 2820
-3 19740
+3 5640
+13 5640
+2 2820
-2 2820
cob=(4)
cfi=(178)
cfn=(716)
calls=2820 0
* 45120
* 5640
+1 14100
+31 31020
-30 5640
fi=(262) ./stdio-common/../include/../locale/localeinfo.h
331 5640
fe=(261)
1111 2820
fi=(262)
331 2820
fe=(261)
1112 5640
+10 19740
cfn=(1078)
calls=2820 138
* 3415211
+4 2820

fn=(1094)
88 33372
+3 8343
-3 8343
+3 16710
+2 8343
+2 16686
-2 16686
+8 13914
+21 20871
cfi=(271)
cfn=(1098)
calls=6957 -91
* 146097
+1 13914
+1 30345
+4 34785
-23 41742
cfi=(270)
cfn=(1096)
calls=6957 -59
* 321520
+2 6957
-2 6957
+2 20871
+3 6957
-2 6957
+2 6957
+1 41742
+11 6957
-4 13914
-23 1386
+1 4158
-1 1386
+1 1386
cfi=(271)
cfn=(1098)
calls=1386 -65
* 29106
+31 1386
-31 1386
+32 6930
-37 72

fl=(109) ./wcsmbs/../sysdeps/x86_64/multiarch/wcscmp.c
fn=(356) wcscmp
30 1
fi=(103) ./wcsmbs/../sysdeps/x86_64/multiarch/ifunc-avx2.h
+10 3
-2 4
fe=(109)
-8 2
fi=(103)
+11 2
+1 3
+3 2
+4 3
+3 5
fe=(109)

fl=(127) ./string/../sysdeps/x86_64/multiarch/strcpy.c
fn=(398) strcpy
29 1
fi=(120)
+9 2
+1 1
-1 2
+1 2
+3 2
+4 3
+3 3
fe=(127)
-20 1

fl=(191)
fn=(664)
29 4
+15 1
-15 5
+15 1
cfi=(192) ./setjmp/../sysdeps/x86_64/bsd-_setjmp.S
cfn=(666) _setjmp
calls=1 -16
* 38
* 1
+2 2
+5 2
+1 2
+3 2
+3 6
cob=(7)
cfi=(188)
cfn=(672) main
calls=1 -58
* 11353694607
+16 2
cfi=(281)
cfn=(1202)
calls=1 +63
* 1941

fl=(213)
fn=(740)
30 8
+1 4
-1 4
+1 12
cfi=(214)
cfn=(742)
calls=4 706
* 2910
+2 8

fl=(285) ./nptl/./nptl/pthread_mutex_unlock.c
fn=(1212) pthread_mutex_unlock@@GLIBC_2.2.5
367 1
51 3
+1 2
367 3
57 2
+8 1
-3 1
-23 1
+1 4
+1 1
+29 1
+2 1
369 2
74 2
+6 4
+4 3
+3 2

fl=(265)
fn=(1084)
31 3537
+4 7102
+2 3551
+1 3551
+1 7102
+8 17685

fl=(230)
fn=(840)
30 2
+9 8
+33 2

fl=(249)
fn=(986)
32 18
+3 4
+1 8
+5 2
-5 4
+5 8
-5 2
cfi=(209)
cfn=(988) __overflow
calls=2 199
* 330

fl=(88) ./string/../sysdeps/x86_64/multiarch/strcmp.c
fn=(306) strcmp
79 2
-31 4
+1 2
-2 8
+2 4
+3 4
+4 6
+3 6
+20 2

fl=(118) ./wcsmbs/../sysdeps/x86_64/multiarch/wcscpy.c
fn=(376) wcscpy
60 1
-17 2
-1 4
+2 3
+2 2
+4 3
+10 1

fl=(138) ./string/../sysdeps/x86_64/multiarch/strspn.c
fn=(438) strspn
29 1
fi=(291)
+7 5
fe=(138)
-7 1

fl=(202)
fn=(698)
108 571
+1 571
fi=(248)
+18 571
fe=(202)
-18 571
fi=(248)
+28 571
-9 571
+9 571
-13 571
fe=(202)
-13 571
fi=(248)
+13 571
fe=(202)
-12 571
cfn=(700) __printf_buffer_to_file_switch
calls=571 -83
* 7423

fn=(700)
29 1142
+1 5710
+10 1142
+1 1142
+3 4568
+1 1142

fn=(720)
117 571
+1 1713
-1 571
-64 571
+64 3426
-66 2284
+2 1713
+69 571
-1 571
+1 2284
-1 571
cfi=(212)
cfn=(736)
calls=571 -96
* 10849
-56 1142
cfn=(700)
calls=571 -36
* 7423
+1 571
-8 571
+1 571
fi=(297) ./stdio-common/../libio/libioP.h
1025 571
fe=(202)
58 571
+1 571
-1 571
fi=(297)
1025 1142
+1 1142
fe=(202)
59 1142
cfi=(208)
cfn=(722)
calls=571 1198
* 97700
* 1142

fl=(278)
fn=(1172)
117 10
+5 2

fl=(177)
fn=(574)
55 2
+1 2
-1 2
+1 2
-1 4
+1 1
cob=(4)
cfi=(178)
cfn=(576)
calls=1 -56
* 26
+2 4
cob=(4)
cfi=(178)
cfn=(576)
calls=1 -58
* 25
+2 4
cob=(4)
cfi=(178)
cfn=(576)
calls=1 -60
* 26
+2 6

fl=(129) ./string/../sysdeps/x86_64/multiarch/strlen.c
fn=(410) strlen
29 2
fi=(86)
+11 6
-2 8
fe=(129)
-9 4
fi=(86)
+12 4
+1 6
+3 4
+4 6
+3 10
fe=(129)

fl=(231)
fn=(854)
25 28126
+1 168756
+1 28126

fl=(287)
fn=(1224)
30 8
+3 8
-3 32
+3 20
+3 16
+4 28
-4 12
+57 16
+4 24
-4 12
+12 8
cfi=(288)
cfn=(1226)
calls=4 -23
* 80
+1 16
+1 32

fl=(96) ./debug/../sysdeps/x86_64/multiarch/memcpy_chk.c
fn=(324) __memcpy_chk
29 2
fi=(95)
+28 6
-1 4
+4 6
+14 4
+3 4
+8 4
+8 4
+3 10
fe=(96)

fl=(228)
fn=(830)
31 196910
+1 28130
-1 28130
+1 28130
-1 28130
+4 168780
+2 281300
+1 112520
cfi=(209)
cfn=(832) _IO_sgetn
calls=28130 409
* 18394544
fi=(210)
979 56260
+1 253170
fe=(228)
40 56260
+1 253170
-1 56260
-3 112520

fl=(237)
fn=(888)
33 14
+2 10
+14 21
-9 4
cob=(4)
cfi=(178)
cfn=(576)
calls=1 -40
* 26
* 3
+7 1
+1 1

fl=(270)
fn=(1096)
46 127092
+3 18156
234 81702
62 9078
+1 9078
-16 9078
+18 18156
+7 51564
+1 8110
-1 16220
+1 16220
-1 16220
+4 18156
+3 9078
+2 9078
-13 408
-1 408
+1 408

fl=(102) ./wcsmbs/../sysdeps/x86_64/multiarch/wcscat.c
fn=(340) wcschr
31 2
fi=(103)
+9 6
-2 8
fi=(104) ./wcsmbs/../sysdeps/x86_64/multiarch/wcschr.c
-7 4
fi=(103)
+10 4
+1 6
+3 4
+4 6
+3 10
fe=(102)

fn=(406) wcscat
31 1
fi=(99)
+9 3
-1 4
+2 3
+3 2
+4 4
fe=(102)
-17 1

fl=(110) ./string/../sysdeps/x86_64/multiarch/stpncpy.c
fn=(360) stpncpy
31 1
fi=(111) ./string/../sysdeps/x86_64/multiarch/ifunc-strncpy.h
+4 5
+1 3
+3 2
+4 3
+3 4
fe=(110)
-15 1

fl=(174)
fn=(568)
29 1
+2 7
+2 4
+2 4
+1 1

fl=(277)
fn=(1148)
32 22
+3 18
+1 10
cfi=(245)
cfn=(970)
calls=2 -3
* 667
* 8
fi=(210)
979 4
+1 16
fe=(277)
39 14
-4 6

fl=(284) ./nptl/./nptl/pthread_mutex_lock.c
fn=(1210) pthread_mutex_lock@@GLIBC_2.2.5
77 1
+3 3
+2 1
+2 2
-7 4
+11 2
+91 1
+3 1
+2 1
+3 1
-63 1
+66 3
-93 2
+11 4
+4 1
+3 2
-71 1
+1 7
+1 1
+84 3
+1 2

fl=(290)
fn=(1302)
27 2
+3 2

fl=(192)
fn=(666)
28 1
+2 1
+2 1
cfi=(193)
cfn=(668)
calls=1 -1
* 35

fl=(221)
fn=(778)
37 56
+3 7
+3 7
-3 7
+3 7
+35 21
-20 14
+4 14
+4 13
+2 2
-2 3
+8 1
cfi=(222)
cfn=(780)
calls=1 -38
* 9
* 3
cfi=(222)
cfn=(780)
calls=3 -38
* 27
* 8
+4 28
-19 2
cfi=(222)
cfn=(780)
calls=1 -23
* 9
* 2
+4 2

fl=(245)
fn=(970)
33 4
+1 8
-1 24
+10 14
+16 4
fi=(298) ./libio/../libio/libioP.h
1025 12
+1 8
fe=(245)
59 4
+1 4
-1 4
+1 12
-1 4
cfi=(208)
cfn=(972)
calls=4 901
* 745
-16 4

fl=(184)
fn=(616)
53 2
+1 2
+1 2
+2 2
+1 2
+4 2
+1 2
+1 2
+3 2
+2 2
+1 2
+1 2
+1 2
+3 2
+1 2
+2 2
+1 2
+1 2
+1 2
+1 2
+9 4

fl=(119) ./string/../sysdeps/x86_64/multiarch/strcat.c
fn=(378) strcat
29 1
fi=(120)
+9 2
+1 1
-1 2
+1 2
+3 2
+4 3
+3 3
fe=(119)
-20 1

fl=(268)
fn=(1090)
27 2820
+1 25380
+7 2820

fl=(141) ./string/../sysdeps/x86_64/multiarch/strncase.c
fn=(448) strncasecmp
31 1
fi=(116)
+6 2
-1 4
fe=(141)
-5 2
fi=(116)
+7 3
+3 2
+4 3
+3 4
fe=(141)

fl=(112) ./wcsmbs/../sysdeps/x86_64/multiarch/wmemchr.c
fn=(364) wmemchr
31 2
fi=(113) ./wcsmbs/../sysdeps/x86_64/multiarch/ifunc-evex.h
+7 6
-1 8
+2 6
+6 4
-3 4
+9 6
+3 8
fe=(112)
-23 2

fl=(97) ./string/../sysdeps/x86_64/multiarch/memrchr.c
fn=(328) memrchr
29 1
fi=(86)
+11 3
-2 4
fe=(97)
-9 2
fi=(86)
+12 2
+1 3
+3 2
+4 3
+3 5
fe=(97)

fl=(233)
fn=(864)
34 182
+3 52
+1 156
+5 130

fl=(211)
fn=(734)
25 2930
+1 17580
+1 2930

fl=(226)
fn=(824)
30 4
+3 2
-3 20
+3 8
+8 16
+2 16
-7 1
+5 1
-5 3
+1 1
-1 1
+5 1

fl=(274)
fn=(1106)
48 10098
+6 1188
+12 1188
+76 6534
-71 594
+1 1188
+69 594
-60 1188
cfi=(271)
cfn=(1098)
calls=594 -50
* 19602
* 1188
+2 594
+1 594
+4 1188

fl=(209)
fn=(808)
563 22
+1 2
cfn=(810) _IO_old_init
calls=2 -33
* 50
+1 2
+1 4
+2 2
+4 2
+7 2
+2 2
-9 10
+15 2
+1 12

fn=(1156)
937 24
+2 8
+5 12
+2 12

fn=(1180)
53 4
+1 8
+28 4
cfn=(1182) __GI__IO_un_link.part.0
calls=2 -30
* 200

fn=(1182)
52 8
+6 2
-6 4
+6 2
-6 8
+6 8
cfi=(225)
cfn=(816)
calls=2 -34
* 26
+1 14
+2 2
-1 2
+1 20
+4 4
+9 4
+2 12
+3 4
cfi=(225)
cfn=(818)
calls=2 -25
* 18
+3 18
-19 2
-2 4
+2 4
+13 6
+2 2
-2 2
+1 2
+1 10
-12 6
-7 6

fn=(1298) _IO_flush_all
686 5
+5 1
-5 1
+5 1
-5 6
+5 4
cfi=(225)
cfn=(816)
calls=1 24
* 13
+1 6
-5 1
fi=(210)
1025 2
fe=(209)
708 33
+1 3
-14 9
+2 3
+1 27
+2 21
+13 7
+1 2
cfi=(225)
cfn=(818)
calls=1 54
* 9
+4 12
-20 9
-6 2
-5 2
+8 1
-3 1
+3 2

fn=(814)
87 28
+1 20
+18 36
-16 2
+2 6
-2 2
+2 8
cfi=(225)
cfn=(816)
calls=2 -68
* 26
+1 14
+10 4
cfi=(225)
cfn=(818)
calls=2 -49
* 18
+3 2
-11 10
+2 2
-2 2
+3 2
-3 2
+2 2
+3 8
+2 2
-2 2
+1 2
+1 10
-9 4
+1 2
+1 4

fn=(988)
199 10
+2 6
+2 2
fi=(210)
1025 6
+1 4
fe=(209)
203 2
+1 4
-1 2
cfi=(208)
cfn=(724)
calls=2 732
* 294

fn=(810)
531 2
+3 2
-2 2
+2 2
+5 2
-7 2
+2 2
+10 2
-10 2
+16 2
-11 2
-5 2
+16 2
-16 2
+21 2
-16 10
+16 4
+1 4
+2 2

fn=(850)
164 168768
+1 84384
+1 2
fi=(210)
1025 6
+1 4
fe=(209)
166 6
cfi=(208)
cfn=(724)
calls=2 732
* 272
* 4
+7 2
-5 84384
+4 56256
+1 56256
+7 28128
-4 28128
+4 28128
-2 56256
+3 28128
+1 112512

fn=(956)
371 25850
+3 9400
fi=(210)
1025 2350
fe=(209)
373 4700
+16 240
+8 2350
+2 4700
-20 9400
+2 2350
+1 4700
+2 4700
+2 4460
+1 2230
-1 2230
cob=(4)
cfi=(178)
cfn=(958)
calls=2230 0
* 88093
* 2230
+1 2230
-12 2350
+29 18800
-11 591
-4 231
+5 362
-1 543
+2 622
-1 33
-1 99
+1 33
-1 66
+1 134
-1 134
+1 106
-1 106
+1 78
-1 78
+1 46
-1 46
+1 24
-1 24
+1 14
-1 14
+1 3
+1 6
-1 3
+1 6
-6 86
+5 176
-1 136

fn=(1296)
842 6
-66 1
+66 6
+1 1
cfn=(1298)
calls=1 686
* 183
-67 2
+67 1
-67 3
cfi=(225)
cfn=(816)
calls=1 24
* 13
+1 6
fi=(210)
1025 1
fe=(209)
785 1
-1 1
+1 4
-1 2
+1 25
+9 6
+20 2
+2 4
+1 3
-37 9
+41 7
+1 2
cfi=(225)
cfn=(818)
calls=1 54
* 9
+33 12
-78 2
+39 24
-2 1
+2 1
-31 6
+7 7
-15 1
+3 2
-3 1
+3 2

fn=(842)
329 44
+1 20
+5 8
-3 4
+3 8
-2 4
+2 8
+3 24
-7 2
cob=(4)
cfi=(178)
cfn=(1152)
calls=2 0
* 340
+4 4

fn=(832)
409 56260
fi=(210)
1025 28130
fe=(209)
409 84390
+2 28130
fi=(210)
1025 56260
+1 56260
fe=(209)
411 28130
+1 56260
-1 28130
cfi=(208)
cfn=(834)
calls=28130 1273
* 17972594

fn=(1150)
187 12
+1 4
+2 4
cob=(4)
cfi=(178)
cfn=(1152)
calls=2 0
* 12
+1 2
+1 2
-1 2
+3 6

fn=(1194)
601 12
+2 6
+6 6
+3 6
54 4
624 6

fn=(726)
343 3
+1 7
-1 14
+3 9
+1 1
fi=(210)
1025 3
+1 2
fe=(209)
347 2
cfi=(229)
cfn=(836)
calls=1 78
* 264
* 2
-10 1
-5 1
+1 1
+4 1
+13 12
-1 2
-19 1

fn=(844)
269 140630
+1 28126
-1 28126
+1 56253
+5 84378
+3 28126
173 28126
278 56252
+2 56252
+6 56252
+7 28126
fi=(210)
1025 84378
+1 56252
fe=(209)
293 56252
+1 84378
-1 28126
cfi=(208)
cfn=(846)
calls=28126 462
* 2700096
-23 56250
+21 84378

fl=(130) ./string/../sysdeps/x86_64/multiarch/strncpy.c
fn=(414) strncpy
29 1
fi=(111)
+6 5
+1 3
+3 2
+4 3
+3 4
fe=(130)
-17 1

fl=(179)
fn=(578)
92 2
+4 1
-4 2
+4 2
-4 1
+4 1
-4 3
+4 1
cob=(4)
cfi=(178)
cfn=(576)
calls=1 -96
* 26
+2 4
cob=(4)
cfi=(178)
cfn=(576)
calls=1 -98
* 26
+2 4
cob=(4)
cfi=(178)
cfn=(576)
calls=1 0
* 26
+2 4
cob=(4)
cfi=(178)
cfn=(576)
calls=1 0
* 26
+2 4
cob=(4)
cfi=(178)
cfn=(576)
calls=1 0
* 26
+3 3
+1 1
+1 6

fl=(236)
fn=(886)
47 2
+3 4
-3 12
+6 4
+5 12
+2 8
-7 10

ob=(1)
fl=(24) ./elf/../sysdeps/nptl/dl-tls_init_tp.c
fn=(272) __tls_init_tp
68 2
fi=(299) ./elf/../include/list.h
-24 1
fe=(24)
+24 3
fi=(299)
-25 1
fe=(24)
+26 1
+3 1
fi=(299)
-29 1
+1 1
+1 1
+2 1
fe=(24)
+28 4
+1 2
+1 1
+5 2
+5 1
+6 1
-3 1
+3 1
-6 3
+6 1
+12 4
cfi=(11)
cfn=(28)
calls=1 387
* 24
fi=(77) ./elf/../sysdeps/unix/sysv/linux/rseq-internal.h
-73 3
+8 1
fe=(24)
+81 3
+7 2
+1 3
fi=(77)
-95 7
+3 2
fe=(24)

fn=(68) __tls_pre_init_tp
53 3
+3 8
+5 1
-5 1
+5 1
+1 1
-6 1
+8 1

fn=(86) rtld_mutex_dummy
42 12
+2 24

fl=(56) ./io/../sysdeps/unix/sysv/linux/read_nocancel.c
fn=(192) __read_nocancel
25 4
+1 16
+1 4

fl=(45) ./elf/../sysdeps/unix/sysv/linux/dl-origin.c
fn=(146) _dl_get_origin
31 9
+5 7
+2 5
+3 6
+1 20
+1 4
-1 10
+32 7
-30 2
fi=(28) ./elf/../include/rtld-malloc.h
+12 1
cfi=(27) ./elf/./elf/dl-minimal-malloc.c
cfn=(78) __minimal_malloc
calls=1 -20
* 30
* 1
fe=(45)
-11 2
+5 4
cfi=(29) ./string/../sysdeps/x86_64/multiarch/memmove-vec-unaligned-erms.S
cfn=(126) mempcpy
calls=1 197
* 13
* 2

fl=(60) ./misc/../sysdeps/unix/sysv/linux/setvmaname.c
fn=(202) __set_vma_name
33 2
+2 7
-2 4
+7 1
-7 2
+7 1
-7 2
+7 1
-7 1
+7 1
cfi=(11)
cfn=(28)
calls=1 387
* 24
* 3
+7 1
+2 6

fl=(142) ./misc/../sysdeps/unix/syscall-template.S
fn=(586) munmap
117 5
+5 1

fn=(452) mprotect
117 30
+5 6

fl=(15) ./elf/../sysdeps/x86/dl-get-cpu-features.c
fn=(34) _dl_x86_init_cpu_features
37 1
+2 3
+2 1
cfi=(16) ./elf/../sysdeps/x86/cpu-features.c
cfn=(36) init_cpu_features.constprop.0
calls=1 682
* 7344

fn=(562) __x86_cpu_features
71 1
-32 3
+32 2

fl=(69) ./elf/./elf/dl-cache.c
fn=(240) _dl_cache_libcmp
357 21
+1 21
+32 21
-33 21
+1 46
+2 101
+2 101
-2 202
+20 198
+2 198
-12 80
+2 80
+14 80
+1 80
-29 160
+32 6
-28 4
+6 2
+2 2
-2 2
+1 2
-1 2
+1 2
-1 2
+2 6
+2 2
-3 2
+3 6
+2 4
+9 57

fn=(232) _dl_load_cache_lookup
403 20
+2 4
+3 6
+69 3
+5 2
205 2
482 4
+3 6
fi=(71) ./elf/../sysdeps/x86/dl-procinfo.h
39 4
+3 6
cfi=(32) ./string/../sysdeps/x86_64/multiarch/../multiarch/strcmp-sse2.S
cfn=(94) strcmp
calls=2 +56
* 50
* 8
fe=(69)
208 12
cfi=(11)
cfn=(28)
calls=2 387
* 46
* 2
+12 2
-10 2
-2 2
+12 4
-7 10
+9 10
+1 2
-32 4
+36 2
-4 2
+4 4
-5 85
+1 17
-32 34
+36 17
-4 17
+4 34
+4 57
cfn=(240)
calls=19 357
* 1365
+1 38
346 17
+3 10
220 20
347 7
220 18
+2 20
+20 4
+3 4
+2 8
cfn=(240)
calls=2 357
* 146
* 4
-7 4
-30 6
+1 2
fi=(300) ./elf/../sysdeps/x86/dl-isa-level.h
28 4
fe=(69)
210 4
fi=(300)
28 2
fe=(69)
210 2
+1 2
-1 6
+76 6
fi=(300)
28 6
fe=(69)
259 4
+10 6
+1 8
+16 2
fi=(70) ./elf/../sysdeps/generic/dl-cache.h
125 2
fe=(69)
286 6
+9 4
+3 4
+3 2
+1 6
+28 4
500 4
+12 4
cfi=(22) ./string/../sysdeps/x86_64/multiarch/../multiarch/strlen-sse2.S
cfn=(62) strlen
calls=2 57
* 70
+1 2
-1 2
+1 24
+1 2
-1 2
+1 2
-1 2
+1 2
cfi=(29)
cfn=(82) memcpy
calls=2 210
* 22
* 2
+1 2
cfi=(44) ./string/./string/strdup.c
cfn=(134) strdup
calls=2 40
* 190
+1 16
411 4
cfi=(54) ./elf/./elf/dl-misc.c
cfn=(234) _dl_sysdep_read_whole_file
calls=1 36
* 103
* 1
+8 5
+1 8
+3 3
+1 1
-1 3
fi=(70)
194 1
+1 5
fe=(69)
431 1
+1 2

fn=(584) _dl_unload_cache
525 1
+1 4
-1 1
+3 1
-3 1
+3 1
cfi=(142)
cfn=(586)
calls=1 117
* 6
+7 1
-6 1
+4 1
+2 1

fl=(27)
fn=(74) __minimal_calloc
80 12
+4 12
-4 48
+7 12
+1 36
fi=(28)
-32 12
cfi=(27)
cfn=(78)
calls=12 -20
* 522
fe=(27)

fn=(158) __minimal_free
97 3
+2 12

fn=(78)
36 312
+1 117
+11 114
+3 38
-3 38
+3 76
-3 2
+3 1
-3 1
+3 150
+19 39
+1 39
+2 234
-17 8
+1 4
+2 2
+1 14
cfi=(59) ./misc/../sysdeps/unix/sysv/linux/mmap64.c
cfn=(200) mmap
calls=2 -13
* 52
* 2
+2 4
+2 8
cfi=(60)
cfn=(202)
calls=2 -31
* 56
+1 6
+2 2
+4 2
-4 4
-24 1
-1 1
+1 1
+1 2
-2 2

fl=(78) ./elf/../sysdeps/x86_64/dl-cet.c
fn=(276) _dl_cet_check
361 8
-76 1
-10 2
+2 2
-1 1
+6 1
+3 1
+8 1
-11 1
+1 1
-1 1
+1 1
-1 1
+1 1
+10 4
+3 1
+4 2
+2 2
-1 1
+2 2
+2 2
-1 2
+4 1
+2 1
+3 2
145 2
+12 2
+16 1
+6 1
363 6

fn=(592) _dl_cet_setup_features
331 1
+3 2
+16 1

fl=(55) ./io/../sysdeps/unix/sysv/linux/open64_nocancel.c
fn=(190) __open_nocancel
28 26
+3 13
-3 26
+3 78
+8 91
+2 10
-2 24
+2 16

fl=(30) ./elf/./elf/dl-load.c
fn=(136) fillin_rpath.isra.0
468 18
+4 2
-4 16
+6 6
cfi=(7) ./elf/./elf/dl-minimal.c
cfn=(138) strsep
calls=2 239
* 454
* 6
cfi=(7)
cfn=(138)
calls=2 239
* 16
* 12
+7 4
+2 6
cfn=(140) expand_dynamic_string_token
calls=2 -98
* 842
* 2
+4 4
+5 4
cfi=(22)
cfn=(62)
calls=2 57
* 52
* 2
+1 4
+7 10
+9 33
+1 18
fi=(28)
50 4
cfi=(27)
cfn=(158)
calls=2 +47
* 10
+1 2
fe=(30)
528 10
cfi=(22)
cfn=(62)
calls=1 57
* 17
* 2
+4 4
fi=(28)
56 1
cfi=(27)
cfn=(78)
calls=1 -20
* 30
fe=(30)
532 4
fi=(28)
56 1
cfi=(27)
cfn=(78)
calls=1 -20
* 30
* 2
fe=(30)
534 4
+5 2
+1 4
-1 2
-1 2
+2 2
cfi=(29)
cfn=(126)
calls=2 197
* 34
+3 2
-3 2
+1 2
+2 2
+1 1
+5 1
+1 1
-1 3
+1 2
-1 1
+1 1
-1 3
+1 8
+1 2
-1 2
+1 2
-1 6
+1 2
-1 4
+1 2
+2 4
+1 6
+2 1
-1 4
cfi=(29)
cfn=(82)
calls=1 210
* 14
* 2
+6 4
+1 2
+3 6
-60 4
-22 4
+88 2
+3 16
-24 4

fn=(226) open_path
1812 40
+1 5
-1 15
+1 5
+6 10
+5 85
+67 10
-74 5
+7 15
+57 5
-65 5
+65 5
+10 10
-64 10
+8 30
+7 10
-11 5
+12 5
-1 20
cfi=(29)
cfn=(126)
calls=5 197
* 81
+1 50
+50 6
-2 12
-48 52
+3 30
+5 63
cfi=(29)
cfn=(126)
calls=9 197
* 117
* 36
cfi=(29)
cfn=(126)
calls=9 197
* 117
+3 18
+6 27
+3 63
cfn=(188) open_verify.constprop.0
calls=9 1572
* 554
* 9
+2 27
+2 12
+1 4
+25 1
fi=(28)
56 2
cfi=(27)
cfn=(78)
calls=1 -20
* 30
fe=(30)
1919 2
-1 1
fi=(28)
56 1
fe=(30)
1919 1
+2 3
cfi=(29)
cfn=(82)
calls=1 210
* 19
+1 1
+38 45
-88 10
+1 35
+6 5
+2 10
-2 10
+2 5
cfi=(67) ./io/../sysdeps/unix/sysv/linux/stat64.c
cfn=(228) stat
calls=5 28
* 78
* 5
+3 5
-3 10
+1 2
+9 8
+2 1
-2 4
+2 8
+44 32
+6 8
-2 4
+2 8
+3 12
1822 8
+2 10

fn=(184) _dl_map_object
1967 96
+8 16
+1 32
+3 160
+5 196
+2 84
cfi=(54)
cfn=(186) _dl_name_match_p
calls=28 68
* 3189
* 56
+4 48
+1 72
+4 11
-1 55
+1 11
+1 11
-1 11
+1 22
cfi=(32)
cfn=(94)
calls=11 98
* 396
* 22
2270 76
2011 12
-1 8
+9 4
-50 4
+50 8
+17 8
-2 4
+2 4
cfi=(41) ./string/../sysdeps/x86_64/multiarch/../multiarch/strchr-sse2.S
cfn=(118) index
calls=4 32
* 96
* 8
2202 2
-1 3
cfn=(140)
calls=1 385
* 175
+6 1
-7 1
+1 1
+2 2
+4 7
cfn=(188)
calls=1 1572
* 106
+3 2
-3 1
+3 1
+12 4
+45 1
+1 5
-1 1
+1 8
cfn=(194) _dl_map_object_from_fd
calls=1 944
* 1940
-1 3
+1 15
-1 3
+1 24
cfn=(194)
calls=3 944
* 6245
* 12
2040 6
cfi=(22)
cfn=(62)
calls=3 57
* 51
* 6
+2 6
+7 12
+50 4
+1 39
cfn=(226)
calls=3 1812
* 1068
+6 3
-6 3
+6 6
+88 2
+28 12
+46 6
682 3
2107 3
682 6
+3 6
2109 26
cfn=(226)
calls=2 1812
* 889
* 4
+4 4
+2 1
+14 2
+2 3
+4 4
cfi=(69)
cfn=(232)
calls=2 403
* 2718
* 2
+2 4
+4 4
+31 2
-23 4
+23 14
cfn=(188)
calls=2 1572
* 246
+4 4
-4 2
+4 2
+1 2
+17 4
2074 5
682 1
2075 1
682 3
2099 2
+1 2
-47 1
+1 1
696 5
2058 6
682 2
2059 2
682 4
+3 2
+3 3
+3 1
+1 1
2073 5
+1 2
688 3
2131 3
-47 2
691 1
2115 1
+14 2

fn=(142) is_dst
202 10
+13 2
-13 6
+13 2
cfi=(22)
cfn=(62)
calls=2 57
* 34
-9 2
+9 2
-9 2
+10 8
cfi=(32)
cfn=(144) strncmp
calls=2 98
* 100
* 4
+2 12
+11 14

fn=(194)
944 40
+15 4
-15 8
+15 4
-15 8
+15 8
+77 16
+10 8
+7 28
cfi=(26) ./elf/./elf/dl-object.c
cfn=(72) _dl_new_object
calls=4 59
* 1531
* 4
+1 8
+11 4
+5 4
-4 4
-1 4
+2 4
+2 4
-2 4
+2 8
+1 12
+1 6
+19 6
-2 3
+2 32
-2 1
+2 46
+10 4
-10 4
+10 12
+27 4
-33 4
-3 4
+2 4
-1 4
+35 4
+9 4
-50 4
+41 4
+9 4
-36 4
+63 20
-62 162
+26 112
+8 32
+1 16
-1 16
+1 64
+1 16
-1 16
+1 16
+2 16
-2 16
+2 16
+2 16
-4 16
+1 16
+3 16
-4 16
+4 80
+2 32
+13 32
+1 60
+5 12
+1 108
-28 24
-35 36
+62 4
+1 36
-28 8
-35 93
+1 243
1213 4
1100 4
1213 8
1100 12
1218 28
+10 12
+1 4
-1 4
+1 4
-1 12
+1 12
-1 12
+1 12
-1 36
1066 8
1235 8
+10 16
+7 16
fi=(61) ./elf/./dl-map-segments.h
28 4
fe=(30)
1252 12
fi=(61)
28 8
+1 32
cfi=(59)
cfn=(200)
calls=4 +18
* 112
+73 8
-1 4
-72 4
+73 4
+3 8
+1 4
+2 4
-3 4
+1 4
+2 4
+17 4
-44 4
fi=(62) ./elf/./dl-load.h
+10 32
fi=(61)
+58 64
+6 4
+2 4
-2 4
+1 4
+2 8
-1 8
+3 8
+5 8
+3 12
+8 24
cfi=(43) ./string/../sysdeps/x86_64/multiarch/../multiarch/memset-vec-unaligned-erms.S
cfn=(130) memset
calls=4 -44
* 314
* 4
+6 8
+12 16
-59 96
+2 48
+2 96
cfi=(59)
cfn=(200)
calls=12 -92
* 252
* 24
fe=(30)
1264 4
fi=(58) ./elf/../sysdeps/posix/dl-fileid.h
37 8
cfi=(57) ./io/../sysdeps/unix/sysv/linux/fstat64.c
cfn=(196) fstat
calls=4 -7
* 24
* 8
fe=(30)
989 8
fi=(58)
40 12
fe=(30)
989 4
fi=(58)
40 4
fe=(30)
989 58
+1 28
fi=(58)
49 34
fe=(30)
1519 36
1074 13
+1 2
-1 1
+1 1
-1 1
+1 1
cfi=(72) ./io/../sysdeps/unix/sysv/linux/pread64_nocancel.c
cfn=(242) __pread64_nocancel
calls=1 25
* 7
* 2
+46 2
+1 1
-15 8
+7 4
+2 4
-2 4
+1 4
+1 4
-1 8
+1 32
+60 3
+5 1
-1 2
+5 1
-5 2
-66 1
+71 4
+1 1
+3 1
-3 1
+8 4
+15 8
+1 4
1008 8
1268 16
+1 12
fi=(63) ./elf/./elf/get-dynamic-info.h
39 8
+6 4
-2 4
+11 4
+1 4
-10 8
+8 6
+15 6
-23 24
+23 101
-23 404
+4 214
+3 28
-1 56
+3 88
+1 72
+1 20
+16 16
+12 14
+1 16
+1 16
+1 16
+1 14
+1 15
+1 15
+1 16
+12 4
+7 4
-7 28
+7 9
+5 6
+7 6
+1 12
+6 12
+1 6
+17 12
+5 4
+2 4
+2 4
+2 4
+4 12
+2 9
+1 6
+9 6
+6 6
+4 8
fe=(30)
1275 8
+1 8
+2 8
+10 12
+19 12
+2 24
+52 12
+1 2
+6 36
+1 78
+6 16
cfn=(88) _dl_process_pt_gnu_property
calls=4 868
* 308
-7 98
+1 47
+6 47
-6 94
fi=(31) ./elf/../sysdeps/x86/dl-prop.h
149 16
fe=(30)
1380 8
cfi=(64) ./io/../sysdeps/unix/sysv/linux/close_nocancel.c
cfn=(212) __GI___close_nocancel
calls=4 25
* 24
* 8
+13 8
+2 16
+2 8
+16 8
cfi=(8) ./elf/./elf/dl-setup_hash.c
cfn=(14) _dl_setup_hash
calls=4 25
* 108
+4 8
+1 8
+17 8
+1 1
+3 1
+5 1
-5 1
+5 1
-5 3
+5 3
-5 3
+5 3
+5 8
+12 32
+10 8
+1 4
+5 2
cfi=(48) ./elf/../elf/dl-tls.c
cfn=(244) _dl_assign_tls_modid
calls=1 125
* 12
+7 12
cfi=(26)
cfn=(84) _dl_add_to_namespace_list
calls=4 31
* 228
+3 8
+4 8
cfi=(47) ./elf/./elf/dl-debug.c
cfn=(214) _dl_debug_update
calls=4 38
* 28
* 4
+1 12
+22 28
+1 12
cfi=(50)
cfn=(216) _dl_audit_objopen
calls=4 77
* 20
* 4
fi=(62)
92 12
+2 3
-1 3
+1 3
-1 3
+1 3
-1 3
+1 3
-1 6
+3 12
fi=(63)
-37 16
+3 16
+2 16
181 6
-22 4
fe=(30)
1510 8
1074 2
fi=(61)
186 8
cfi=(59)
cfn=(200)
calls=1 47
* 21
+3 2
fe=(30)
1462 9
+2 2
-1 10
+1 2
-1 2
+1 2
-1 2
cfi=(32)
cfn=(94)
calls=2 98
* 50
* 4
+2 5
1275 2

fn=(222) _dl_dst_count
238 14
+3 7
-3 35
+7 7
-7 14
+3 7
cfi=(41)
cfn=(118)
calls=7 32
* 216
+3 14
+20 63

fn=(188)
1572 120
+32 12
-32 24
+32 24
+19 48
cfi=(55)
cfn=(190)
calls=12 28
* 264
* 12
+2 24
+8 4
+1 8
+5 4
-5 4
+5 20
cfi=(56)
cfn=(192)
calls=4 25
* 24
+2 8
+2 8
+2 8
+6 8
+17 52
+81 8
+5 8
+6 16
+6 8
+6 4
+1 4
-1 12
+1 12
+26 108
-22 13
+1 2
-1 1
+1 1
cfi=(72)
cfn=(242)
calls=1 25
* 7
* 2
1668 6
-59 16
1777 2

fn=(132) decompose_rpath
580 12
+11 1
-9 1
+9 2
+31 2
+7 1
cfi=(44)
cfn=(134)
calls=1 40
* 95
* 1
+1 2
+8 4
-1 2
+3 2
-2 1
+2 2
-2 3
+2 34
-2 17
+2 34
-2 51
+6 1
fi=(28)
56 1
cfi=(27)
cfn=(78)
calls=1 -20
* 30
fe=(30)
646 2
+8 8
cfn=(136)
calls=1 468
* 1214
fi=(28)
50 2
cfi=(27)
cfn=(158)
calls=1 +47
* 5
fe=(30)
661 3
+7 1
+3 1
-1 1
+2 8

fn=(106) _dl_init_paths
706 11
+14 1
-14 2
+14 2
cfi=(37) ./elf/./elf/dl-hwcaps.c
cfn=(108) _dl_important_hwcaps
calls=1 172
* 1244
fi=(28)
56 1
fe=(30)
720 1
fi=(28)
56 1
cfi=(27)
cfn=(78)
calls=1 -20
* 30
fe=(30)
725 1
+2 3
+8 2
-1 3
+5 3
fi=(28)
56 1
cfi=(27)
cfn=(78)
calls=1 -20
* 30
fe=(30)
739 1
+2 4
+7 1
+8 1
+2 1
+12 2
-23 1
+9 1
+11 1
-4 1
-5 1
+3 2
+7 2
+2 2
-11 1
+11 3
-8 1
+4 1
+1 3
+1 16
cfi=(43)
cfn=(130)
calls=4 132
* 56
+2 15
-14 3
+10 3
+4 9
-12 3
-2 3
+2 3
+4 3
-3 3
+3 3
+1 3
-2 3
+5 9
+1 6
+3 1
+15 1
-8 1
+5 1
-6 1
+9 2
+2 4
+2 3
+5 5
+1 1
-2 2
+2 1
-2 2
cfn=(132)
calls=1 580
* 1544
+6 1
+3 1
+23 5
+2 2
cfi=(22)
cfn=(62)
calls=1 57
* 17
* 18
cfi=(29)
cfn=(82)
calls=1 210
* 11
* 1
+5 4
-1 2
+2 1
+1 2
-2 4
+1 13
+1 26
-2 52
+5 1
fi=(28)
56 1
cfi=(27)
cfn=(78)
calls=1 -20
* 30
fe=(30)
836 1
fi=(28)
56 1
fe=(30)
838 2
+6 6
cfn=(136)
calls=1 468
* 586
+3 3
+6 1
+4 8
-30 2

fn=(140)
385 27
241 6
385 3
241 3
cfi=(41)
cfn=(118)
calls=3 32
* 96
+3 6
410 2
-11 2
+11 12
-11 2
cfi=(44)
cfn=(134)
calls=2 40
* 180
239 3
+12 1
+2 3
cfn=(142)
calls=1 -51
* 99
* 2
+3 1
+3 4
cfi=(41)
cfn=(118)
calls=1 32
* 24
+2 2
398 2
+4 2
cfi=(22)
cfn=(62)
calls=1 57
* 35
* 5
cfi=(22)
cfn=(62)
calls=1 57
* 35
* 8
+3 1
fi=(28)
56 1
cfi=(27)
cfn=(78)
calls=1 -20
* 30
* 1
fe=(30)
406 2
+4 1
-1 2
+1 6
-1 1
cfn=(152) _dl_dst_substitute
calls=1 276
* 275
-7 4
cfi=(45)
cfn=(146)
calls=1 31
* 123
* 5

fn=(152)
276 4
+7 1
-7 1
+9 1
-9 1
+13 1
-13 6
+13 2
+62 22
+3 36
-60 12
-5 24
+6 3
cfn=(142)
calls=1 -93
* 99
* 3
+22 3
+5 3
+10 3
+43 9
-10 2
+7 1
+2 1
-40 3
cfi=(46) ./string/../sysdeps/x86_64/multiarch/../multiarch/strcpy-sse2-unaligned.S
cfn=(154) stpcpy
calls=1 45
* 30
+1 1
-1 1
+1 2

fn=(88)
868 5
+8 5
-8 10
+8 5
-6 5
+12 10
-13 5
+13 5
-13 5
+13 10
+3 15
+1 10
+1 10
+3 15
+1 15
+4 5
+1 10
+22 5
+2 5
-2 10
+2 15
-20 16
+1 8
+3 16
+3 8
+1 32
fi=(31)
95 32
+7 16
+16 8
-3 16
254 10
+1 5
+2 20
+3 5
-8 6
+5 3
-4 3
+4 9
+3 3
-2 2
fe=(30)

fl=(44)
fn=(134)
40 30
+1 5
cfi=(22)
cfn=(62)
calls=5 +16
* 157
* 5
fi=(301) ./string/../include/rtld-malloc.h
+15 10
cfi=(27)
cfn=(78)
calls=5 -20
* 150
fe=(44)
-12 10
+3 15
+1 15
-1 5
cfi=(29)
cfn=(82)
calls=5 210
* 63

fl=(51) ./string/../string/strcspn.c
fn=(174) strcspn
32 6
+1 3
+1 2
+5 6
+1 4
+1 4
+1 4
+2 1
+3 3
+1 2
-1 6
+1 4
+3 4
+1 4
+1 4
+1 4
+2 3
+6 1
-1 1
+1 1
+2 2
-1 2
+2 1
+2 6
-5 12
-1 12
+1 12
+2 24
-1 24
+2 12
+2 72
+2 1
+1 3
+1 2
-1 1
+1 1

fl=(46)
fn=(154)
45 1
+6 1
+7 1
+1 1
+1 1
301 1
+1 1
+1 1
+1 1
+1 1
+10 1
+1 1
+2 1
+1 1
+1 1
+10 1
+1 1
+26 1
+1 1
+5 1
+1 4
670 1
+1 1
+1 1
+1 1
+2 1
+7 1

fl=(283)
fn=(1208)
26 5
+17 1
-17 6
+20 13
+3 2
cob=(2)
cfi=(284)
cfn=(1210)
calls=1 +28
* 44
+2 1
+3 2
+2 5
+7 3
-2 1
+2 1
cfi=(50)
cfn=(582) _dl_audit_activity_nsid
calls=1 -22
* 11
+5 15
+5 1
-5 1
+5 3
+2 12
+2 12
+2 12
+1 6
+1 6
+4 6
-12 18
+14 6
+1 4
+6 6
cfi=(13) ./elf/./elf/dl-sort-maps.c
cfn=(250) _dl_sort_maps
calls=1 298
* 471
+9 2
cob=(2)
cfi=(285)
cfn=(1212)
calls=1 367
* 34
+5 6
+2 1
+2 2
-2 5
+2 10
+2 24
cfi=(286) ./elf/./elf/dl-call_fini.c
cfn=(1214) _dl_call_fini
calls=6 -90
* 610
+3 12
cfi=(50)
cfn=(1240) _dl_audit_objclose
calls=6 -20
* 30
-9 12
+14 6
-14 18
+18 3
cfi=(50)
cfn=(582)
calls=1 -85
* 11
* 2
+6 4
+2 1
-2 2
+6 2
+7 8
-77 2

fl=(47)
fn=(162) _dl_debug_initialize
56 3
+3 2
+4 1
+22 1
+10 1
-32 2
+1 1
+21 2
+5 2
+1 1
+4 1
-4 1
-1 1
+2 1
+3 1
+4 2
+8 2
-50 1
+4 2
+35 6

fn=(168) _dl_debug_state
116 2
+1 2

fn=(214)
38 5
+3 5
-1 10
+4 10
+4 5

fl=(166) ./elf/./elf/dl-find_object.c
fn=(546) _dlfo_process_initial
474 2
+3 2
-3 6
+1 2
+3 4
+26 14
+1 6
+1 12
-1 24
+3 44
+3 40
-7 10
+27 2
-2 2
+2 6
-18 30
+3 10
-1 10
cfi=(167) ./elf/./dl-find_object.h
cfn=(544) _dl_find_object_from_map
calls=5 95
* 305
+2 20

fn=(548) _dlfo_sort_mappings
536 1
+1 2
+3 4
+4 1
+1 1
-1 1
+1 2
-1 3
+1 3
-1 3
+1 14
+1 50
+3 4
-1 4
-3 30
+8 12
+1 8
-1 4
-13 8
+14 12
+1 8
-15 8
+17 1

fn=(542) _dl_find_object_init
561 2
+3 1
-3 3
+5 2
+13 1
cfn=(546)
calls=1 474
* 113
+1 1
-1 1
+1 1
fi=(28)
56 1
cfi=(27)
cfn=(78)
calls=1 -20
* 30
fe=(166)
580 1
fi=(28)
56 1
fe=(166)
582 2
+3 2
+5 1
+1 1
cfn=(546)
calls=1 474
* 438
+3 3
+10 4
-37 2
cfi=(167)
cfn=(544)
calls=1 95
* 68
* 1
+29 2
cfn=(548)
calls=1 -60
* 184
+3 6
+2 1

fl=(79) ./elf/./elf/dl-reloc.c
fn=(278) _dl_relocate_object
207 77
+1 14
+12 6
+4 24
-4 6
+6 18
+3 6
-1 6
+1 12
+22 30
+4 6
+7 9
fi=(6) ./elf/../sysdeps/x86_64/dl-machine.h
81 14
+6 4
+4 3
+17 1
-11 1
+11 2
+21 2
+5 4
-2 2
fi=(4) ./elf/../sysdeps/generic/ldsodefs.h
-53 1
fe=(79)
301 2
fi=(4)
79 2
fe=(79)
301 2
fi=(4)
79 5
fe=(79)
301 10
fi=(4)
79 10
fe=(79)
301 9887
fi=(4)
79 2
fe=(79)
301 2
fi=(4)
79 4
fe=(79)
301 250
-80 12
fi=(6)
393 12
fe=(79)
190 6
+31 6
-31 6
fi=(6)
393 18
fi=(5) ./elf/./elf/do-rel.h
49 6
fe=(79)
301 6
fi=(5)
50 6
+30 6
-31 12
+4 6
-3 6
+3 6
-3 6
+3 18
+27 12
-31 6
fe=(79)
301 6
fi=(5)
50 6
+30 6
-31 12
+4 6
-3 6
+3 6
-3 6
+3 18
+27 12
-7 1
-1 1
+11 8
fi=(6)
514 34
+4 34
+3 51
+1 17
fi=(5)
83 51
+2 68
+11 6
fe=(79)
301 36
fi=(5)
51 6
fi=(4)
+28 30
fi=(6)
730 12
+4 8
fe=(79)
304 30
+24 6
+3 12
+17 18
+2 56
-98 12
+3 6
+7 3
-9 3
+9 6
fi=(6)
81 6
fi=(5)
+33 33
+9 21
+1 3
fi=(6)
498 3
fi=(5)
124 3
fi=(6)
498 6
fi=(5)
124 128
fi=(6)
498 128
fi=(5)
124 128
fi=(6)
498 256
+5 262
+1 131
fi=(5)
123 131
fi=(6)
504 131
-5 131
fi=(5)
123 262
+3 33
+3 36
+2 32
fe=(79)
+59 10
fi=(5)
73 5
fe=(79)
190 5
fi=(5)
72 5
fe=(79)
190 45
fi=(5)
-57 10
+1 5
+1 5
-2 5
+2 5
+3 5
-5 5
+2 5
-2 5
+1 10
+2 5
-2 5
+2 15
+2 10
-5 490
+1 245
+1 245
-2 245
+2 245
+3 245
-5 245
+2 245
-2 245
+1 490
+2 245
-2 245
+2 735
+2 490
+9 182
fi=(6)
267 364
+7 364
+4 364
fe=(79)
170 728
fi=(4)
-30 501
fe=(79)
+31 334
+3 334
+8 320
-8 1413
+12 306
-3 153
+1 153
+2 626
-3 7
+1 7
+2 188
+1 160
-1 160
+2 320
-1 640
+3 960
cfi=(80) ./elf/./elf/dl-lookup.c
cfn=(286) _dl_lookup_symbol_x
calls=160 772
* 96842
+3 160
+1 320
-4 160
+4 800
fi=(6)
+93 659
+3 158
-3 489
+3 173
-3 173
+5 364
+25 1092
423 24
fi=(5)
150 24
fi=(6)
423 304
fi=(5)
150 505
-19 1015
+33 20
+1 72
+1 252
+3 136
+4 68
-1 68
-3 68
+2 136
+2 68
-2 136
fe=(79)
-1 272
fi=(6)
287 68
+3 68
-3 68
+4 136
476 136
+2 68
cfi=(15)
cfn=(562)
calls=1 71
* 6
cob=(3)
cfi=(164)
cfn=(534)
calls=1 26
* 8
cob=(3)
cfi=(148)
cfn=(530)
calls=1 27
* 9
cob=(3)
cfi=(163)
cfn=(526)
calls=1 26
* 9
cob=(3)
cfi=(162)
cfn=(522)
calls=1 27
* 9
cob=(3)
cfi=(161)
cfn=(518)
calls=1 26
* 9
cob=(3)
cfi=(158)
cfn=(514)
calls=1 27
* 8
cob=(3)
cfi=(160)
cfn=(512)
calls=1 49
* 6
cob=(3)
cfi=(159)
cfn=(508)
calls=1 26
* 9
cob=(3)
cfi=(158)
cfn=(504)
calls=1 35
* 8
cob=(3)
cfi=(157)
cfn=(500)
calls=1 27
* 9
cob=(3)
cfi=(156)
cfn=(496)
calls=1 26
* 9
cob=(3)
cfi=(155)
cfn=(492)
calls=1 27
* 9
cob=(3)
cfi=(153)
cfn=(488)
calls=1 27
* 8
cob=(3)
cfi=(152)
cfn=(484)
calls=1 30
* 9
cob=(3)
cfi=(151)
cfn=(480)
calls=1 26
* 9
cob=(3)
cfi=(150)
cfn=(476)
calls=1 27
* 9
cob=(3)
cfi=(149)
cfn=(472)
calls=1 27
* 9
cob=(3)
cfi=(148)
cfn=(468)
calls=1 34
* 9
cob=(3)
cfi=(147)
cfn=(464)
calls=1 27
* 9
cob=(3)
cfi=(145)
cfn=(460)
calls=1 27
* 9
cob=(3)
cfi=(143)
cfn=(456)
calls=1 26
* 9
cob=(2)
cfi=(141)
cfn=(448)
calls=1 31
* 21
cob=(2)
cfi=(140)
cfn=(444)
calls=1 33
* 22
cob=(2)
cfi=(139)
cfn=(440)
calls=1 31
* 18
cob=(2)
cfi=(138)
cfn=(438)
calls=1 29
* 7
cob=(2)
cfi=(136)
cfn=(434)
calls=1 29
* 23
cob=(2)
cfi=(135)
cfn=(430)
calls=1 29
* 22
cob=(2)
cfi=(134)
cfn=(426)
calls=1 33
* 17
cob=(2)
cfi=(133)
cfn=(422)
calls=1 29
* 22
cob=(2)
cfi=(131)
cfn=(418)
calls=1 29
* 24
cob=(2)
cfi=(130)
cfn=(414)
calls=1 29
* 19
cob=(2)
cfi=(129)
cfn=(410)
calls=1 29
* 25
cob=(2)
cfi=(102)
cfn=(406)
calls=1 31
* 18
cob=(2)
cfi=(128)
cfn=(402)
calls=1 31
* 21
cob=(2)
cfi=(127)
cfn=(398)
calls=1 29
* 17
cob=(2)
cfi=(125)
cfn=(394)
calls=2 31
* 20
cob=(2)
cfi=(123)
cfn=(390)
calls=1 29
* 24
cob=(2)
cfi=(122)
cfn=(386)
calls=1 31
* 25
cob=(2)
cfi=(121)
cfn=(382)
calls=1 31
* 21
cob=(2)
cfi=(119)
cfn=(378)
calls=1 29
* 17
cob=(2)
cfi=(118)
cfn=(376)
calls=1 60
* 16
cob=(2)
cfi=(117)
cfn=(374)
calls=1 29
* 7
cob=(2)
cfi=(115)
cfn=(370)
calls=1 31
* 21
cob=(2)
cfi=(114)
cfn=(368)
calls=1 67
* 21
cob=(2)
cfi=(112)
cfn=(364)
calls=2 31
* 46
cob=(2)
cfi=(110)
cfn=(360)
calls=1 31
* 19
cob=(2)
cfi=(109)
cfn=(356)
calls=1 30
* 25
cob=(2)
cfi=(108)
cfn=(352)
calls=1 28
* 25
cob=(2)
cfi=(106)
cfn=(348)
calls=1 29
* 24
cob=(2)
cfi=(105)
cfn=(346)
calls=1 65
* 19
cob=(2)
cfi=(102)
cfn=(340)
calls=2 31
* 50
cob=(2)
cfi=(100)
cfn=(336)
calls=1 29
* 22
cob=(2)
cfi=(98)
cfn=(332)
calls=1 31
* 18
cob=(2)
cfi=(97)
cfn=(328)
calls=1 29
* 25
cob=(2)
cfi=(96)
cfn=(324)
calls=1 29
* 22
cob=(2)
cfi=(94)
cfn=(320)
calls=1 29
* 22
cob=(2)
cfi=(93)
cfn=(316)
calls=1 29
* 19
cob=(2)
cfi=(91)
cfn=(312)
calls=1 29
* 24
cob=(2)
cfi=(89)
cfn=(308)
calls=1 30
* 19
cob=(2)
cfi=(88)
cfn=(306)
calls=1 79
* 19
cob=(2)
cfi=(87)
cfn=(304)
calls=1 29
* 7
cob=(2)
cfi=(85)
cfn=(300)
calls=2 31
* 50
cob=(2)
cfi=(83)
cfn=(296)
calls=1 86
* 28
fi=(5)
165 68
fi=(6)
479 68
fi=(5)
165 145
-14 210
fi=(6)
460 15
+5 10
-1 15
+1 10
-1 5
cfi=(29)
cfn=(82)
calls=5 210
* 57
+2 25
+1 10
-67 51
+2 68
+4 17
+9 17
-9 34
+9 17
fi=(5)
150 34
fi=(6)
320 70
+3 70
-36 75
fi=(5)
141 68
+1 68
-1 204
+2 68
fi=(6)
287 340
fe=(79)
175 63
+3 7
-1 7
+19 7
-18 14
fi=(6)
295 18
+1 27
+11 18
+7 9
cob=(2)
cfi=(106)
cfn=(348)
calls=1 29
* 24
cob=(2)
cfi=(165)
cfn=(538)
calls=1 38
* 7
cob=(2)
cfi=(100)
cfn=(336)
calls=1 29
* 22
cob=(2)
cfi=(96)
cfn=(324)
calls=1 29
* 22
cob=(2)
cfi=(88)
cfn=(306)
calls=1 79
* 19
cob=(2)
cfi=(108)
cfn=(352)
calls=1 28
* 25
cob=(2)
cfi=(105)
cfn=(346)
calls=1 65
* 19
cob=(2)
cfi=(129)
cfn=(410)
calls=1 29
* 25
cob=(2)
cfi=(114)
cfn=(368)
calls=1 67
* 21
* 36
fe=(79)
-13 3
+55 30
+3 6
-3 6
+3 6
+4 12
+1 24
cfi=(142)
cfn=(452)
calls=6 117
* 36
* 12
-63 9
fi=(5)
180 7
fe=(79)
+10 2
fi=(5)
73 1
fe=(79)
190 3
fi=(6)
436 7
fi=(5)
182 2
+1 2
-1 1
+3 1
-3 4
+3 2
-3 10
+1 10
-1 5
+3 5
-3 20
+3 10
+8 6
fi=(6)
+74 12
+7 12
+4 12
fe=(79)
170 24
fi=(4)
-30 18
fe=(79)
+31 12
+3 12
+8 12
-8 54
+12 12
-3 6
+1 6
+2 36
+4 24
-4 6
+4 18
cfi=(80)
cfn=(286)
calls=6 772
* 3407
+3 6
+1 12
-4 6
+4 30
fi=(6)
+93 20
+3 2
-3 6
+3 2
-3 2
+5 4
+25 36
423 6
fi=(5)
196 18
-16 24
+31 7
fe=(79)
-33 7
-3 21

fl=(54)
fn=(234)
36 2
+3 1
-3 7
+3 1
-3 2
+3 1
cfi=(55)
cfn=(190)
calls=1 -11
* 20
+1 2
+23 8
-21 4
cfi=(57)
cfn=(196)
calls=1 -12
* 6
* 2
+2 2
+3 2
+13 2
cfi=(64)
cfn=(212)
calls=1 -35
* 6
* 1
-11 6
cfi=(59)
cfn=(200)
calls=1 -2
* 26
* 2

fn=(186)
68 399
+1 114
cfi=(32)
cfn=(94)
calls=57 +29
* 1882
* 114
+3 57
+2 114
+6 57
-6 114
+1 201
cfi=(32)
cfn=(94)
calls=67 +23
* 2607
* 134
+8 10
-13 10
+13 77
-1 47
+1 141

fl=(68) ./io/../sysdeps/unix/sysv/linux/fstatat64.c
fn=(230) fstatat
146 10
-55 10
+70 11
+1 1
-2 8
+1 8

fl=(167)
fn=(544)
95 12
+1 12
+1 6
+6 30
+1 171
+1 118
+2 18
+5 6

fl=(171) ./elf/./elf/dl-lookup-direct.c
fn=(560) _dl_lookup_direct
74 30
+2 3
-2 6
+4 3
-4 3
+2 3
+2 9
+37 3
-37 9
+1 6
+2 12
+3 25
+2 6
-54 3
+54 3
-54 3
+54 3
-54 9
+1 9
+2 6
+1 6
+12 9
+3 3
+2 6
-2 3
+2 9
cfi=(32)
cfn=(94)
calls=3 +45
* 209
* 6
+4 6
+1 3
-1 3
+1 18
+1 9
cfi=(32)
cfn=(94)
calls=3 +39
* 198
* 6
+57 27
-23 6

fl=(235) ./elf/./elf/dl-runtime.c
fn=(878) _dl_fixup
46 110
+2 50
+1 10
+6 10
fi=(302) ./elf/../sysdeps/x86_64/dl-runtime.h
-27 10
fe=(235)
+21 10
+5 10
+1 10
-6 10
+6 20
+1 10
+2 10
-2 10
+2 10
-2 50
+7 20
+4 20
+4 10
-2 10
+2 20
+4 30
+1 40
+1 30
+8 10
-1 10
+1 20
+10 100
cfi=(80)
cfn=(286)
calls=10 772
* 6150
* 10
+4 50
+10 100
+15 40
+9 30
+26 30
fi=(6)
+75 10
fe=(235)
-71 80
fi=(239) ./elf/../sysdeps/x86_64/dl-irel.h
32 4
cob=(2)
cfi=(91)
cfn=(312)
calls=1 -3
* 24
cob=(3)
cfi=(164)
cfn=(534)
calls=1 -6
* 8
cob=(2)
cfi=(135)
cfn=(430)
calls=1 -3
* 22
cob=(3)
cfi=(148)
cfn=(530)
calls=1 -5
* 9
fe=(235)
+93 8

fl=(1) ???
fn=(0) 0x000000000001f540
0 2
cfi=(2) ./elf/./elf/rtld.c
cfn=(2) _dl_start
calls=1 517
0 217364
0 8
cfi=(78)
cfn=(592)
calls=1 331
0 4
0 10
cfi=(180) ./elf/./elf/dl-init.c
cfn=(596) _dl_init
calls=1 81
0 579
0 3
cob=(7)
cfi=(188)
cfn=(642) (below main)
calls=1 0
0 11353696796

fl=(43)
fn=(130)
132 9
+1 45
+5 9
+1 9
+3 3
+1 3
+2 1
+1 1
+1 1
+97 2
+1 2
+12 2
+3 2
+1 2
+12 2
+1 2
+13 2
+1 2
+2 2
+3 1
+3 2
+3 1
+1 1
+1 1
+1 1
+1 1
+1 1
+1 1
-6 34
+1 34
+1 34
+1 34
+1 34
+1 34
+1 34
+3 2
+1 2
+1 2
+1 2
+5 2
+34 6
+2 6
+1 6
+39 6
+1 6
+2 6

fl=(50)
fn=(582)
41 3
+4 12
+1 3
+1 15

fn=(216)
77 4
+1 16

fn=(1240)
97 6
+1 24

fn=(662)
118 1
+1 4

fn=(170) _dl_audit_activity_map
29 2
+2 1
-2 5
+1 1
+1 2
+6 6

fl=(26)
fn=(72)
59 75
+3 10
+18 8
+3 4
cfi=(22)
cfn=(62)
calls=4 -26
* 86
+4 4
-4 4
+4 4
+5 4
-9 12
fi=(28)
-39 8
cfi=(27)
cfn=(74)
calls=4 +36
* 265
fe=(26)
+39 1
fi=(28)
-39 2
cfi=(27)
cfn=(74)
calls=1 +36
* 47
* 5
fe=(26)
+51 10
+5 5
+4 5
-6 5
+2 5
+4 5
-5 5
+4 5
+1 5
-1 5
+1 10
cfi=(29)
cfn=(82)
calls=5 210
* 66
* 5
+15 5
-15 5
+2 5
+13 10
+6 1
+2 7
+3 2
-3 28
+3 8
+2 5
+4 5
+3 14
+2 12
-2 8
+2 8
-2 16
+16 10
-5 5
+5 5
-6 5
+6 5
-6 5
+6 10
+2 8
+3 8
-3 8
+7 20
+4 12
+8 1
+13 1
-10 2
+10 7
-10 8
+10 12
+2 4
cfi=(22)
cfn=(62)
calls=4 57
* 140
+21 4
-21 12
+17 4
-13 12
+50 12
cfi=(29)
cfn=(126)
calls=4 -48
* 68
* 4
+5 8
+1 8
-1 126
+1 126
+4 8
+1 4
+3 4
+4 45
131 10
-8 4
-4 8
+34 1
+7 4
+8 16
fi=(28)
56 8
cfi=(27)
cfn=(78)
calls=4 -20
* 120
* 4
fe=(26)
200 8
-1 8
64 2
+2 3
+1 2
+4 6
+6 2

fn=(84)
31 20
+2 5
-2 10
+2 5
-2 15
+2 5
cfi=(24)
cfn=(86)
calls=5 +9
* 15
+2 44
+3 56
+2 4
+2 4
+4 4
+4 4
-4 8
+1 8
+1 8
+3 20
-1 4
cfi=(24)
cfn=(86)
calls=4 -8
* 12
-4 1
+4 1
-4 2
+1 2
+1 2
+3 5
-1 1
cfi=(24)
cfn=(86)
calls=1 -8
* 3
-5 2

fl=(29)
fn=(82)
210 32
+1 32
+6 32
+1 32
+2 18
+1 18
+1 18
+2 11
+1 11
+1 11
+2 11
+80 14
+1 14
+2 3
+4 3
+1 2
+1 2
+1 2
+1 2
+4 2
+2 2
+6 1
+1 1
+1 1
+1 1
+1 1
+29 11
+1 11
+1 11
+1 11
+1 11
+7 7
+1 7
+1 7
+1 7
+1 7
+1 7
+1 7
+11 7
+1 7
+2 7
+1 7
+1 7

fn=(126)
197 33
+1 33
+1 33
+1 33
+17 33
+1 33
+2 13
+1 13
+1 13
+2 8
+1 8
+1 8
+2 8
+80 20
+1 20
+2 5
+4 5
+1 5
+1 5
+8 5
+39 15
+1 15
+1 15
+1 15
+1 15
+7 5
+1 5
+1 5
+1 5
+1 5
+1 5
+1 5
+11 5
+1 5
+2 5
+1 5
+1 5

fl=(172) ./elf/./elf/dl-call-libc-early-init.c
fn=(564) _dl_call_libc_early_init
27 1
+2 2
-2 1
+6 3
-6 3
+6 1
-6 2
+6 1
cfi=(171)
cfn=(560)
calls=1 +41
* 225
+4 2
+2 3
+2 1
-1 1
-1 1
+2 2
-1 1
cob=(2)
cfi=(173)
cfn=(566)
calls=1 -7
* 353

fl=(72)
fn=(242)
25 4
+1 8
+1 2

fl=(180)
fn=(598) call_init.part.0
26 72
+17 6
+3 6
-3 12
+3 12
+5 10
+8 15
+1 18
cob=(4)
cfi=(178)
cfn=(630)
calls=1 -60
* 7
cob=(4)
cfi=(178)
cfn=(620)
calls=1 -60
* 7
cob=(4)
cfi=(178)
cfn=(600)
calls=1 -60
* 7
+3 5
+1 10
+6 8
+2 8
-2 4
+3 25
+1 4
cob=(2)
cfi=(185)
cfn=(618)
calls=1 545
* 12
* 16
cob=(6)
cfi=(187)
cfn=(634)
calls=1 -74
* 12
cob=(3)
cfi=(186)
cfn=(624)
calls=1 -74
* 12
cob=(2)
cfi=(182)
cfn=(610)
calls=1 -28
* 72
cob=(5) /usr/libexec/valgrind/vgpreload_core-amd64-linux.so
cfi=(181) ???
cfn=(604) 0x0000000000001110
calls=1 -74
* 12
-1 15
+3 48
-29 2

fn=(596)
81 13
+1 1
+1 1
+3 3
+8 2
+25 1
+1 8
+1 12
-92 12
+6 18
+2 27
+83 10
cfn=(598)
calls=5 -94
* 360
* 10
+7 8
-98 2
+60 2
-54 3
+2 7
cfn=(598)
calls=1 -11
* 77
* 2

fl=(66) ./elf/./elf/dl-deps.c
fn=(224) openaux
61 42
+7 7
-4 21
+1 7
-1 49
cfi=(30)
cfn=(184)
calls=7 1967
* 15884
* 7
+5 21

fn=(220) _dl_map_object_deps
143 4
+1 2
-1 1
+1 1
-1 2
+1 1
-1 1
+1 1
-1 4
+1 3
-1 1
+1 7
-8 1
+8 2
-8 1
-6 1
-2 1
+16 1
-8 1
-7 1
+1 1
+6 1
+24 4
-28 3
-2 1
+31 1
-33 2
+2 2
+30 2
-30 1
-1 4
+7 4
+24 3
+28 3
-6 1
+46 1
fi=(74) ./elf/../include/scratch_buffer.h
77 1
fe=(66)
+87 1
fi=(74)
-87 1
+1 1
fe=(66)
184 1
+44 4
-31 1
-4 1
+4 7
-4 5
+4 10
+11 16
-18 2
+18 4
417 12
+2 4
+3 4
-3 12
+3 4
-3 4
fi=(28)
56 4
cfi=(27)
cfn=(78)
calls=4 -20
* 120
fe=(66)
423 12
fi=(28)
56 4
fe=(66)
423 4
+6 4
+1 20
cfi=(29)
cfn=(82)
calls=4 210
* 44
+1 20
cfi=(29)
cfn=(82)
calls=4 210
* 44
+3 4
+1 8
+4 18
188 10
442 15
-1 6
+1 12
183 6
+27 16
+7 4
+4 4
-6 4
+1 4
+1 4
+1 8
+3 12
-2 4
-29 20
+32 236
+6 28
cfi=(30)
cfn=(222)
calls=7 +10
* 377
* 21
+4 14
-2 7
+2 14
cfi=(52) ./elf/./elf/dl-catch.c
cfn=(178) _dl_catch_exception
calls=7 -28
* 16500
+1 14
+9 7
+2 14
+5 20
+6 4
+2 4
-8 8
+3 4
+1 4
+1 4
+1 4
+4 4
-3 4
+3 12
+4 21
+1 15
-43 484
+7 14
+38 333
fi=(74)
85 3
fe=(66)
448 5
+1 1
+3 4
+11 5
fi=(28)
56 1
cfi=(27)
cfn=(78)
calls=1 -20
* 30
fe=(66)
465 3
fi=(28)
56 1
fe=(66)
465 1
+5 2
+1 1
-1 3
+4 3
-2 2
+13 5
+5 5
-16 15
+11 5
-7 5
+7 5
-2 10
-5 1
+7 1
-2 2
+2 1
-11 1
+11 1
+5 1
-16 3
+21 3
+37 2
+15 2
-14 2
+20 1
-1 4
+1 4
-1 5
cfi=(13)
cfn=(250)
calls=1 298
* 413
+5 1
+2 1
+1 1
+1 2
-2 1
+2 1
+7 3
+3 2
+3 8
198 39
+3 4
fi=(74)
-70 16
cfi=(73) ./malloc/./malloc/scratch_buffer_set_array_size.c
cfn=(246) __libc_scratch_buffer_set_array_size
calls=4 30
* 100
fe=(66)
+70 12
+4 8
547 4
cfi=(29)
cfn=(82)
calls=1 210
* 19
* 3
-53 2
144 2

fl=(7)
fn=(554) lookup_malloc_symbol
61 8
+3 4
-3 12
+3 4
-3 12
+3 4
-3 4
+2 4
+1 16
cfi=(80)
cfn=(286)
calls=4 772
* 2368
+4 28
+1 28
+2 4
fi=(169) ./elf/./dl-sym-post.h
-30 8
+12 12
fe=(7)
+19 24

fn=(550) __rtld_malloc_init_real
76 2
+10 1
fi=(168) ./elf/../sysdeps/generic/dl-hash.h
-41 1
-1 1
fe=(7)
+32 8
+11 1
-1 1
fi=(168)
-43 1
+5 3
+14 4
-17 3
+3 15
+14 20
-17 15
fe=(7)
+46 2
fi=(168)
-24 1
fe=(7)
+22 1
+2 2
fi=(168)
-19 1
fe=(7)
+19 1
cfn=(554)
calls=1 -30
* 617
+1 3
-1 1
+1 1
cfn=(554)
calls=1 -31
* 606
+1 3
-1 1
+1 1
cfn=(554)
calls=1 -32
* 691
+1 3
-1 1
+1 1
cfn=(554)
calls=1 -33
* 626
+5 1
+1 1
+1 1
+1 1
+1 8

fn=(12) __rtld_malloc_init_stubs
42 1
+1 2
+1 2
+1 2
+1 2
+1 1

fn=(138)
239 4
+3 8
+2 4
+1 8
+4 6
-2 4
+4 64
+5 138
-2 92
+13 2
+4 8
-22 32
+15 32
-15 68

fl=(42) ./string/../sysdeps/x86_64/multiarch/../multiarch/memcmp-sse2.S
fn=(122) bcmp
59 1
+12 1
+1 1
+22 1
+1 1
+45 1
+1 1
+2 1
+1 1
+2 1
+1 1
+2 1
+1 1
+47 1
+1 1
+1 1
+1 1
+1 1
+1 1

fl=(170) ./elf/../sysdeps/nptl/dl-mutex.c
fn=(558) __rtld_mutex_init
30 2
+10 3
-10 3
+10 1
-10 1
+10 1
-10 1
+7 1
+3 2
cfi=(171)
cfn=(560)
calls=1 +34
* 233
+4 2
+1 8
+2 3
-2 1
+2 3
cfi=(171)
cfn=(560)
calls=1 +27
* 223
+4 2
+1 7
+1 6

fl=(9) ./elf/../sysdeps/unix/sysv/linux/dl-sysdep.c
fn=(18) _dl_sysdep_parse_arguments
78 1
+2 1
-2 6
+1 1
+1 1
-1 1
+2 2
+2 1
-2 1
+2 2
-1 1
+1 2
-1 40
+1 80
+7 56
fi=(10) ./elf/../sysdeps/unix/sysv/linux/dl-parse_auxv.h
-49 1
fe=(9)
+45 1
fi=(10)
-54 1
fe=(9)
+54 1
fi=(10)
-54 1
+1 1
+1 1
+7 3
+1 44
+1 22
-2 22
+2 22
-2 67
fe=(9)
+52 3
+1 1
+1 2
fi=(10)
-49 1
+1 1
fe=(9)
+46 1
fi=(10)
-45 1
+3 1
+1 1
+1 1
+1 1
+2 1
-5 1
-4 1
+1 1
+4 1
+1 1
+3 1
-7 1
-4 1
+1 1
+8 1
fe=(9)
+40 1
-1 1
+2 1
+1 6

fn=(16) _dl_sysdep_start
102 5
+4 1
-4 1
+1 1
+3 1
cfn=(18)
calls=1 -28
* 417
+4 2
cfi=(11)
cfn=(22) __GI___tunables_init
calls=1 261
* 24568
+3 1
cfi=(13)
cfn=(26) _dl_sort_maps_init
calls=1 289
* 38
+2 2
cfi=(14) ./elf/../sysdeps/unix/sysv/linux/brk.c
cfn=(30) brk
calls=1 -79
* 8
fi=(6)
220 1
cfi=(15)
cfn=(34)
calls=1 37
* 7349
fe=(9)
-98 3
+1 1
cfi=(22)
cfn=(62)
calls=1 -66
* 17
* 1
+2 2
cfi=(23) ./elf/../misc/sbrk.c
cfn=(64) sbrk
calls=1 -88
* 16
* 3
+12 3
+3 5
cfi=(2)
cfn=(66) dl_main
calls=1 1346
* 184241
+3 4

fn=(580) _dl_sysdep_start_cleanup
147 1
+1 1

fl=(286)
fn=(1214)
24 48
+4 12
+6 6
-2 6
+3 12
+3 4
+1 4
-1 4
+1 8
+3 16
+1 4
cob=(3)
cfi=(186)
cfn=(1278)
calls=1 -43
* 98
cob=(6)
cfi=(187)
cfn=(1260)
calls=1 -43
* 98
cob=(5)
cfi=(181)
cfn=(1242) 0x00000000000010d0
calls=1 -43
* 98
cob=(7)
cfi=(188)
cfn=(1216) 0x0000000000004310
calls=1 -43
* 98
-1 16
+5 6
+1 12
+1 8
+1 20
-1 4
cob=(4)
cfi=(178)
cfn=(1294)
calls=1 -49
* 4
cob=(4)
cfi=(178)
cfn=(1276)
calls=1 -49
* 4
cob=(4)
cfi=(178)
cfn=(1258)
calls=1 -49
* 4
cob=(4)
cfi=(178)
cfn=(1238)
calls=1 -49
* 4
+1 12

fl=(32)
fn=(144)
98 3
+27 3
+1 3
+1 3
+1 3
+1 3
+2 3
+1 3
+2 3
+1 3
+21 3
+1 3
+1 3
+1 3
+1 1
+1 1
+1 1
+1 1
+17 1
+1 1
+1 1
+1 1
+1 1
+1 1
+1 1
+15 2
+1 2
+1 2
+1 2
+1 2
+1 2
+1 2
+1 2
+1 2
+5 2
+1 2
+1 2
+1 2
+1 2
+1 2
1137 2
+1 2
+1 2
+1 2
+1 2
+2 2
+1 2
+1 2
+1 2
+1 2
+1 2
+1 2
2095 2
+1 2
+1 2
+1 2
+6 3
+3 3
+1 3
+2 1
+1 1
+8 1
+1 1
+3 2
+1 2

fn=(94)
98 432
+33 432
+1 432
+2 432
+1 432
+21 432
+1 432
+1 312
+1 312
+1 250
+1 250
+1 250
+1 250
+17 250
+1 250
+1 250
+1 250
+1 250
+1 250
+1 250
+5 17
+1 51
+9 17
+1 17
+1 17
+1 17
+1 17
+1 17
+1 17
+1 17
-7 182
+1 182
+1 182
+1 182
+1 182
+1 182
+1 182
+1 182
+1 193
+1 77
+1 77
+1 77
+2 77
+1 77
+1 77
+1 77
+1 77
+1 77
-5 116
+1 116
+1 116
+1 116
+1 116
+1 116
+10 6
+1 6
+1 6
+2 6
+6 6
+1 6
+1 6
+1 6
+1 6
+5 6
+52 53
+1 53
+1 53
+1 53
+1 53
+2 53
+1 53
+1 53
+1 53
+1 53
+1 53
+1 53
+1 48
+3 48
+1 48
+1 48
+6 48
+1 48
+1 96
+4 48
+1 48
+3 48
+1 48
+1 48
+2 48
+1 48
+1 48
+4 48
+1 48
+1 48
+1 48
+1 48
+1 48
+75 4
+1 4
+1 4
+1 4
+1 4
+2 4
+1 4
+1 4
+1 4
+1 4
+1 4
+1 4
+1 4
+3 4
+1 4
+1 4
+6 4
+1 4
+1 8
+4 4
+1 4
+3 4
+1 4
+1 4
+2 4
+1 4
+1 4
+4 4
+1 4
+1 4
+1 4
+1 4
+1 4
+7 1
+1 1
+2 1
+1 1
+2 1
+1 1
+1 1
+2 1
+1 1
+1 1
+4 1
+1 1
+1 1
+1 1
+1 1
+1 1
661 1
+1 1
+1 1
+1 1
+1 1
+2 1
+1 1
+1 1
+1 1
+1 1
+1 1
+1 1
780 4
+1 4
+1 4
+1 4
+1 4
+2 4
+1 4
+1 4
+1 4
+1 4
+1 4
+1 4
+1 3
+4 3
+1 3
+1 3
+6 3
+1 3
+1 6
+4 3
+1 3
+3 3
+1 3
+1 3
+2 3
+1 3
+1 3
+4 3
+1 3
+1 3
+1 3
+1 3
+1 3
+69 3
+1 3
+1 3
+1 3
+1 3
+2 3
+1 3
+1 3
+1 3
+1 3
+1 3
+1 3
+1 2
+4 2
+1 2
+1 2
+6 2
+1 2
+1 4
+4 2
+1 2
+3 2
+1 2
+1 2
+2 2
+1 2
+1 2
+4 2
+1 2
+1 2
+1 2
+1 2
+1 2
+7 1
+1 1
+2 1
+1 1
+2 1
+1 1
+1 1
+2 1
+1 1
+1 1
+4 1
+1 1
+1 1
+1 1
+1 1
+1 1
+41 3
+1 3
+1 3
+1 3
+1 3
+2 3
+1 3
+1 3
+1 3
+1 3
+1 3
+1 3
+1 2
+4 2
+1 2
+1 2
+6 2
+1 2
+1 4
+4 2
+1 2
+3 2
+1 2
+1 2
+2 2
+1 2
+1 2
+4 2
+1 2
+1 2
+1 2
+1 2
+1 2
+69 13
+1 13
+1 13
+1 13
+1 13
+2 13
+1 13
+1 13
+1 13
+1 13
+1 13
+1 13
+1 6
+4 6
+1 6
+1 6
+6 6
+1 6
+1 12
+4 6
+1 6
+3 6
+1 6
+1 6
+2 6
+1 6
+1 6
+4 6
+1 6
+1 6
+1 6
+1 6
+1 6
+69 33
+1 33
+1 33
+1 33
+1 33
+2 33
+1 33
+1 33
+1 33
+1 33
+1 33
+1 33
+1 15
+4 15
+1 15
+1 15
+6 15
+1 15
+1 30
+4 15
+1 15
+3 15
+1 15
+1 15
+2 15
+1 15
+1 15
+4 15
+1 15
+1 15
+1 15
+1 15
+1 15
+69 12
+1 12
+1 12
+1 12
+1 12
+2 12
+1 12
+1 12
+1 12
+1 12
+1 12
+1 12
+1 6
+4 6
+1 6
+1 6
+6 6
+1 6
+1 12
+4 6
+1 6
+3 6
+1 6
+1 6
+2 6
+1 6
+1 6
+4 6
+1 6
+1 6
+1 6
+1 6
+1 6
+69 12
+1 12
+1 12
+1 12
+1 12
+2 12
+1 12
+1 12
+1 12
+1 12
+1 12
+1 12
+1 11
+4 11
+1 11
+1 11
+6 11
+1 11
+1 22
+4 11
+1 11
+3 11
+1 11
+1 11
+2 11
+1 11
+1 11
+4 11
+1 11
+1 11
+1 11
+1 11
+1 11
+69 8
+1 8
+1 8
+1 8
+1 8
+2 8
+1 8
+1 8
+1 8
+1 8
+1 8
+1 8
+1 5
+4 5
+1 5
+1 5
+6 5
+1 5
+1 10
+4 5
+1 5
+3 5
+1 5
+1 5
+2 5
+1 5
+1 5
+4 5
+1 5
+1 5
+1 5
+1 5
+1 5
+7 1
+1 1
+2 1
+1 1
+2 1
+1 1
+1 1
+2 1
+1 1
+1 1
+4 1
+1 1
+1 1
+1 1
+1 1
+1 1
+41 15
+1 15
+1 15
+1 15
+1 15
+2 15
+1 15
+1 15
+1 15
+1 15
+1 15
+1 15
+1 14
+4 14
+1 14
+1 14
+6 14
+1 14
+1 28
+4 14
+1 14
+3 14
+1 14
+1 14
+2 14
+1 14
+1 14
+4 14
+1 14
+1 14
+1 14
+1 14
+1 14
+7 1
+1 1
+2 1
+1 1
+2 1
+1 1
+1 1
+2 1
+1 1
+1 1
+4 1
+1 1
+1 1
+1 1
+1 1
+1 1
+41 15
+1 15
+1 15
+1 15
+1 15
+2 15
+1 15
+1 15
+1 15
+1 15
+1 15
+1 15
+1 4
+4 4
+1 4
+1 4
+6 4
+1 4
+1 8
+4 4
+1 4
+3 4
+1 4
+1 4
+2 4
+1 4
+1 4
+4 4
+1 4
+1 4
+1 4
+1 4
+1 4
+69 17
+1 17
+1 17
+1 17
+1 17
+2 17
+1 17
+1 17
+1 17
+1 17
+1 17
+1 17
+2 6
+4 6
+1 6
+1 6
+6 6
+1 6
+2 12
+4 6
+1 6
+3 6
+1 6
+1 6
+2 6
+1 6
+1 6
+4 6
+1 6
+1 6
+1 6
+1 6
+1 6
+7 1
+1 1
+2 1
+1 1
+2 1
+1 1
+1 1
+2 1
+1 1
+1 1
+4 1
+1 1
+1 1
+1 1
+1 1
+1 1
+43 126
+2 126
+1 126
+1 126
+1 126
-3 73
+1 73
+1 73
+1 73
+1 154
+5 77
+6 77
+1 77
+8 77
+1 77
-16 355
+6 355
+1 355
+8 355
+1 355

fl=(73)
fn=(246)
30 52
+4 4
+1 8
+10 8
+18 4
-17 4
+17 20

fl=(11)
fn=(58) __GI___tunable_set_val
153 15
-81 40
+81 15
-81 10
+10 5
fi=(303) ./elf/./dl-tunable-types.h
+2 5
fe=(11)
+9 40
+1 25
fi=(12) ./elf/./elf/dl-tunables.h
+47 10
fe=(11)
-26 25
+1 5
+1 5
+1 5
+39 15
fi=(12)
-15 10
fe=(11)
-45 10
+3 5
fi=(12)
+51 5
fe=(11)
-51 5
+4 10
+7 10
+1 10
-12 25

fn=(22)
261 8
+22 1
-22 1
128 1
283 1
-22 1
+6 4
42 210
+6 41
-3 41
+3 3067
+4 82
+4 82
fi=(12)
160 41
fe=(11)
56 82
fi=(12)
161 22
-1 107
+1 145
-1 82
fe=(11)
281 6724
+6 12177
fi=(12)
160 410
+1 820
-1 41
+1 164
-1 205
fe=(11)
304 8

fn=(28)
387 38
+3 76
-3 38
+3 304
+9 35
-9 70
+19 23
+7 228
+2 38
-19 15
+1 15
+9 6

fl=(20) ./elf/../sysdeps/x86/dl-cacheinfo.h
fn=(50) handle_intel.constprop.0
255 24
-5 12
+17 12
-17 96
+11 12
+1 12
+5 36
+4 24
+34 96
-29 12
+3 24
-3 12
+3 36
cfn=(52) intel_check_word.constprop.0
calls=12 123
* 4092
+2 24
+3 60
cfn=(52)
calls=12 123
* 1272
+2 24

fn=(52)
123 48
-4 72
+10 24
-10 96
+10 48
-10 24
+10 24
-10 24
+10 24
+2 48
+71 48
fi=(21) ./elf/../bits/stdlib-bsearch.h
32 24
fe=(20)
202 120
-71 96
+2 60
+2 120
+8 120
+51 96
+22 48
fi=(21)
28 48
-1 96
+2 216
+2 168
+1 84
fe=(20)
+78 168
+3 324
fi=(21)
-78 264
-6 528
+2 480
+1 240
fe=(20)
+78 480
+15 12
246 144
fi=(21)
37 120
fe=(20)
155 36
+3 36
-6 12
+3 39
+9 18
+23 21
-32 63
+3 63
+4 58
+2 116
+3 84
+1 48
+1 48
+1 30
+2 11
+2 22
+6 14
+3 8
+1 12
-20 15
+12 4
+2 4
+1 4
-2 4
-1 4
+2 8
-2 4
+3 4
-2 12
+2 12
+11 2
-9 12

fn=(56) get_common_cache_info.constprop.0
571 11
+17 1
+1 1
+9 1
-12 1
+2 1
+2 1
+8 1
-11 1
+3 1
+11 2
-5 3
+17 1
+5 3
+4 2
770 5
+1 5
+4 2
+8 1
-1 1
+1 1
+1 1
+1 7
627 5
+3 6
-32 5
+75 4
+8 5
+2 2
-2 1
+6 3
+3 1
+1 5
-4 4
+21 2
-21 4
+2 1
+2 4
-4 1
+6 4
+3 2
+5 1
+2 2
+1 1
+1 1
-2 2
+1 1
-19 4
+46 2
+1 1
+1 2
+1 1
+25 3
630 3
+10 6
+14 2
+4 1
+3 1
+1 1
-4 2
+3 3
+6 4
-37 12
+7 6
-7 3
+7 2
+3 20
+5 2
+4 1
+1 1
-1 2
+1 1
+61 2
+7 1
+2 2
-16 1
+22 1
-6 2
+1 1
+5 1
-30 5

fl=(64)
fn=(212)
25 5
+1 20
+1 5

fl=(16)
fn=(42) update_active.constprop.0
72 8
+4 1
+10 1
+9 1
+9 1
-19 1
-1 1
+29 1
-4 1
-24 1
+9 1
+9 1
+9 1
-28 2
+25 1
-15 1
-9 1
+9 1
+9 1
+9 1
-3 1
+7 1
-13 1
+9 1
+4 2
-22 1
+22 2
-13 1
+6 1
+3 1
+5 1
+12 1
-8 1
-4 1
+7 1
-3 4
+1 1
+2 1
-2 2
+1 3
+5 1
+2 1
-2 4
+1 1
+1 1
-1 2
+1 1
-1 1
+3 2
+1 4
+14 2
356 2
+4 3
fi=(18) ./elf/../sysdeps/unix/sysv/linux/x86/dl-hwcap2.h
25 2
fi=(19) ./elf/../sysdeps/x86/get-isa-level.h
+5 1
-2 1
+2 3
fe=(16)
369 1
+1 8
151 2
+1 2
-1 5
+1 2
+2 3
+90 1
+1 1
-1 2
+17 4
+16 2
+5 1
-1 2
+4 4
+4 2
+4 3
+1 2
+3 1
-1 1
+9 1
-5 1
+2 1
-2 1
+5 1
+51 1
fi=(19)
31 1
fe=(16)
356 2
fi=(19)
32 3
+4 3
fe=(16)
158 4
+3 1
+3 2
+14 1
+2 1
+10 3
-12 1
+12 1
-12 1
+2 2
-2 1
+2 1
+8 1
-8 1
+6 3
+2 1
-2 1
+2 3
+7 5
fi=(19)
39 2
+1 4
-2 1
+7 4
+2 1
+1 2
+3 5
+2 4
+1 2
+1 2
+3 1
-1 1
+1 3
fe=(16)
171 1
-5 2
+4 1

fn=(36)
682 1
+17 1
-17 7
+3 1
+1 1
+1 1
+3 1
+9 2
+3 6
1001 3
+1 2
+3 2
+1 2
+6 1
+1 1
+1 1
+1 1
fi=(20)
792 1
+1 1
+2 1
+14 2
+85 1
+1 1
+15 1
-5 1
+5 1
-10 1
-6 1
+2 1
+14 1
-15 1
+2 1
-1 1
+2 1
-1 1
+2 1
-1 1
+1 1
+2 1
+1 1
+1 1
+1 1
+35 2
-15 3
+8 2
+27 6
+9 2
+19 2
+8 6
cfi=(11)
cfn=(28)
calls=1 387
* 23
* 1
+2 2
+3 4
cfi=(11)
cfn=(28)
calls=1 387
* 23
* 1
+2 2
+3 4
cfi=(11)
cfn=(28)
calls=1 387
* 23
* 1
+1 5
+16 2
-12 5
cfi=(11)
cfn=(28)
calls=1 387
* 23
* 1
+1 3
+6 3
+3 1
-3 2
cfi=(11)
cfn=(28)
calls=1 387
* 23
* 1
+3 5
-3 1
+3 5
cfi=(11)
cfn=(58)
calls=1 153
* 62
+1 10
cfi=(11)
cfn=(58)
calls=1 153
* 62
+1 11
cfi=(11)
cfn=(58)
calls=1 153
* 62
+3 10
cfi=(11)
cfn=(58)
calls=1 153
* 62
+2 10
cfi=(11)
cfn=(58)
calls=1 153
* 62
+13 1
+2 1
fe=(16)
-23 1
fi=(20)
+21 1
+3 1
fe=(16)
-24 1
fi=(20)
+26 1
-5 1
+2 1
-2 1
+3 1
fe=(16)
-24 1
fi=(20)
+25 1
+3 1
-1 1
fe=(16)
-27 1
cfi=(11)
cfn=(28)
calls=1 387
* 22
+3 4
cfi=(11)
cfn=(28)
calls=1 387
* 24
+6 3
+54 1
-1 1
+1 1
+45 4
cfi=(11)
cfn=(28)
calls=1 387
* 22
+2 4
cfi=(11)
cfn=(28)
calls=1 387
* 22
+6 4
cfi=(11)
cfn=(28)
calls=1 387
* 24
+7 8
fi=(20)
974 12
fe=(16)
+68 1
-1 2
+1 3
+44 3
+27 2
-10 2
+1 2
+2 3
+1 2
+2 3
+1 2
fi=(20)
811 2
cfn=(50)
calls=1 255
* 455
+1 1
-1 1
+1 1
cfn=(50)
calls=1 255
* 503
+1 1
-1 1
+1 1
cfn=(50)
calls=1 255
* 530
+4 1
-4 1
+1 2
+3 1
cfn=(50)
calls=1 255
* 476
+2 1
-2 1
+2 1
cfn=(50)
calls=1 255
* 468
+3 1
-3 1
+1 2
+2 1
cfn=(50)
calls=1 255
* 446
+2 1
-2 1
+2 1
cfn=(50)
calls=1 255
* 447
+3 1
-2 1
-1 1
+3 1
cfn=(50)
calls=1 255
* 494
+2 1
-2 1
+2 1
cfn=(50)
calls=1 255
* 495
+1 1
+2 1
-3 1
+1 1
+2 1
cfn=(50)
calls=1 255
* 521
+2 1
-2 1
+2 1
cfn=(50)
calls=1 255
* 522
+2 1
-2 1
+2 1
cfn=(50)
calls=1 255
* 523
+2 4
-2 1
+2 1
cfn=(56)
calls=1 571
* 223
+93 1
-6 3
+6 1
-6 2
+6 2
-6 2
+6 2
-1 2
fe=(16)
708 6
cfn=(38) get_common_indices.constprop.0
calls=1 398
* 74
376 3
+1 2
+1 6
+5 2
713 1
cfn=(42)
calls=1 72
* 222
+2 1
+2 1
1015 1
715 2
878 2
+7 2
+2 2
+4 2
+6 2
+2 1
706 2
-3 1
384 6
+5 2
+1 7
717 1
fi=(20)
987 1
-48 1
fe=(16)
717 1
fi=(20)
987 2
fe=(16)
717 6
+4 7
+78 1
-25 3
+92 2
+3 2
fi=(20)
+38 1
fe=(16)
-37 1
-89 2
+51 2

fn=(38)
398 3
+4 4
+3 3
+5 2
-5 1
+5 1
-5 1
+4 1
+1 1
+1 4
+1 4
+1 3
+1 2
+7 2
+2 5
+5 1
-5 1
+5 1
-5 1
+5 1
-5 2
+5 1
+7 1
-7 4
+7 1
+1 3
+6 1
-6 4
+6 1
fi=(17) ./elf/../sysdeps/unix/sysv/linux/x86/dl-minsigstacksize.h
24 2
+3 2
+1 2
+37 3
+7 1
+2 1
fe=(16)
457 3

fl=(65) ./io/../sysdeps/unix/sysv/linux/access.c
fn=(218) access
25 1
+2 7
+4 1

fl=(14)
fn=(30)
36 1
fi=(304) ./elf/../sysdeps/unix/sysv/linux/brk_call.h
-12 2
fe=(14)
+13 1
+1 2
+6 1
+1 1

fl=(37)
fn=(108)
172 6
+3 1
-3 3
+3 1
-3 5
+2 1
cfi=(38) ./elf/../sysdeps/x86_64/dl-hwcaps-subdirs.c
cfn=(110) _dl_hwcaps_subdirs_active
calls=1 29
* 49
+1 1
fi=(40) ./elf/./dl-hwcaps.h
43 1
fe=(37)
174 1
fi=(40)
45 2
+32 1
+1 1
+1 1
fe=(37)
-27 2
cfi=(39) ./elf/./elf/dl-hwcaps_split.c
cfn=(114) _dl_hwcaps_split_masked
calls=1 -1
* 23
* 2
fi=(40)
-9 1
+2 1
-2 1
+34 2
+1 2
+1 1
fe=(37)
-24 2
-1 2
+1 2
+1 2
+1 2
-5 4
cfi=(39)
cfn=(114)
calls=2 -1
* 130
* 2
cfi=(39)
cfn=(114)
calls=1 -1
* 125
* 6
+48 4
fi=(28)
-44 2
cfi=(27)
cfn=(78)
calls=1 -20
* 30
fe=(37)
+46 2
-2 1
+2 1
+3 1
+3 1
fi=(40)
-65 1
+2 1
fe=(37)
+67 1
fi=(40)
-66 1
fe=(37)
+66 2
cfi=(39)
cfn=(120) _dl_hwcaps_split
calls=1 -87
* 13
* 2
fi=(40)
-69 1
+2 1
-2 1
+34 2
+1 2
+1 1
fe=(37)
+48 10
+1 4
+1 2
+1 2
-1 2
-4 4
cfi=(39)
cfn=(114)
calls=2 -74
* 130
* 2
cfi=(39)
cfn=(114)
calls=1 -74
* 125
* 6
+8 3
+9 5
+3 8
-2 6
+14 1
+4 1
+1 1
+1 1
-20 3
+19 1
+1 1
-20 2
+8 2
+4 2
-4 3
+4 2
cfi=(42)
cfn=(122)
calls=1 -96
* 19
+1 3
-14 8
+47 1
-4 2
+4 2
-3 1
+7 1
-7 2
+7 1
fi=(28)
56 1
cfi=(27)
cfn=(78)
calls=1 -20
* 30
* 1
fe=(37)
194 2
+8 1
fi=(40)
43 1
fe=(37)
201 1
80 1
fi=(40)
-35 1
fe=(37)
+35 1
202 1
fi=(40)
77 1
+1 1
fe=(37)
202 3
fi=(40)
79 1
fe=(37)
-2 2
cfi=(39)
cfn=(114)
calls=1 -26
* 23
* 2
fi=(40)
-34 1
+2 1
fe=(37)
+35 2
fi=(40)
-37 1
+34 2
+1 2
+1 3
fe=(37)
+1 4
+7 2
-7 8
cfi=(29)
cfn=(126)
calls=2 197
* 26
+4 2
+2 2
+2 2
-2 4
-9 4
cfi=(39)
cfn=(114)
calls=2 -26
* 130
* 2
cfi=(39)
cfn=(114)
calls=1 -26
* 125
* 6
213 2
-5 1
+1 1
-1 1
+5 1
+3 9

fl=(75) ./elf/./elf/dl-version.c
fn=(260) _dl_check_map_versions
155 60
+15 18
+2 30
+2 6
+1 6
+2 12
+3 8
-16 8
+20 4
-4 4
-24 4
+28 28
+16 8
36 4
200 4
36 28
200 4
36 2
200 2
36 14
+1 23
-1 46
+2 87
cfi=(54)
cfn=(186)
calls=29 +30
* 2889
* 64
208 18
+5 6
fi=(305) ./elf/../sysdeps/generic/_itoa.h
76 18
fe=(75)
213 12
+4 12
+1 12
-1 12
+4 6
-3 6
+3 6
-3 18
-1 28
+1 28
-1 28
+4 14
-3 14
+3 14
-3 72
56 80
+8 60
+6 60
+16 20
+1 40
+2 20
+5 140
+14 518
+12 717
+4 239
-30 478
231 80
+3 60
+5 14
-24 14
110 20
+3 100
cfi=(32)
cfn=(94)
calls=20 -15
* 908
* 60
224 60
+1 3
cfi=(32)
cfn=(94)
calls=1 98
* 71
* 2
+3 14
+15 18
+5 2
-50 2
+59 20
+3 6
+3 21
+3 12
+4 3
-7 12
+3 9
+4 59
-7 236
+3 180
+8 9
+6 10
fi=(28)
44 5
fe=(75)
280 10
fi=(28)
44 5
cfi=(27)
cfn=(74)
calls=5 +36
* 205
fe=(75)
281 10
-2 5
fi=(28)
44 5
fe=(75)
281 5
+13 5
-3 5
+3 20
+2 10
+3 16
+4 18
+7 20
+1 20
-1 60
+1 20
+1 20
-2 20
+2 40
+1 60
+3 60
+5 14
-15 14
+2 14
-2 14
+2 14
-2 14
+2 28
-2 6
+2 6
-2 6
+2 6
-2 6
+2 12
+16 18
+5 2
-28 2
+33 8
+3 6
+4 62
+6 62
+1 62
+1 62
-1 186
+1 62
-1 62
+1 62
+1 62
+3 186
+4 62
-14 130
+10 9
+12 6
+1 8
+1 8
+1 4
+19 54
164 2
-8 2
257 5
+17 6
+60 2
-40 2
+76 4
+2 4
+4 2
-4 120
+1 60
+2 1
+1 2
-1 1
+1 1
cfi=(32)
cfn=(144)
calls=1 98
* 32
* 2

fn=(258) _dl_check_all_versions
392 7
+4 5
-2 1
+4 36
cfn=(260)
calls=6 155
* 10295
-2 6
+2 18
-1 6
-1 12
+5 7

fl=(13)
fn=(252) dfs_traversal.part.0
135 90
+10 10
-2 10
+2 20
+2 28
-7 40
+7 72
+9 20
+15 30
+1 10
+1 66
cfn=(253) dfs_traversal.part.0'2
calls=2 -38
* 85
-26 10
+9 15

fn=(253)
135 18
+10 2
-2 2
+2 4
+2 8
-7 8
+7 16
+9 4
+15 6
+1 2
+1 12
-17 3

fn=(250)
298 24
+8 2
-8 2
+8 4
+4 16
-99 2
-28 2
-2 2
+1 4
+29 2
-28 8
+1 2
-1 2
+1 2
-1 4
+1 10
-1 10
+1 10
-1 20
+28 30
+8 6
-3 2
+2 2
+1 4
-3 2
+5 38
+2 12
-83 54
cfn=(252)
calls=10 -5
* 506
+86 34
+18 8
+32 8
+7 2
+27 2
-47 6
cfi=(29)
cfn=(82)
calls=2 -53
* 38
* 2

fn=(26)
289 2
+1 2
-1 2
+1 2
cfi=(11)
cfn=(28)
calls=1 +97
* 24
+2 3
-1 1
+2 2

fl=(25) ./elf/./elf/dl-environ.c
fn=(70) _dl_next_ld_env_entry
28 3
+1 3
+3 49
+13 39
-13 78
+2 82
+1 18
+5 2
-3 2
+3 2
+2 2

fl=(22)
fn=(62)
57 30
+44 30
+1 30
+1 30
+1 30
+1 30
+1 30
+1 30
+2 30
+2 30
+31 30
+1 30
+1 30
+1 30
+1 30
+1 16
+2 16
+4 14
+1 14
+1 14
+1 14
+1 14
+1 14
+1 14
+1 14
+1 14
+1 14
+1 14
+1 14
+5 112

fl=(23)
fn=(64)
37 4
+3 1
-3 2
+21 2
+4 2
+16 5

fl=(59)
fn=(200)
47 20
+3 40
-3 120
+6 40
+5 120
+2 80
-7 43

fl=(57)
fn=(196)
30 5
+9 20
+33 5

fl=(38)
fn=(110)
29 1
fi=(19)
+2 1
fe=(38)
+7 1
fi=(19)
-8 4
fe=(38)
+22 1
fi=(19)
-20 3
+4 1
fe=(38)
+2 1
fi=(19)
-2 2
+3 4
+1 4
+5 1
fe=(38)
-7 1
fi=(19)
+7 3
fe=(38)
-2 1
fi=(19)
+5 2
+3 5
+2 4
+1 2
+1 2
+3 1
fe=(38)
-10 1
fi=(19)
+10 3
fe=(38)

fl=(234)
fn=(876)
71 10
+5 10
+3 10
+2 10
+10 10
+6 10
+1 10
+1 10
+1 10
+1 10
+1 10
+1 10
+4 10
+1 10
+3 10
+1 10
+2 10
+1 10
+1 10
+1 10
+1 10
+1 10
+2 10
+7 10
+1 10
+1 10
cfi=(235)
cfn=(878)
calls=10 -84
* 7235
+1 10
+5 10
+1 10
+1 10
+2 10
+1 10
+1 10
+1 10
+1 10
+1 10
+1 10
+2 10
+2 10
+4 10
+2 10

fl=(8)
fn=(14)
25 6
+3 6
-3 6
+3 12
+3 18
+1 12
+2 6
-1 6
+3 18
+1 6
+1 12
+7 6
-5 6
-2 6
+3 12
+2 6
+2 12
+5 6

fl=(67)
fn=(228)
28 10
+1 20
cfi=(68)
cfn=(230)
calls=5 146
* 48

fl=(2)
fn=(172) handle_preload_list
869 11
+5 1
-5 2
+5 2
-4 3
+7 3
cfi=(51)
cfn=(174)
calls=1 32
* 254
* 1
+1 3
+9 1
183 1
889 2
183 2
891 2
-80 1
+5 1
-6 1
-4 1
+10 2
-6 1
+4 1
+2 2
-5 1
+1 1
+4 1
cfi=(52)
cfn=(176) _dl_catch_error
calls=1 254
* 2754
+1 3
+8 3
+67 1
-18 2
+21 9
-15 4
cfi=(29)
cfn=(82)
calls=1 210
* 19
+1 2

fn=(182) map_doit
641 2
+2 1
-2 4
+2 1
+1 2
-1 2
+1 3
cfi=(30)
cfn=(184)
calls=1 1967
* 2643
* 1
+2 3

fn=(2)
517 16
85 1
547 4
85 1
543 1
fi=(6)
55 1
fe=(2)
+30 1
546 1
85 1
fi=(3) ./elf/./get-dynamic-info.h
-40 1
fe=(2)
546 1
fi=(3)
45 2
+23 18
-23 72
+4 36
+3 5
-1 10
+3 20
+1 16
+1 5
fi=(4)
+23 1
fi=(3)
+31 1
-38 3
+12 4
+1 3
+1 4
+1 4
+1 5
+1 3
+1 4
+1 4
+12 7
+7 2
-51 4
+64 3
+6 3
+1 3
+3 2
+1 3
+5 5
+3 5
fe=(2)
563 154
fi=(4)
79 1
fe=(2)
563 1
fi=(4)
79 2
fe=(2)
563 27
fi=(6)
287 3
fi=(5)
49 1
fe=(2)
563 1
fi=(5)
50 1
-1 2
+4 1
-3 1
+3 4
+3 2
-7 1
fe=(2)
563 1
fi=(5)
50 1
-1 2
+4 1
-3 1
+3 4
+3 2
+7 3
+2 3
-2 6
fi=(6)
278 3
fi=(5)
64 6
fi=(6)
278 6
+9 24
+3 6
+1 6
+26 8
+6 2
fi=(5)
61 13
fe=(2)
563 6
fi=(5)
51 1
fi=(4)
+28 2
fi=(3)
-17 4
+2 4
fe=(2)
565 1
+13 1
cfi=(7)
cfn=(12)
calls=1 42
* 10
458 2
85 1
476 2
85 3
476 1
cfi=(8)
cfn=(14)
calls=1 25
* 27
+2 1
+16 2
-17 1
+11 1
-10 1
+16 1
cfi=(9)
cfn=(16)
calls=1 102
* 216691
* 1
+2 2
+89 9
fi=(3)
103 3
fe=(2)

fn=(256) version_check_doit
674 2
+2 1
-2 4
+2 3
cfi=(75)
cfn=(258)
calls=1 392
* 10393
* 2
+4 3

fn=(262) init_tls
734 1
+6 1
-6 3
+2 2
+4 2
+11 1
fi=(28)
44 1
fe=(2)
746 1
+4 1
fi=(28)
44 1
cfi=(27)
cfn=(74)
calls=1 +36
* 96
fe=(2)
761 1
-12 1
+6 1
-9 1
+11 1
+4 1
+2 3
-1 2
+3 12
+4 1
+2 1
-2 2
-5 1
-1 2
+10 3
+3 2
cfi=(48)
cfn=(264) _dl_tls_static_surplus_init
calls=1 97
* 86
+3 1
cfi=(48)
cfn=(266) _dl_determine_tlsoffset
calls=1 216
* 79
+7 1
cfi=(48)
cfn=(268) _dl_allocate_tls_storage
calls=1 417
* 414
* 1
+1 2
+6 1
fi=(76) ./elf/../sysdeps/generic/dl-call_tls_init_tp.h
31 2
fe=(2)
793 1
fi=(76)
31 6
+2 1
cfi=(24)
cfn=(272)
calls=1 +35
* 79
fe=(2)
800 1
-3 1
+3 4
-36 5
-1 11

fn=(66)
1346 2
197 1
1346 11
199 1
302 1
+1 1
197 1
+99 3
1357 1
cfi=(24)
cfn=(68)
calls=1 53
* 17
2749 1
2538 1
2749 2
2598 1
+2 2
+15 1
-13 2
cfi=(25)
cfn=(70)
calls=1 28
* 59
* 4
cfi=(25)
cfn=(70)
calls=2 28
* 221
* 9
+4 6
-2 2
+2 6
+1 2
-1 6
+1 17
-1 89
+9 12
2727 3
1373 1
+1 2
-1 2
+1 2
2687 3
-47 2
+10 2
1637 9
cfi=(26)
cfn=(72)
calls=1 59
* 210
* 1
+2 2
+1 3
+6 1
-5 2
+1 3
+4 1
cfi=(26)
cfn=(84)
calls=1 31
* 42
+1 2
1116 1
-1 1
1351 1
1143 1
-21 2
+21 2
-19 1
+1 1
-3 1
+21 2
+57 1
-82 1
+25 1
-3 1
+4 1
+19 1
+37 4
-56 102
+56 4
-1 4
+1 8
-1 4
+2 8
+1 1
+2 12
+1 14
+4 8
+1 8
+1 4
+4 12
-72 27
1253 2
+1 22
+6 4
cfi=(30)
cfn=(88)
calls=1 868
* 90
-7 26
+1 13
+6 13
-6 26
fi=(31)
235 4
+1 2
-87 4
fe=(2)
1148 1
-5 1
+5 2
-5 2
+30 1
-9 2
+2 1
-3 1
+10 2
+18 2
-38 2
-10 1
+10 1
+1 9
-11 2
+1 14
1247 1
1143 1
1247 2
1143 3
1266 4
+3 3
+2 3
1672 3
+2 2
-1 1
+1 1
+1 3
-2 2
cfi=(32)
cfn=(94)
calls=1 98
* 25
* 2
+7 1
+3 1
-5 1
+3 1
+2 1
+1 2
+4 2
+2 2
fi=(3)
39 4
+4 1
+2 1
+9 1
+1 1
-10 2
+23 28
-23 112
+4 56
+3 6
-1 12
+3 24
+1 20
fe=(2)
1243 1
1143 1
1243 1
1143 2
fi=(3)
72 4
+43 2
+7 3
+1 4
+6 3
+18 4
+5 2
+2 2
+2 2
+2 2
+1 2
+3 4
+2 3
+1 2
+9 2
+6 2
+1 3
+3 3
+2 1
fe=(2)
1698 4
+7 2
cfi=(8)
cfn=(14)
calls=1 25
* 27
+3 2
fi=(33) ./elf/./setup-vdso.h
24 2
fi=(36) ./elf/./dl-main.h
+85 2
fi=(35) ./elf/../sysdeps/unix/sysv/linux/dl-vdso-setup.h
-64 1
fi=(36)
+64 3
cfi=(30)
cfn=(106)
calls=1 706
* 3878
fe=(2)
1733 3
cfi=(47)
cfn=(162)
calls=1 56
* 34
+7 1
-5 1
-2 1
+7 1
+4 1
+1 1
+2 1
-3 3
+1 2
+3 1
+11 1
-13 1
+13 1
+1 2
+5 1
-3 2
+2 1
+1 2
+5 3
+1 5
-1 2
224 1
+1 1
-1 1
+1 3
+1 2
1788 2
+5 1
-1 1
1352 1
1793 1
+24 1
cfi=(48)
cfn=(164) _dl_count_modids
calls=1 192
* 6
* 1
fi=(49) ./elf/../sysdeps/generic/dl-debug.h
29 4
+1 1
fe=(2)
1823 1
+1 1
cfi=(47)
cfn=(168)
calls=1 116
* 2
+1 1
+4 3
cfi=(50)
cfn=(170)
calls=1 29
* 17
+5 3
+2 1
+2 2
+9 2
+16 4
cfi=(65)
cfn=(218)
calls=1 25
* 9
* 2
+76 4
+16 3
85 1
1965 1
85 2
1965 1
85 1
1965 5
85 1
1965 2
cfi=(66)
cfn=(220)
calls=1 143
* 19563
92 1
+9 1
1971 1
92 2
+9 2
1971 2
+1 6
-1 4
+1 10
-1 20
+4 3
+1 2
+1 1
+2 22
+1 10
+46 1
-42 2
+8 3
+1 2
+2 1
+2 3
+2 1
-4 1
+5 1
-1 2
+14 2
+1 2
+1 3
-25 1
+36 2
+2 1
-2 1
+2 2
-2 1
+1 2
+1 1
-1 2
+1 1
cfi=(52)
cfn=(254) _dl_receive_error
calls=1 186
* 10430
+10 1
+1 1
-1 1
+1 1
+3 2
837 1
fi=(306) ./elf/../sysdeps/unix/sysv/linux/dl-osinfo.h
39 2
fe=(2)
839 1
fi=(306)
52 1
fe=(2)
848 1
+7 1
-5 1
2047 3
2246 2
+4 1
-4 1
+10 1
-6 1
+6 1
-6 1
+9 2
+8 2
fi=(31)
36 2
+1 3
+3 3
+13 8
-13 5
+9 10
-9 1
+9 24
+4 20
-16 18
+34 1
fe=(2)
2279 1
fi=(31)
71 1
cfi=(78)
cfn=(276)
calls=1 361
* 55
fe=(2)
2282 1
-3 2
+5 1
-2 2
+2 2
+1 6
cfi=(79)
cfn=(278)
calls=1 207
* 71991
85 2
2292 1
85 2
2292 1
+1 23
+2 12
+5 12
+2 12
+6 6
+2 12
+1 40
cfi=(79)
cfn=(278)
calls=5 207
* 65255
+4 14
+1 2
-23 1
+23 1
cfi=(48)
cfn=(454) _dl_add_to_slotinfo
calls=1 1017
* 28
-23 3
92 3
+1 1
2325 1
93 1
2325 1
+4 4
+2 1
+7 4
cfi=(48)
cfn=(540) _dl_allocate_tls_init
calls=1 523
* 149
+3 2
+4 3
+2 2
+33 3
cfi=(172)
cfn=(564)
calls=1 27
* 603
+7 1
cfi=(9)
cfn=(580)
calls=1 147
* 2
+3 3
cfi=(50)
cfn=(582)
calls=1 41
* 11
+4 2
cfi=(47)
cfn=(214)
calls=1 38
* 7
+1 1
-1 1
+2 1
cfi=(47)
cfn=(168)
calls=1 116
* 2
+1 1
+4 1
cfi=(69)
cfn=(584)
calls=1 525
* 19
+5 8
2304 1
+1 1
-3 2
226 2
-2 1
+1 1
1773 1
+6 1
-6 2
+6 1
fi=(3)
56 5
+3 4
fi=(34) ./elf/../sysdeps/unix/sysv/linux/dl-vdso.h
-19 2
+1 5
fi=(35)
-11 1
+3 1
+3 1
+3 1
fi=(34)
+16 2
fi=(3)
+17 3
+12 3
+1 5
+1 5
+1 5
+1 4
+1 5
+1 5
+1 5
+12 2
+7 1
-7 7
+7 2
fe=(2)
1743 4
2357 1
cfi=(166)
cfn=(542)
calls=1 561
* 873
+5 3
cfi=(7)
cfn=(550)
calls=1 76
* 2651
+3 1
cfi=(170)
cfn=(558)
calls=1 30
* 503
85 1
2371 1
+1 3
85 3
2372 2
cfi=(79)
cfn=(278)
calls=1 207
* 1785
92 3
+9 3
2687 2
+2 1
+1 1
-1 1
+1 1
+1 1
2040 2
cfn=(262)
calls=1 734
* 841
* 2
2650 2
+2 2
+1 1
fi=(3)
62 4
+2 4
fe=(2)
1943 10
85 1
1842 2
85 3
1842 2
cfn=(172)
calls=1 869
* 3098
* 1
92 3
+9 3
1943 6
+1 1
-1 1
+4 3
+1 1
+1 2
+1 2
-7 2

fl=(39)
fn=(120)
25 5
+1 3
+21 1
-20 1
+20 3

fn=(114)
51 110
-25 44
+36 5
-7 5
+7 35
-26 24
+5 27
cfi=(41)
cfn=(118)
calls=9 -9
* 216
* 9
+1 18
+3 6
+11 12
+1 18
+1 12
-2 6
+1 9
+1 6
-28 24
+4 48
+1 12
-1 30
+24 6
+9 12
-5 6
-2 6
+2 42
-19 6
cfi=(22)
cfn=(62)
calls=3 +14
* 51
* 6

fl=(48)
fn=(164)
192 1
+2 2
+1 1
+15 2

fn=(454)
1017 8
+9 1
-9 1
+6 1
+4 1
+4 3
+34 2
+3 2
+1 3
+3 6

fn=(244)
125 1
+16 1
-13 1
-3 3
+3 1
+55 1
-2 1
+5 1
+1 2

fn=(540)
523 11
+1 2
+4 1
+6 1
-6 1
+6 1
cfi=(24)
cfn=(86)
calls=1 42
* 3
+3 3
+12 1
-18 1
+42 3
-19 12
+9 3
+1 2
+6 3
+3 1
-2 1
+2 1
-2 1
+2 4
+4 1
-4 1
+4 1
-1 2
+4 2
+1 4
+2 2
+1 2
+17 1
-8 1
+8 1
+2 4
cfi=(29)
cfn=(126)
calls=1 197
* 13
* 6
cfi=(43)
cfn=(130)
calls=1 132
* 25
-49 1
+55 1
-55 4
+6 5
+55 2
cfi=(24)
cfn=(86)
calls=1 42
* 3
+3 2
+3 9

fn=(264)
97 2
+3 1
-3 3
+3 1
-3 1
+3 1
-3 1
+3 1
-3 1
+3 1
cfi=(11)
cfn=(28)
calls=1 387
* 23
* 1
+1 4
cfi=(11)
cfn=(28)
calls=1 387
* 23
+1 1
+2 1
-3 1
+1 2
+2 3
+3 1
+2 1
-26 3
+28 3
+1 6

fn=(266)
216 9
+6 4
+3 2
+36 3
+2 1
-2 1
-2 1
-40 1
-1 1
-1 1
+46 2
+23 3
+3 1
-3 5
+2 2
+6 1
-33 2
+20 1
-20 5
+2 2
+3 1
-1 1
+5 2
-5 1
+1 1
-1 1
+3 2
+2 3
+32 2
-1 1
+53 1
-52 5
+2 2
+51 8

fn=(268)
417 7
+2 1
+11 1
+1 1
fi=(28)
56 1
cfi=(27)
cfn=(78)
calls=1 -20
* 30
fe=(48)
432 2
+8 3
fi=(28)
44 1
fe=(48)
440 2
+5 1
-5 1
+1 1
+4 304
+19 1
-99 1
+4 1
+1 1
fi=(28)
44 1
cfi=(27)
cfn=(74)
calls=1 +36
* 41
fe=(48)
371 2
+3 1
+6 2
+90 7

fl=(80)
fn=(286)
772 1080
+3 180
-3 540
+3 180
-3 720
fi=(81) ./elf/../sysdeps/generic/dl-new-hash.h
74 180
+3 360
-8 180
+1 360
+10 180
+1 360
-1 984
+1 1968
+20 1078
-2 1078
+6 1078
-3 2156
+2 1078
-30 1078
+3 2156
fe=(80)
774 180
+1 180
+3 180
-4 180
+1 180
+7 676
+5 180
-2 180
+2 180
-2 180
+6 2585
+1 2520
cfn=(290) do_lookup_x
calls=180 347
* 76700
* 540
+28 180
-23 540
+23 180
-23 360
+24 986
+7 167
-7 167
+35 668
+34 668
-20 501
+3 334
-57 180
+76 1620
fi=(81)
87 86
+1 86
+1 172
+1 86
fe=(80)
871 2
-72 78
+18 39
+11 52

fn=(292) check_match
70 2580
+3 1024
+13 168
-13 168
+13 168
-13 168
+13 504
+3 764
cfi=(32)
cfn=(94)
calls=107 +9
* 5283
* 214
+4 168
+1 336
+2 318
+19 318
+1 1272
+2 2
+43 167
+1 1376
-18 18
+2 18
+1 9
-1 18
+1 27
-1 18
-68 2
+39 474
cfi=(32)
cfn=(94)
calls=158 -19
* 6425
* 316
-44 16
+5 8

fn=(290)
347 1620
+1 180
-1 720
+6 180
-6 180
+65 180
-58 180
+11 180
+50 180
-3 360
+3 360
-50 180
+50 720
-19 2298
+8 766
-4 766
+1 766
+3 3064
+1 1532
+3 766
-3 766
+4 1532
+4 1532
-2 766
+5 3064
+3 5362
+99 1812
358 1542
+3 1542
+4 1582
+21 1532
+4 1532
+71 1336
fi=(4)
139 334
+1 501
fe=(80)
476 334
fi=(82) ./elf/../sysdeps/generic/dl-protected.h
29 668
fe=(80)
483 1228
+16 334
+1 167
+22 167
-21 167
+21 1169
-99 549
-1 366
+2 366
+2 178
+6 712
-6 178
+6 1246
+7 636
-10 1895
+2 172
+1 516
-1 172
+1 344
-1 172
+1 172
+1 172
-1 172
+1 172
-1 1204
cfn=(292)
calls=172 70
* 22347
+4 516
+3 10
+31 88
+52 13
-1 13
+1 91
-35 81

fl=(52)
fn=(176)
254 6
+2 1
-2 6
+2 1
cfn=(178)
calls=1 -52
* 2728
+1 2
+1 1
+1 1
-1 1
+1 1
+2 6

fn=(178)
204 48
58 8
204 16
+3 16
+22 8
-1 8
+1 8
58 16
235 24
cfi=(53) ./setjmp/../sysdeps/x86_64/setjmp.S
cfn=(180) __sigsetjmp
calls=8 31
* 192
* 24
+2 24
cfi=(66)
cfn=(224)
calls=7 61
* 16038
cfi=(2)
cfn=(182)
calls=1 641
* 2662
69 8
+1 8
-1 8
+1 8
239 32
-25 8
+34 24
59 16
+11 24

fn=(254)
186 2
58 1
186 4
+2 1
-2 1
58 1
+1 1
+11 1
192 1
+2 1
cfi=(2)
cfn=(256)
calls=1 674
* 10408
69 2
+1 1
198 1
-1 1
+1 3

fl=(53)
fn=(180)
31 8
+2 8
+9 8
+1 16
+1 8
+4 8
+1 8
+1 8
+1 8
+1 8
+2 16
+2 8
+1 8
+1 8
+2 16
+2 8
+8 8
+3 8
+1 8
+7 8
+1 8

fl=(41)
fn=(118)
32 24
+1 24
+1 24
+1 24
+1 24
+1 24
+1 24
+1 24
+1 24
+1 24
+1 24
+1 24
+1 24
+1 24
+1 24
+1 24
+1 24
+1 24
+1 21
+4 21
+1 21
+1 21
+1 21
+2 21
+4 3
+1 3
+1 3
+1 3
+1 3
+1 3
+1 3
+1 3
+1 3
+1 3
+1 3
+1 3
+1 3
+1 3
+1 3
+1 3
+1 3
+1 3
+1 3
+1 3
+1 3
+1 3
+1 3
+1 3
+52 3
+4 3
+1 3
+1 3
+1 3
+2 3

ob=(5)
fl=(181)
fn=(1252) 0x0000000000001060
0 5

fn=(1242)
0 9
cob=(4)
cfi=(178)
cfn=(1248)
calls=1 0
0 80
0 1
cfn=(1252)
calls=1 0
0 5
0 3

fn=(604)
0 12

ob=(7)
fl=(188)
fn=(860) seekchunk
0 34
cob=(4)
cfi=(178)
cfn=(828)
calls=2 0
0 260
0 5
cob=(4)
cfi=(178)
cfn=(828)
calls=1 0
0 130
0 31
cob=(4)
cfi=(178)
cfn=(862)
calls=1 0
0 22
0 75
cob=(4)
cfi=(178)
cfn=(862)
calls=25 0
0 550
0 72

fn=(942) mp4atom_head
0 12
cob=(4)
cfi=(178)
cfn=(760)
calls=1 0
0 179
0 7
cfn=(944) mem_write.constprop.0
calls=1 0
0 18
0 2
cfn=(944)
calls=1 0
0 18
0 2
cfn=(944)
calls=1 0
0 18
0 3
cfn=(944)
calls=1 0
0 18
0 3
cfn=(946) mem_write
calls=1 0
0 40
0 3
cfn=(944)
calls=1 0
0 18
0 2
cfn=(950) end_atom
calls=1 0
0 21
0 6
cfn=(944)
calls=1 0
0 18
0 2
cfn=(944)
calls=1 0
0 18
0 2
cfn=(950)
calls=1 0
0 21
0 5
cob=(4)
cfi=(178)
cfn=(952)
calls=1 0
0 262
0 2
cob=(4)
cfi=(178)
cfn=(964)
calls=1 0
0 87
0 3
cob=(4)
cfi=(178)
cfn=(966)
calls=1 0
0 141
0 5
cfn=(944)
calls=1 0
0 155
0 2
cfn=(944)
calls=1 0
0 155
0 8

fn=(944)
0 1809
cob=(4)
cfi=(178)
cfn=(952)
calls=3 0
0 540

fn=(642)
0 12
cob=(2)
cfi=(189)
cfn=(644)
calls=1 242
0 11353696784

fn=(1216)
0 9
cob=(4)
cfi=(178)
cfn=(1222)
calls=1 0
0 80
0 1
cfn=(1232) 0x00000000000042a0
calls=1 0
0 5
0 3

fn=(1168) put_tag.part.0
0 17
cfn=(944)
calls=1 0
0 18
0 2
cfn=(944)
calls=1 0
0 18
0 6
cfn=(944)
calls=1 0
0 18
0 2
cfn=(944)
calls=1 0
0 18
0 3
cfn=(944)
calls=1 0
0 18
0 3
cfn=(944)
calls=1 0
0 18
0 2
cob=(4)
cfi=(178)
cfn=(758)
calls=1 0
0 16
0 3
cfn=(946)
calls=1 0
0 40
0 2
cfn=(950)
calls=1 0
0 21
0 16

fn=(672)
0 23
cob=(4)
cfi=(178)
cfn=(674)
calls=1 0
0 122
0 3
cob=(4)
cfi=(178)
cfn=(674)
calls=1 0
0 122
0 3
cob=(4)
cfi=(178)
cfn=(688)
calls=1 0
0 13
0 8
cob=(4)
cfi=(178)
cfn=(692)
calls=1 0
0 779
0 58
cob=(4)
cfi=(178)
cfn=(738)
calls=1 0
0 568
0 21
cob=(4)
cfi=(178)
cfn=(738)
calls=3 0
0 2386
0 71
cob=(4)
cfi=(178)
cfn=(794)
calls=1 0
0 24
0 6
cob=(4)
cfi=(178)
cfn=(796)
calls=1 0
0 22
0 9
cob=(4)
cfi=(178)
cfn=(866)
calls=1 0
0 755524
0 12
cob=(4)
cfi=(178)
cfn=(760)
calls=1 0
0 174
0 3
cob=(4)
cfi=(178)
cfn=(760)
calls=1 0
0 174
0 23
cob=(4)
cfi=(178)
cfn=(910)
calls=1 0
0 5
0 31
cob=(4)
cfi=(178)
cfn=(914)
calls=1 0
0 3411
0 5
cob=(4)
cfi=(178)
cfn=(796)
calls=1 0
0 22
0 478209
cfn=(992) wav_read_float32
calls=28125 0
0 424912500
0 618830
cob=(4)
cfi=(178)
cfn=(994)
calls=28129 0
0 10913260714
0 86085
cob=(4)
cfi=(178)
cfn=(1000)
calls=566 0
0 4528
0 10724
cob=(4)
cfi=(178)
cfn=(1108)
calls=564 0
0 38352
0 3394
cob=(4)
cfi=(178)
cfn=(758)
calls=1 0
0 16
0 6
cob=(4)
cfi=(178)
cfn=(760)
calls=1 0
0 1825
0 8
cob=(4)
cfi=(178)
cfn=(786)
calls=1 0
0 20
0 10
cfn=(800) wav_open_read
calls=1 0
0 2825
0 533281
cob=(4)
cfi=(178)
cfn=(1196)
calls=1 0
0 4627
0 2
cfn=(1200) wav_close
calls=1 0
0 690
0 8
cob=(4)
cfi=(178)
cfn=(964)
calls=1 0
0 203
0 5
cob=(4)
cfi=(178)
cfn=(964)
calls=1 0
0 242
0 4
cob=(4)
cfi=(178)
cfn=(964)
calls=1 0
0 87
0 112506
cfn=(1116) mp4atom_frame
calls=28126 0
0 7164653
0 56264
cob=(4)
cfi=(178)
cfn=(984)
calls=1 0
0 190
0 9
cob=(4)
cfi=(178)
cfn=(692)
calls=1 0
0 858
0 10
cob=(4)
cfi=(178)
cfn=(692)
calls=1 0
0 804
0 5
cob=(4)
cfi=(178)
cfn=(952)
calls=1 0
0 245
0 9
cob=(4)
cfi=(178)
cfn=(692)
calls=1 0
0 806
0 9
cob=(4)
cfi=(178)
cfn=(952)
calls=1 0
0 245
0 3
cob=(4)
cfi=(178)
cfn=(984)
calls=1 0
0 190
0 5
cob=(4)
cfi=(178)
cfn=(952)
calls=1 0
0 245
0 4
cob=(4)
cfi=(178)
cfn=(758)
calls=1 0
0 16
0 3
cob=(4)
cfi=(178)
cfn=(760)
calls=1 0
0 342
0 5
cob=(4)
cfi=(178)
cfn=(1136)
calls=1 0
0 500
0 6
cob=(4)
cfi=(178)
cfn=(1140)
calls=1 0
0 58
0 56
cfn=(1144) mp4atom_tail
calls=1 0
0 204294
0 1
cfn=(1174) mp4atom_close
calls=1 0
0 890
0 2
cob=(4)
cfi=(178)
cfn=(964)
calls=1 0
0 87
0 5
cfn=(934) mp4atom_open
calls=1 0
0 1196
0 3
cfn=(942)
calls=1 0
0 1256
0 15
cob=(4)
cfi=(178)
cfn=(692)
calls=1 0
0 846
0 11
cob=(4)
cfi=(178)
cfn=(692)
calls=1 0
0 815
0 13
cob=(4)
cfi=(178)
cfn=(952)
calls=1 0
0 245
0 25381
cob=(4)
cfi=(178)
cfn=(692)
calls=564 0
0 5398110
0 1135
cob=(4)
cfi=(178)
cfn=(692)
calls=1 0
0 934
0 7
cob=(4)
cfi=(178)
cfn=(952)
calls=1 0
0 245
0 7
cob=(4)
cfi=(178)
cfn=(952)
calls=1 0
0 245
0 1

fn=(992)
0 646875
cob=(4)
cfi=(178)
cfn=(828)
calls=28125 0
0 20109375
0 404156250

fn=(1174)
0 6
cob=(4)
cfi=(178)
cfn=(1176)
calls=1 0
0 706
0 5
cob=(4)
cfi=(178)
cfn=(964)
calls=1 0
0 166
0 7

fn=(1200)
0 7
cob=(4)
cfi=(178)
cfn=(1176)
calls=1 0
0 588
0 3
cob=(4)
cfi=(178)
cfn=(964)
calls=1 0
0 87
0 5

fn=(934)
0 30
cob=(4)
cfi=(178)
cfn=(802)
calls=1 0
0 626
0 8
cob=(4)
cfi=(178)
cfn=(936)
calls=1 0
0 342
0 3
cob=(4)
cfi=(178)
cfn=(760)
calls=1 0
0 179
0 8

fn=(950)
0 567

fn=(1144)
0 14
cob=(4)
cfi=(178)
cfn=(966)
calls=1 0
0 141
0 6
cob=(4)
cfi=(178)
cfn=(1146)
calls=1 0
0 377
0 6
cfn=(944)
calls=1 0
0 275
0 4
cob=(4)
cfi=(178)
cfn=(1146)
calls=1 0
0 392
0 16
cob=(4)
cfi=(178)
cfn=(760)
calls=1 0
0 400
0 3
cfn=(1160) start_atom
calls=1 0
0 37
0 3
cfn=(1160)
calls=1 0
0 37
0 3
cob=(4)
cfi=(178)
cfn=(1162)
calls=1 0
0 8
0 4
cfn=(944)
calls=1 0
0 18
0 5
cfn=(944)
calls=1 0
0 18
0 3
cfn=(944)
calls=1 0
0 18
0 5
cfn=(944)
calls=1 0
0 18
0 5
cfn=(944)
calls=1 0
0 18
0 4
cfn=(944)
calls=1 0
0 18
0 4
cfn=(1166) mem_write.constprop.1
calls=1 0
0 18
0 4
cfn=(1166)
calls=1 0
0 18
0 3
cfn=(944)
calls=1 0
0 18
0 3
cfn=(944)
calls=1 0
0 18
0 3
cfn=(944)
calls=1 0
0 18
0 3
cfn=(944)
calls=1 0
0 18
0 3
cfn=(944)
calls=1 0
0 18
0 3
cfn=(944)
calls=1 0
0 18
0 3
cfn=(944)
calls=1 0
0 18
0 3
cfn=(944)
calls=1 0
0 18
0 3
cfn=(944)
calls=1 0
0 18
0 3
cfn=(944)
calls=1 0
0 18
0 4
cfn=(944)
calls=1 0
0 18
0 3
cfn=(944)
calls=1 0
0 18
0 3
cfn=(944)
calls=1 0
0 18
0 3
cfn=(944)
calls=1 0
0 18
0 3
cfn=(944)
calls=1 0
0 18
0 3
cfn=(944)
calls=1 0
0 18
0 3
cfn=(944)
calls=1 0
0 18
0 3
cfn=(944)
calls=1 0
0 18
0 2
cfn=(950)
calls=1 0
0 21
0 2
cfn=(1160)
calls=1 0
0 37
0 3
cfn=(1160)
calls=1 0
0 37
0 5
cfn=(944)
calls=1 0
0 18
0 3
cfn=(944)
calls=1 0
0 18
0 3
cfn=(944)
calls=1 0
0 18
0 4
cfn=(944)
calls=1 0
0 18
0 3
cfn=(944)
calls=1 0
0 18
0 5
cfn=(944)
calls=1 0
0 18
0 3
cfn=(944)
calls=1 0
0 18
0 3
cfn=(944)
calls=1 0
0 18
0 4
cfn=(1166)
calls=1 0
0 18
0 4
cfn=(1166)
calls=1 0
0 18
0 3
cfn=(1166)
calls=1 0
0 18
0 4
cfn=(1166)
calls=1 0
0 18
0 3
cfn=(944)
calls=1 0
0 18
0 3
cfn=(944)
calls=1 0
0 18
0 3
cfn=(944)
calls=1 0
0 18
0 3
cfn=(944)
calls=1 0
0 18
0 3
cfn=(944)
calls=1 0
0 18
0 3
cfn=(944)
calls=1 0
0 18
0 3
cfn=(944)
calls=1 0
0 18
0 3
cfn=(944)
calls=1 0
0 18
0 4
cfn=(944)
calls=1 0
0 18
0 3
cfn=(944)
calls=1 0
0 18
0 3
cfn=(944)
calls=1 0
0 18
0 2
cfn=(950)
calls=1 0
0 21
0 2
cfn=(1160)
calls=1 0
0 37
0 3
cfn=(1160)
calls=1 0
0 37
0 6
cfn=(944)
calls=1 0
0 18
0 3
cfn=(944)
calls=1 0
0 18
0 4
cfn=(944)
calls=1 0
0 18
0 5
cfn=(944)
calls=1 0
0 18
0 5
cfn=(944)
calls=1 0
0 18
0 4
cfn=(1166)
calls=1 0
0 18
0 4
cfn=(1166)
calls=1 0
0 18
0 2
cfn=(950)
calls=1 0
0 21
0 2
cfn=(1160)
calls=1 0
0 37
0 4
cfn=(944)
calls=1 0
0 18
0 3
cfn=(944)
calls=1 0
0 18
0 2
cfn=(944)
calls=1 0
0 18
0 3
cfn=(944)
calls=1 0
0 18
0 3
cfn=(944)
calls=1 0
0 18
0 3
cfn=(944)
calls=1 0
0 18
0 4
cfn=(946)
calls=1 0
0 43
0 2
cfn=(950)
calls=1 0
0 21
0 2
cfn=(1160)
calls=1 0
0 37
0 3
cfn=(1160)
calls=1 0
0 37
0 4
cfn=(944)
calls=1 0
0 18
0 3
cfn=(1166)
calls=1 0
0 18
0 3
cfn=(1166)
calls=1 0
0 18
0 2
cfn=(950)
calls=1 0
0 21
0 2
cfn=(1160)
calls=1 0
0 37
0 3
cfn=(1160)
calls=1 0
0 37
0 4
cfn=(944)
calls=1 0
0 18
0 4
cfn=(944)
calls=1 0
0 18
0 2
cfn=(1160)
calls=1 0
0 37
0 5
cfn=(944)
calls=1 0
0 18
0 2
cfn=(950)
calls=1 0
0 21
0 2
cfn=(950)
calls=1 0
0 21
0 2
cfn=(950)
calls=1 0
0 21
0 2
cfn=(1160)
calls=1 0
0 37
0 3
cfn=(1160)
calls=1 0
0 37
0 4
cfn=(944)
calls=1 0
0 18
0 4
cfn=(944)
calls=1 0
0 18
0 2
cfn=(1160)
calls=1 0
0 37
0 5
cfn=(946)
calls=1 0
0 43
0 4
cfn=(946)
calls=1 0
0 43
0 4
cfn=(946)
calls=1 0
0 43
0 4
cfn=(946)
calls=1 0
0 43
0 4
cfn=(946)
calls=1 0
0 43
0 4
cfn=(946)
calls=1 0
0 43
0 4
cfn=(1166)
calls=1 0
0 18
0 3
cfn=(944)
calls=1 0
0 18
0 3
cfn=(944)
calls=1 0
0 18
0 5
cfn=(1166)
calls=1 0
0 18
0 5
cfn=(1166)
calls=1 0
0 18
0 4
cfn=(1166)
calls=1 0
0 18
0 4
cfn=(1166)
calls=1 0
0 18
0 5
cfn=(1166)
calls=1 0
0 18
0 4
cfn=(1166)
calls=1 0
0 18
0 2
cfn=(1160)
calls=1 0
0 37
0 4
cfn=(944)
calls=1 0
0 18
0 20
cfn=(946)
calls=1 0
0 42
0 4
cfn=(1166)
calls=1 0
0 18
0 4
cfn=(946)
calls=1 0
0 43
0 20
cfn=(946)
calls=1 0
0 42
0 4
cfn=(946)
calls=1 0
0 43
0 4
cfn=(946)
calls=1 0
0 43
0 4
cfn=(946)
calls=1 0
0 43
0 4
cfn=(946)
calls=1 0
0 43
0 4
cfn=(946)
calls=1 0
0 43
0 5
cfn=(944)
calls=1 0
0 18
0 5
cfn=(944)
calls=1 0
0 18
0 19
cfn=(946)
calls=1 0
0 42
0 3
cfn=(946)
calls=1 0
0 45
0 5
cfn=(946)
calls=1 0
0 42
0 4
cfn=(946)
calls=1 0
0 43
0 2
cfn=(950)
calls=1 0
0 21
0 2
cfn=(950)
calls=1 0
0 21
0 2
cfn=(950)
calls=1 0
0 21
0 2
cfn=(1160)
calls=1 0
0 37
0 4
cfn=(944)
calls=1 0
0 18
0 4
cfn=(944)
calls=1 0
0 18
0 5
cfn=(944)
calls=1 0
0 18
0 5
cfn=(944)
calls=1 0
0 18
0 2
cfn=(950)
calls=1 0
0 21
0 2
cfn=(1160)
calls=1 0
0 37
0 4
cfn=(944)
calls=1 0
0 18
0 4
cfn=(944)
calls=1 0
0 18
0 4
cfn=(944)
calls=1 0
0 18
0 5
cfn=(944)
calls=1 0
0 18
0 4
cfn=(944)
calls=1 0
0 18
0 2
cfn=(950)
calls=1 0
0 21
0 2
cfn=(1160)
calls=1 0
0 37
0 4
cfn=(944)
calls=1 0
0 18
0 3
cfn=(944)
calls=1 0
0 18
0 5
cfn=(944)
calls=1 0
0 18
0 196898
cfn=(950)
calls=1 0
0 21
0 2
cfn=(1160)
calls=1 0
0 37
0 4
cfn=(944)
calls=1 0
0 18
0 4
cfn=(944)
calls=1 0
0 18
0 5
cfn=(944)
calls=1 0
0 18
0 2
cfn=(950)
calls=1 0
0 21
0 2
cfn=(950)
calls=1 0
0 21
0 2
cfn=(950)
calls=1 0
0 21
0 2
cfn=(950)
calls=1 0
0 21
0 2
cfn=(950)
calls=1 0
0 21
0 2
cfn=(1160)
calls=1 0
0 37
0 3
cfn=(1160)
calls=1 0
0 37
0 4
cfn=(944)
calls=1 0
0 18
0 2
cfn=(1160)
calls=1 0
0 37
0 4
cfn=(944)
calls=1 0
0 18
0 3
cfn=(944)
calls=1 0
0 18
0 3
cfn=(946)
calls=1 0
0 40
0 3
cfn=(944)
calls=1 0
0 18
0 3
cfn=(944)
calls=1 0
0 18
0 4
cfn=(946)
calls=1 0
0 43
0 2
cfn=(950)
calls=1 0
0 21
0 2
cfn=(1160)
calls=1 0
0 37
0 6
cfn=(1168)
calls=1 0
0 241
0 58
cfn=(950)
calls=1 0
0 21
0 2
cfn=(950)
calls=1 0
0 21
0 2
cfn=(950)
calls=1 0
0 21
0 2
cfn=(950)
calls=1 0
0 21
0 7
cob=(4)
cfi=(178)
cfn=(952)
calls=1 0
0 595
0 2
cob=(4)
cfi=(178)
cfn=(964)
calls=1 0
0 74
0 13

fn=(1232)
0 5

fn=(800)
0 19
cob=(4)
cfi=(178)
cfn=(802)
calls=1 0
0 622
0 23
cob=(4)
cfi=(178)
cfn=(828)
calls=1 0
0 581
0 11
cfn=(860)
calls=1 0
0 164
0 21
cob=(4)
cfi=(178)
cfn=(828)
calls=1 0
0 128
0 10
cfn=(860)
calls=1 0
0 1015
0 9
cob=(4)
cfi=(178)
cfn=(760)
calls=1 0
0 192
0 30

fn=(1116)
0 393764
cob=(4)
cfi=(178)
cfn=(952)
calls=28126 0
0 5846997
0 906026
cob=(4)
cfi=(178)
cfn=(1120)
calls=3 0
0 17851
0 15

fn=(654)
0 12

fn=(946)
0 414
cob=(4)
cfi=(178)
cfn=(948)
calls=23 0
0 403
0 161

fn=(1166)
0 324

fn=(1160)
0 888

totals: 11353914766
