{
  "sha": null,
  "matrix": {
    "voip_C_02_CHOP_FA.wav": {
      "mos": 3.12823,
      "size": 15346,
      "bitrate": 14.561067457375835,
      "bitrate_target": 16,
      "time": 0.018106698989868164,
      "md5": "761da63dd6a12bfa6b4e026d1618b9cb",
      "thresh": 2.5,
      "scenario": "voip",
      "filename": "C_02_CHOP_FA.wav"
    },
    "voip_C_01_COMPSPKR_MK.wav": {
      "mos": 3.0688,
      "size": 15482,
      "bitrate": 16.58558847129125,
      "bitrate_target": 16,
      "time": 0.017238855361938477,
      "md5": "7cca0e9226f71b0d8f97d93366dfdc35",
      "thresh": 2.5,
      "scenario": "voip",
      "filename": "C_01_COMPSPKR_MK.wav"
    },
    "voip_C_02_COMPSPKR_MK.wav": {
      "mos": 2.96584,
      "size": 16837,
      "bitrate": 17.589356125567445,
      "bitrate_target": 16,
      "time": 0.018209457397460938,
      "md5": "d55faa2c42dd61734cad8697a29062ea",
      "thresh": 2.5,
      "scenario": "voip",
      "filename": "C_02_COMPSPKR_MK.wav"
    },
    "voip_C_01_CHOP_FA.wav": {
      "mos": 3.14002,
      "size": 15699,
      "bitrate": 14.52213859512254,
      "bitrate_target": 16,
      "time": 0.019198179244995117,
      "md5": "6b8d6a8bc7495576c0bd75200886287d",
      "thresh": 2.5,
      "scenario": "voip",
      "filename": "C_01_CHOP_FA.wav"
    },
    "voip_C_04_CHOP_FA.wav": {
      "mos": 3.29407,
      "size": 17208,
      "bitrate": 14.776661110462907,
      "bitrate_target": 16,
      "time": 0.02023601531982422,
      "md5": "5c401405011f7f7d66acc37de6bc46b4",
      "thresh": 2.5,
      "scenario": "voip",
      "filename": "C_04_CHOP_FA.wav"
    },
    "voip_C_03_CHOP_FA.wav": {
      "mos": 3.35607,
      "size": 16578,
      "bitrate": 14.893309756901171,
      "bitrate_target": 16,
      "time": 0.019199848175048828,
      "md5": "45e8a2a45755e3530d53f7bb17c4f7ea",
      "thresh": 2.5,
      "scenario": "voip",
      "filename": "C_03_CHOP_FA.wav"
    },
    "voip_C_03_COMPSPKR_MK.wav": {
      "mos": 3.18571,
      "size": 19526,
      "bitrate": 20.500240622702947,
      "bitrate_target": 16,
      "time": 0.01831221580505371,
      "md5": "d2a35e8dd122a7d0b1c98e5649aeee67",
      "thresh": 2.5,
      "scenario": "voip",
      "filename": "C_03_COMPSPKR_MK.wav"
    },
    "voip_C_04_COMPSPKR_MK.wav": {
      "mos": 3.26615,
      "size": 16714,
      "bitrate": 19.070553002108838,
      "bitrate_target": 16,
      "time": 0.01736903190612793,
      "md5": "d44f606741566f1982380e1556ab4d8d",
      "thresh": 2.5,
      "scenario": "voip",
      "filename": "C_04_COMPSPKR_MK.wav"
    },
    "voip_C_06_CHOP_FA.wav": {
      "mos": 2.90599,
      "size": 16695,
      "bitrate": 14.8166423864246,
      "bitrate_target": 16,
      "time": 0.018219947814941406,
      "md5": "4d1a120816a09e60650e62463fea2adf",
      "thresh": 2.5,
      "scenario": "voip",
      "filename": "C_06_CHOP_FA.wav"
    },
    "voip_C_05_COMPSPKR_MK.wav": {
      "mos": 3.08948,
      "size": 17199,
      "bitrate": 20.003742196669446,
      "bitrate_target": 16,
      "time": 0.016670703887939453,
      "md5": "f87a48362ac3d1cd9c6342c1b5376f68",
      "thresh": 2.5,
      "scenario": "voip",
      "filename": "C_05_COMPSPKR_MK.wav"
    },
    "voip_C_06_COMPSPKR_MK.wav": {
      "mos": 3.06178,
      "size": 17958,
      "bitrate": 19.63813311429346,
      "bitrate_target": 16,
      "time": 0.01854252815246582,
      "md5": "febbd45d285dc941fa172767b03498a8",
      "thresh": 2.5,
      "scenario": "voip",
      "filename": "C_06_COMPSPKR_MK.wav"
    },
    "voip_C_05_CHOP_FA.wav": {
      "mos": 3.14874,
      "size": 18967,
      "bitrate": 15.1736,
      "bitrate_target": 16,
      "time": 0.021114826202392578,
      "md5": "63ee974b289e99989017e7e95fdcc511",
      "thresh": 2.5,
      "scenario": "voip",
      "filename": "C_05_CHOP_FA.wav"
    },
    "voip_C_08_COMPSPKR_MK.wav": {
      "mos": 2.7464,
      "size": 15852,
      "bitrate": 17.703078104278635,
      "bitrate_target": 16,
      "time": 0.01707291603088379,
      "md5": "13413844e4e43ac55268b125e20490ed",
      "thresh": 2.5,
      "scenario": "voip",
      "filename": "C_08_COMPSPKR_MK.wav"
    },
    "voip_C_07_CHOP_FA.wav": {
      "mos": 3.0962,
      "size": 16930,
      "bitrate": 14.794303581425197,
      "bitrate_target": 16,
      "time": 0.019403457641601562,
      "md5": "6aa8bf0473ce09b8dc164e95a6232226",
      "thresh": 2.5,
      "scenario": "voip",
      "filename": "C_07_CHOP_FA.wav"
    },
    "voip_C_08_CHOP_FA.wav": {
      "mos": 2.85219,
      "size": 16811,
      "bitrate": 15.33183618939437,
      "bitrate_target": 16,
      "time": 0.019273757934570312,
      "md5": "5a6d3487915715f9fb95de14b5ae3d1c",
      "thresh": 2.5,
      "scenario": "voip",
      "filename": "C_08_CHOP_FA.wav"
    },
    "voip_C_07_COMPSPKR_MK.wav": {
      "mos": 3.0676,
      "size": 17253,
      "bitrate": 18.48282895589639,
      "bitrate_target": 16,
      "time": 0.018225431442260742,
      "md5": "e2fc5bf03515107b84fd633e7fc06cc7",
      "thresh": 2.5,
      "scenario": "voip",
      "filename": "C_07_COMPSPKR_MK.wav"
    },
    "voip_C_10_COMPSPKR_MK.wav": {
      "mos": 2.71369,
      "size": 16669,
      "bitrate": 18.323716331964423,
      "bitrate_target": 16,
      "time": 0.017367839813232422,
      "md5": "2aee22b5e392c7d7012388463b38fc99",
      "thresh": 2.5,
      "scenario": "voip",
      "filename": "C_10_COMPSPKR_MK.wav"
    },
    "voip_C_09_CHOP_FA.wav": {
      "mos": 3.07204,
      "size": 14748,
      "bitrate": 15.005555352062807,
      "bitrate_target": 16,
      "time": 0.01694035530090332,
      "md5": "546ffd3060f7958d37049a6c64ed3d11",
      "thresh": 2.5,
      "scenario": "voip",
      "filename": "C_09_CHOP_FA.wav"
    },
    "voip_C_09_COMPSPKR_MK.wav": {
      "mos": 3.24807,
      "size": 16984,
      "bitrate": 19.017705927636644,
      "bitrate_target": 16,
      "time": 0.017191410064697266,
      "md5": "4aeae824d575527d71d0fd89118667fe",
      "thresh": 2.5,
      "scenario": "voip",
      "filename": "C_09_COMPSPKR_MK.wav"
    },
    "voip_C_10_CHOP_FA.wav": {
      "mos": 3.12247,
      "size": 16077,
      "bitrate": 14.576941603150766,
      "bitrate_target": 16,
      "time": 0.01844024658203125,
      "md5": "a3369bffcb2bb1c1ad4d08891bab5920",
      "thresh": 2.5,
      "scenario": "voip",
      "filename": "C_10_CHOP_FA.wav"
    },
    "voip_C_11_COMPSPKR_MK.wav": {
      "mos": 3.09678,
      "size": 16016,
      "bitrate": 14.77490774907749,
      "bitrate_target": 16,
      "time": 0.018926382064819336,
      "md5": "6d09ae921e016d33c6759f9f9b711360",
      "thresh": 2.5,
      "scenario": "voip",
      "filename": "C_11_COMPSPKR_MK.wav"
    },
    "voip_C_12_COMPSPKR_MK.wav": {
      "mos": 3.09093,
      "size": 14909,
      "bitrate": 14.588062622309197,
      "bitrate_target": 16,
      "time": 0.01851820945739746,
      "md5": "3b9bd1f13862deef4fd1d24554988088",
      "thresh": 2.5,
      "scenario": "voip",
      "filename": "C_12_COMPSPKR_MK.wav"
    },
    "voip_C_11_CHOP_FA.wav": {
      "mos": 3.32109,
      "size": 14518,
      "bitrate": 14.28288935827346,
      "bitrate_target": 16,
      "time": 0.018491268157958984,
      "md5": "a3f94a61096a0af90664a32a61b42c5a",
      "thresh": 2.5,
      "scenario": "voip",
      "filename": "C_11_CHOP_FA.wav"
    },
    "voip_C_12_CHOP_FA.wav": {
      "mos": 3.16951,
      "size": 16631,
      "bitrate": 14.674579551258839,
      "bitrate_target": 16,
      "time": 0.020375490188598633,
      "md5": "c10ddbf09983fa9b1692df19a17edace",
      "thresh": 2.5,
      "scenario": "voip",
      "filename": "C_12_CHOP_FA.wav"
    },
    "voip_C_14_CHOP_FA.wav": {
      "mos": 3.27483,
      "size": 14441,
      "bitrate": 14.888467301573556,
      "bitrate_target": 16,
      "time": 0.01668524742126465,
      "md5": "7bfe874f3895166b213e5618d56f000d",
      "thresh": 2.5,
      "scenario": "voip",
      "filename": "C_14_CHOP_FA.wav"
    },