{
  "sha": null,
  "matrix": {
    "voip_C_02_COMPSPKR_MK.wav": {
      "mos": 2.95041,
      "size": 16837,
      "bitrate": 17.589356125567445,
      "bitrate_target": 16,
      "time": 0.13753271102905273,
      "md5": "d55faa2c42dd61734cad8697a29062ea",
      "thresh": 2.5,
      "scenario": "voip",
      "filename": "C_02_COMPSPKR_MK.wav"
    },
    "voip_C_02_CHOP_FA.wav": {
      "mos": 3.12823,
      "size": 15346,
      "bitrate": 14.561067457375835,
      "bitrate_target": 16,
      "time": 0.07201743125915527,
      "md5": "761da63dd6a12bfa6b4e026d1618b9cb",
      "thresh": 2.5,
      "scenario": "voip",
      "filename": "C_02_CHOP_FA.wav"
    },
    "voip_C_01_COMPSPKR_MK.wav": {
      "mos": 3.0688,
      "size": 15482,
      "bitrate": 16.58558847129125,
      "bitrate_target": 16,
      "time": 0.09312224388122559,
      "md5": "7cca0e9226f71b0d8f97d93366dfdc35",
      "thresh": 2.5,
      "scenario": "voip",
      "filename": "C_01_COMPSPKR_MK.wav"
    },
    "voip_C_01_CHOP_FA.wav": {
      "mos": 3.14277,
      "size": 15737,
      "bitrate": 14.557289959325015,
      "bitrate_target": 16,
      "time": 0.11965107917785645,
      "md5": "ce8ff0c4a0c6f1ac19c23840c6450dfe",
      "thresh": 2.5,
      "scenario": "voip",
      "filename": "C_01_CHOP_FA.wav"
    },
    "voip_C_04_COMPSPKR_MK.wav": {
      "mos": 3.26662,
      "size": 16707,
      "bitrate": 19.062566052784035,
      "bitrate_target": 16,
      "time": 0.02897787094116211,
      "md5": "536fcf1ac2fb05421125a7fd18ffdde9",
      "thresh": 2.5,
      "scenario": "voip",
      "filename": "C_04_COMPSPKR_MK.wav"
    },
    "voip_C_03_COMPSPKR_MK.wav": {
      "mos": 3.18571,
      "size": 19526,
      "bitrate": 20.500240622702947,
      "bitrate_target": 16,
      "time": 0.04542970657348633,
      "md5": "d2a35e8dd122a7d0b1c98e5649aeee67",
      "thresh": 2.5,
      "scenario": "voip",
      "filename": "C_03_COMPSPKR_MK.wav"
    },
    "voip_C_03_CHOP_FA.wav": {
      "mos": 3.33394,
      "size": 16594,
      "bitrate": 14.907683804199422,
      "bitrate_target": 16,
      "time": 0.045162200927734375,
      "md5": "5de923b4d59640a2ced6275ff12416bb",
      "thresh": 2.5,
      "scenario": "voip",
      "filename": "C_03_CHOP_FA.wav"
    },
    "voip_C_04_CHOP_FA.wav": {
      "mos": 3.29407,
      "size": 17208,
      "bitrate": 14.776661110462907,
      "bitrate_target": 16,
      "time": 0.05908036231994629,
      "md5": "5c401405011f7f7d66acc37de6bc46b4",
      "thresh": 2.5,
      "scenario": "voip",
      "filename": "C_04_CHOP_FA.wav"
    },
    "voip_C_05_COMPSPKR_MK.wav": {
      "mos": 3.08948,
      "size": 17199,
      "bitrate": 20.003742196669446,
      "bitrate_target": 16,
      "time": 0.02723240852355957,
      "md5": "f87a48362ac3d1cd9c6342c1b5376f68",
      "thresh": 2.5,
      "scenario": "voip",
      "filename": "C_05_COMPSPKR_MK.wav"
    },
    "voip_C_06_CHOP_FA.wav": {
      "mos": 2.90599,
      "size": 16636,
      "bitrate": 14.764280487604651,
      "bitrate_target": 16,
      "time": 0.039003610610961914,
      "md5": "b121762df7cedf656a93063f41f08722",
      "thresh": 2.5,
      "scenario": "voip",
      "filename": "C_06_CHOP_FA.wav"
    },
    "voip_C_05_CHOP_FA.wav": {
      "mos": 3.14874,
      "size": 18967,
      "bitrate": 15.1736,
      "bitrate_target": 16,
      "time": 0.04975628852844238,
      "md5": "63ee974b289e99989017e7e95fdcc511",
      "thresh": 2.5,
      "scenario": "voip",
      "filename": "C_05_CHOP_FA.wav"
    },
    "voip_C_06_COMPSPKR_MK.wav": {
      "mos": 3.13432,
      "size": 17958,
      "bitrate": 19.63813311429346,
      "bitrate_target": 16,
      "time": 0.03521990776062012,
      "md5": "febbd45d285dc941fa172767b03498a8",
      "thresh": 2.5,
      "scenario": "voip",
      "filename": "C_06_COMPSPKR_MK.wav"
    },
    "voip_C_07_CHOP_FA.wav": {
      "mos": 3.0962,
      "size": 16930,
      "bitrate": 14.794303581425197,
      "bitrate_target": 16,
      "time": 0.03394460678100586,
      "md5": "6aa8bf0473ce09b8dc164e95a6232226",
      "thresh": 2.5,
      "scenario": "voip",
      "filename": "C_07_CHOP_FA.wav"
    },
    "voip_C_08_CHOP_FA.wav": {
      "mos": 2.85219,
      "size": 16794,
      "bitrate": 15.316331982909348,
      "bitrate_target": 16,
      "time": 0.03370523452758789,
      "md5": "0dce8c73a1d262c64cb2f640df349cf5",
      "thresh": 2.5,
      "scenario": "voip",
      "filename": "C_08_CHOP_FA.wav"
    },
    "voip_C_08_COMPSPKR_MK.wav": {
      "mos": 2.72664,
      "size": 15884,
      "bitrate": 17.738814825155302,
      "bitrate_target": 16,
      "time": 0.028200149536132812,
      "md5": "a8a33e399b879d6d2084390207a0b520",
      "thresh": 2.5,
      "scenario": "voip",
      "filename": "C_08_COMPSPKR_MK.wav"
    },
    "voip_C_07_COMPSPKR_MK.wav": {
      "mos": 3.12192,
      "size": 17253,
      "bitrate": 18.48282895589639,
      "bitrate_target": 16,
      "time": 0.03642392158508301,
      "md5": "a22d26f22d9def1298bcdc4e215c8440",
      "thresh": 2.5,
      "scenario": "voip",
      "filename": "C_07_COMPSPKR_MK.wav"
    },
    "voip_C_09_CHOP_FA.wav": {
      "mos": 3.1349,
      "size": 14779,
      "bitrate": 15.037096728243572,
      "bitrate_target": 16,
      "time": 0.030684947967529297,
      "md5": "caca05162caa39d9713442b5c9b7087c",
      "thresh": 2.5,
      "scenario": "voip",
      "filename": "C_09_CHOP_FA.wav"
    },
    "voip_C_09_COMPSPKR_MK.wav": {
      "mos": 3.24807,
      "size": 16984,
      "bitrate": 19.017705927636644,
      "bitrate_target": 16,
      "time": 0.027449846267700195,
      "md5": "4aeae824d575527d71d0fd89118667fe",
      "thresh": 2.5,
      "scenario": "voip",
      "filename": "C_09_COMPSPKR_MK.wav"
    },
    "voip_C_10_COMPSPKR_MK.wav": {
      "mos": 2.71686,
      "size": 16658,
      "bitrate": 18.31162437205971,
      "bitrate_target": 16,
      "time": 0.028224945068359375,
      "md5": "3e3595a69661c47ac945bc757dc03067",
      "thresh": 2.5,
      "scenario": "voip",
      "filename": "C_10_COMPSPKR_MK.wav"
    },
    "voip_C_10_CHOP_FA.wav": {
      "mos": 3.12247,
      "size": 16077,
      "bitrate": 14.576941603150766,
      "bitrate_target": 16,
      "time": 0.03024601936340332,
      "md5": "a3369bffcb2bb1c1ad4d08891bab5920",
      "thresh": 2.5,
      "scenario": "voip",
      "filename": "C_10_CHOP_FA.wav"
    },
    "voip_C_11_COMPSPKR_MK.wav": {
      "mos": 3.09678,
      "size": 16016,
      "bitrate": 14.77490774907749,
      "bitrate_target": 16,
      "time": 0.03408098220825195,
      "md5": "6d09ae921e016d33c6759f9f9b711360",
      "thresh": 2.5,
      "scenario": "voip",
      "filename": "C_11_COMPSPKR_MK.wav"
    },
    "voip_C_12_CHOP_FA.wav": {
      "mos": 3.16386,
      "size": 16597,
      "bitrate": 14.644579208240211,
      "bitrate_target": 16,
      "time": 0.03616833686828613,
      "md5": "0fec8748ad7cf9d58fc4adfceca524e9",
      "thresh": 2.5,
      "scenario": "voip",
      "filename": "C_12_CHOP_FA.wav"
    },
    "voip_C_12_COMPSPKR_MK.wav": {
      "mos": 3.11482,
      "size": 15082,
      "bitrate": 14.7573385518591,
      "bitrate_target": 16,
      "time": 0.03492403030395508,
      "md5": "ef38e1c90e50aa468d710694a1e47e90",
      "thresh": 2.5,
      "scenario": "voip",
      "filename": "C_12_COMPSPKR_MK.wav"
    },
    "voip_C_11_CHOP_FA.wav": {
      "mos": 3.26225,
      "size": 14505,
      "bitrate": 14.270099885780173,
      "bitrate_target": 16,
      "time": 0.03465127944946289,
      "md5": "a9e07932567f88d3735a4da3ef2087ea",
      "thresh": 2.5,
      "scenario": "voip",
      "filename": "C_11_CHOP_FA.wav"
    },
    "voip_C_14_CHOP_FA.wav": {
      "mos": 3.27483,
      "size": 14429,
      "bitrate": 14.876095470840303,
      "bitrate_target": 16,
      "time": 0.02527308464050293,
      "md5": "745ad60cf46030215be4a887959a515a",
      "thresh": 2.5,
      "scenario": "voip",
      "filename": "C_14_CHOP_FA.wav"
    },