{
  "sha": null,
  "matrix": {
    "voip_C_04_CHOP_FA.wav": {
      "mos": 3.06878,
      "size": 7077,
      "bitrate": 6.077082210526848,
      "bitrate_target": 16,
      "time": 0.06169843673706055,
      "md5": "5229c4c6ee82a9411ba9d7f0e318a02e",
      "thresh": 2.5,
      "scenario": "voip",
      "filename": "C_04_CHOP_FA.wav"
    },
    "voip_C_02_CHOP_FA.wav": {
      "mos": 3.27817,
      "size": 6009,
      "bitrate": 5.701645663454411,
      "bitrate_target": 16,
      "time": 0.06231188774108887,
      "md5": "0b5ca04adea0f9d64d511ebeca92c4c4",
      "thresh": 2.5,
      "scenario": "voip",
      "filename": "C_02_CHOP_FA.wav"
    },
    "voip_C_01_CHOP_FA.wav": {
      "mos": 2.5816,
      "size": 6184,
      "bitrate": 5.7204220060027895,
      "bitrate_target": 16,
      "time": 0.07977867126464844,
      "md5": "18028b081bc0eba650726f100be302c2",
      "thresh": 2.5,
      "scenario": "voip",
      "filename": "C_01_CHOP_FA.wav"
    },
    "voip_C_03_CHOP_FA.wav": {
      "mos": 2.00088,
      "size": 6457,
      "bitrate": 5.800826462800751,
      "bitrate_target": 16,
      "time": 0.11557459831237793,
      "md5": "be13c7a2613e9546b7c9b38731ae1c08",
      "thresh": 2.5,
      "scenario": "voip",
      "filename": "C_03_CHOP_FA.wav"
    },
    "voip_C_05_CHOP_FA.wav": {
      "mos": 3.13153,
      "size": 8109,
      "bitrate": 6.4872,
      "bitrate_target": 16,
      "time": 0.04936027526855469,
      "md5": "f1587dbb0af8b544b739df0e795ec352",
      "thresh": 2.5,
      "scenario": "voip",
      "filename": "C_05_CHOP_FA.wav"
    },
    "voip_C_06_CHOP_FA.wav": {
      "mos": 1.0,
      "size": 6895,
      "bitrate": 6.1192422434499925,
      "bitrate_target": 16,
      "time": 0.04530525207519531,
      "md5": "be8159068fded5f078eb0ec9793f0c5f",
      "thresh": 2.5,
      "scenario": "voip",
      "filename": "C_06_CHOP_FA.wav"
    },
    "voip_C_08_CHOP_FA.wav": {
      "mos": 2.75306,
      "size": 7248,
      "bitrate": 6.610264035496424,
      "bitrate_target": 16,
      "time": 0.04567718505859375,
      "md5": "ab289b40d4bfd87e25ef99412ceeb478",
      "thresh": 2.5,
      "scenario": "voip",
      "filename": "C_08_CHOP_FA.wav"
    },
    "voip_C_07_CHOP_FA.wav": {
      "mos": 2.75197,
      "size": 7375,
      "bitrate": 6.444653804666912,
      "bitrate_target": 16,
      "time": 0.04776597023010254,
      "md5": "04b8ad25b277e2281b38ae4235fbbc58",
      "thresh": 2.5,
      "scenario": "voip",
      "filename": "C_07_CHOP_FA.wav"
    },
    "voip_C_09_CHOP_FA.wav": {
      "mos": 3.15957,
      "size": 6489,
      "bitrate": 6.602322259257902,
      "bitrate_target": 16,
      "time": 0.03985595703125,
      "md5": "1a4e38e87271af492e1a59c51d43fc9b",
      "thresh": 2.5,
      "scenario": "voip",
      "filename": "C_09_CHOP_FA.wav"
    },
    "voip_C_11_CHOP_FA.wav": {
      "mos": 3.25159,
      "size": 5865,
      "bitrate": 5.770019705625695,
      "bitrate_target": 16,
      "time": 0.03998303413391113,
      "md5": "617970fd593a08ba74a9b71db9d557f9",
      "thresh": 2.5,
      "scenario": "voip",
      "filename": "C_11_CHOP_FA.wav"
    },
    "voip_C_10_CHOP_FA.wav": {
      "mos": 2.30998,
      "size": 6071,
      "bitrate": 5.504547644008727,
      "bitrate_target": 16,
      "time": 0.04250049591064453,
      "md5": "5540a8b26a1fe1754ccdf20eb757c068",
      "thresh": 2.5,
      "scenario": "voip",
      "filename": "C_10_CHOP_FA.wav"
    },
    "voip_C_12_CHOP_FA.wav": {
      "mos": 2.58302,
      "size": 7227,
      "bitrate": 6.376837617518348,
      "bitrate_target": 16,
      "time": 0.03943014144897461,
      "md5": "8b17250e9f2b3cebc1323e02236993b6",
      "thresh": 2.5,
      "scenario": "voip",
      "filename": "C_12_CHOP_FA.wav"
    },
    "voip_C_14_CHOP_FA.wav": {
      "mos": 3.27095,
      "size": 5917,
      "bitrate": 6.10034353738735,
      "bitrate_target": 16,
      "time": 0.035219430923461914,
      "md5": "404d342ddc8e35fa88f9b89ac0fd2b72",
      "thresh": 2.5,
      "scenario": "voip",
      "filename": "C_14_CHOP_FA.wav"
    },
    "voip_C_15_CHOP_FA.wav": {
      "mos": 2.38248,
      "size": 5750,
      "bitrate": 5.762605699968682,
      "bitrate_target": 16,
      "time": 0.03504157066345215,
      "md5": "231a6bb25560695ec93c133ac1d33c45",
      "thresh": 2.5,
      "scenario": "voip",
      "filename": "C_15_CHOP_FA.wav"
    },
    "voip_C_13_CHOP_FA.wav": {
      "mos": 2.43448,
      "size": 7015,
      "bitrate": 6.220608814930792,
      "bitrate_target": 16,
      "time": 0.04154515266418457,
      "md5": "7021bf176f12e01da77772de3115c855",
      "thresh": 2.5,
      "scenario": "voip",
      "filename": "C_13_CHOP_FA.wav"
    },
    "voip_C_16_NOISE_FA.wav": {
      "mos": 2.8658,
      "size": 7432,
      "bitrate": 6.854359163070942,
      "bitrate_target": 16,
      "time": 0.040485382080078125,
      "md5": "8baf482d707a125e0c77a007a5635243",
      "thresh": 2.5,
      "scenario": "voip",
      "filename": "C_16_NOISE_FA.wav"
    },
    "voip_C_21_NOISE_FA.wav": {
      "mos": 2.01333,
      "size": 7338,
      "bitrate": 6.2933104631217835,
      "bitrate_target": 16,
      "time": 0.04381108283996582,
      "md5": "3374f687dab7395fd7cbdec5775865a5",
      "thresh": 2.5,
      "scenario": "voip",
      "filename": "C_21_NOISE_FA.wav"
    },
    "voip_C_18_ECHO_FA.wav": {
      "mos": 1.58848,
      "size": 7437,
      "bitrate": 5.9496,
      "bitrate_target": 16,
      "time": 0.04578351974487305,
      "md5": "739b65fdff9169c9550c7612983041bf",
      "thresh": 2.5,
      "scenario": "voip",
      "filename": "C_18_ECHO_FA.wav"
    },
    "voip_C_20_CHOP_FA.wav": {
      "mos": 3.37366,
      "size": 7640,
      "bitrate": 6.671305581706302,
      "bitrate_target": 16,
      "time": 0.04311800003051758,
      "md5": "823dcf604c47e81940e2673ce65dbd1c",
      "thresh": 2.5,
      "scenario": "voip",
      "filename": "C_20_CHOP_FA.wav"
    },
    "voip_C_23_ECHO_FA.wav": {
      "mos": 2.23991,
      "size": 6306,
      "bitrate": 5.915572232645403,
      "bitrate_target": 16,
      "time": 0.03612995147705078,
      "md5": "7c8ade5af773bc105c17afcb5a9ff41d",
      "thresh": 2.5,
      "scenario": "voip",
      "filename": "C_23_ECHO_FA.wav"
    },
    "vss_C_02_CHOP_FA.wav": {
      "mos": 3.69224,
      "size": 9623,
      "bitrate": 9.130793180133432,
      "bitrate_target": 40,
      "time": 0.03564262390136719,
      "md5": "f3443d2d7fac23447a77ca8163aad280",
      "thresh": 3.0,
      "scenario": "vss",
      "filename": "C_02_CHOP_FA.wav"
    },
    "vss_C_03_CHOP_FA.wav": {
      "mos": 3.7312,
      "size": 10652,
      "bitrate": 9.569521988811152,
      "bitrate_target": 40,
      "time": 0.038506269454956055,
      "md5": "9b11a790231b74bc2ef2675bd80fb862",
      "thresh": 3.0,
      "scenario": "vss",
      "filename": "C_03_CHOP_FA.wav"
    },
    "vss_C_04_CHOP_FA.wav": {
      "mos": 3.07551,
      "size": 11472,
      "bitrate": 9.851107406975272,
      "bitrate_target": 40,
      "time": 0.04083585739135742,
      "md5": "28f95c95268d43daa70a4fb43e2ffad2",
      "thresh": 3.0,
      "scenario": "vss",
      "filename": "C_04_CHOP_FA.wav"
    },
    "vss_C_01_CHOP_FA.wav": {
      "mos": 2.89284,
      "size": 10199,
      "bitrate": 9.434441144764303,
      "bitrate_target": 40,
      "time": 0.038573265075683594,
      "md5": "477e53583aa0bfe07e65fdfd3bff01df",
      "thresh": 3.0,
      "scenario": "vss",
      "filename": "C_01_CHOP_FA.wav"
    },
    "vss_C_05_CHOP_FA.wav": {
      "mos": 2.80317,
      "size": 13529,
      "bitrate": 10.8232,
      "bitrate_target": 40,
      "time": 0.038004398345947266,
      "md5": "325ddd98770f03c78db30ca4c02fb4c9",
      "thresh": 3.0,
      "scenario": "vss",
      "filename": "C_05_CHOP_FA.wav"
    },
    "vss_C_07_CHOP_FA.wav": {
      "mos": 4.29571,
      "size": 11308,
      "bitrate": 9.881511216701485,
      "bitrate_target": 40,
      "time": 0.03658747673034668,