{
  "sha": "v98",
  "matrix": {
    "music_xlow_12-German-male-speech.441.16b48k.wav": {
      "mos": 1.89307,
      "size": 45515,
      "bitrate": 46.44301266838654,
      "bitrate_target": 32,
      "time": 0.09434151649475098,
      "md5": "19f845d543e98a67843de7b2408c5d2d",
      "thresh": 3.0,
      "scenario": "music_xlow",
      "filename": "12-German-male-speech.441.16b48k.wav"
    },
    "music_xlow_cst.wav": {
      "mos": 1.67449,
      "size": 32627,
      "bitrate": 40.03350952110281,
      "bitrate_target": 32,
      "time": 0.0842597484588623,
      "md5": "8786e4537cbc50be157a7cfa8a185a5b",
      "thresh": 3.0,
      "scenario": "music_xlow",
      "filename": "cst.wav"
    },
    "music_xlow_Coral.16b48k.wav": {
      "mos": 1.71464,
      "size": 41764,
      "bitrate": 33.4112,
      "bitrate_target": 32,
      "time": 0.12038445472717285,
      "md5": "d73adea11bb40a4472dbfc31a48c6985",
      "thresh": 3.0,
      "scenario": "music_xlow",
      "filename": "Coral.16b48k.wav"
    },
    "music_xlow_Shinsho_pool_3min45_4min4.16b48k.wav": {
      "mos": 3.18717,
      "size": 40825,
      "bitrate": 32.66,
      "bitrate_target": 32,
      "time": 0.12125349044799805,
      "md5": "2d19ccd38fb9d844dc7fd518bbf6c892",
      "thresh": 3.0,
      "scenario": "music_xlow",
      "filename": "Shinsho_pool_3min45_4min4.16b48k.wav"
    },
    "music_low_cst.wav": {
      "mos": 3.65248,
      "size": 54247,
      "bitrate": 66.5613691418538,
      "bitrate_target": 64,
      "time": 0.09040212631225586,
      "md5": "b4486b928c4922662ae88acaf5fdacaf",
      "thresh": 3.5,
      "scenario": "music_low",
      "filename": "cst.wav"
    },
    "music_low_12-German-male-speech.441.16b48k.wav": {
      "mos": 3.24273,
      "size": 67597,
      "bitrate": 68.9752461242431,
      "bitrate_target": 64,
      "time": 0.11191082000732422,
      "md5": "59292e488e841b6998d4aa4b69c76348",
      "thresh": 3.5,
      "scenario": "music_low",
      "filename": "12-German-male-speech.441.16b48k.wav"
    },
    "music_low_Shinsho_pool_3min45_4min4.16b48k.wav": {
      "mos": 4.31942,
      "size": 79041,
      "bitrate": 63.2328,
      "bitrate_target": 64,
      "time": 0.12687230110168457,
      "md5": "90e7d17089d6ac12ae1ba30335c62df5",
      "thresh": 3.5,
      "scenario": "music_low",
      "filename": "Shinsho_pool_3min45_4min4.16b48k.wav"
    },
    "music_low_Coral.16b48k.wav": {
      "mos": 3.43803,
      "size": 80456,
      "bitrate": 64.3648,
      "bitrate_target": 64,
      "time": 0.13239073753356934,
      "md5": "18d9449dbb6d26eedcc4260faaf37ba7",
      "thresh": 3.5,
      "scenario": "music_low",
      "filename": "Coral.16b48k.wav"
    },
    "music_std_cst.wav": {
      "mos": 4.21428,
      "size": 106960,
      "bitrate": 131.24051179627781,
      "bitrate_target": 128,
      "time": 0.09687209129333496,
      "md5": "909b3d81f53aeb5d56d9cb01c0a5d5b4",
      "thresh": 4.0,
      "scenario": "music_std",
      "filename": "cst.wav"
    },
    "music_std_12-German-male-speech.441.16b48k.wav": {
      "mos": 4.31368,
      "size": 136428,
      "bitrate": 139.20965247330855,
      "bitrate_target": 128,
      "time": 0.12010025978088379,
      "md5": "fc110bf155975b21dcdc3b9337926e93",
      "thresh": 4.0,
      "scenario": "music_std",
      "filename": "12-German-male-speech.441.16b48k.wav"
    },
    "music_std_Coral.16b48k.wav": {
      "mos": 4.52909,
      "size": 164497,
      "bitrate": 131.5976,
      "bitrate_target": 128,
      "time": 0.14212298393249512,
      "md5": "63d94443783622f6395c4235dcca80b5",
      "thresh": 4.0,
      "scenario": "music_std",
      "filename": "Coral.16b48k.wav"
    },
    "music_std_Shinsho_pool_3min45_4min4.16b48k.wav": {
      "mos": 4.57881,
      "size": 156406,
      "bitrate": 125.1248,
      "bitrate_target": 128,
      "time": 0.14788436889648438,
      "md5": "cd7148a8bde12dedb178323f43110615",
      "thresh": 4.0,
      "scenario": "music_std",
      "filename": "Shinsho_pool_3min45_4min4.16b48k.wav"
    }
  },
  "throughput": {
    "noise.wav": 9.084003584665576,
    "silence.wav": 6.580140717332445,
    "sine.wav": 7.955398832333837,
    "sweep.wav": 7.605263921669878,
    "overall": 7.806201764000434
  },
  "lib_size": 4096
}