{
  "sha": "v87",
  "matrix": {
    "music_xlow_cst.wav": {
      "mos": 1.67449,
      "size": 32627,
      "bitrate": 40.03350952110281,
      "bitrate_target": 32,
      "time": 0.08227705955505371,
      "md5": "8786e4537cbc50be157a7cfa8a185a5b",
      "thresh": 3.0,
      "scenario": "music_xlow",
      "filename": "cst.wav"
    },
    "music_xlow_12-German-male-speech.441.16b48k.wav": {
      "mos": 1.89307,
      "size": 45515,
      "bitrate": 46.44301266838654,
      "bitrate_target": 32,
      "time": 0.095855712890625,
      "md5": "19f845d543e98a67843de7b2408c5d2d",
      "thresh": 3.0,
      "scenario": "music_xlow",
      "filename": "12-German-male-speech.441.16b48k.wav"
    },
    "music_xlow_Shinsho_pool_3min45_4min4.16b48k.wav": {
      "mos": 3.18717,
      "size": 40825,
      "bitrate": 32.66,
      "bitrate_target": 32,
      "time": 0.1190640926361084,
      "md5": "2d19ccd38fb9d844dc7fd518bbf6c892",
      "thresh": 3.0,
      "scenario": "music_xlow",
      "filename": "Shinsho_pool_3min45_4min4.16b48k.wav"
    },
    "music_xlow_Coral.16b48k.wav": {
      "mos": 1.71464,
      "size": 41764,
      "bitrate": 33.4112,
      "bitrate_target": 32,
      "time": 0.12253403663635254,
      "md5": "d73adea11bb40a4472dbfc31a48c6985",
      "thresh": 3.0,
      "scenario": "music_xlow",
      "filename": "Coral.16b48k.wav"
    },
    "music_low_cst.wav": {
      "mos": 3.65248,
      "size": 54201,
      "bitrate": 66.50492688734157,
      "bitrate_target": 64,
      "time": 0.08781743049621582,
      "md5": "fe86d319c7f8f3a85a34432ba6a17674",
      "thresh": 3.5,
      "scenario": "music_low",
      "filename": "cst.wav"
    },
    "music_low_12-German-male-speech.441.16b48k.wav": {
      "mos": 3.24273,
      "size": 67590,
      "bitrate": 68.96810340011525,
      "bitrate_target": 64,
      "time": 0.1036078929901123,
      "md5": "4e23343ea34a450ef9c8b2935964e20e",
      "thresh": 3.5,
      "scenario": "music_low",
      "filename": "12-German-male-speech.441.16b48k.wav"
    },
    "music_low_Shinsho_pool_3min45_4min4.16b48k.wav": {
      "mos": 4.31942,
      "size": 79107,
      "bitrate": 63.2856,
      "bitrate_target": 64,
      "time": 0.12537837028503418,
      "md5": "a312226f9bff48a4ad5f0653695e1e89",
      "thresh": 3.5,
      "scenario": "music_low",
      "filename": "Shinsho_pool_3min45_4min4.16b48k.wav"
    },
    "music_low_Coral.16b48k.wav": {
      "mos": 3.43803,
      "size": 80453,
      "bitrate": 64.3624,
      "bitrate_target": 64,
      "time": 0.13401222229003906,
      "md5": "c8e2d47e81ea840d17634dc73b6be681",
      "thresh": 3.5,
      "scenario": "music_low",
      "filename": "Coral.16b48k.wav"
    },
    "music_std_cst.wav": {
      "mos": 4.21428,
      "size": 106938,
      "bitrate": 131.21351767455457,
      "bitrate_target": 128,
      "time": 0.09664058685302734,
      "md5": "7883a8307a28464dc8ad813a339dfc7c",
      "thresh": 4.0,
      "scenario": "music_std",
      "filename": "cst.wav"
    },
    "music_std_12-German-male-speech.441.16b48k.wav": {
      "mos": 4.31368,
      "size": 136341,
      "bitrate": 139.12087861629107,
      "bitrate_target": 128,
      "time": 0.11874508857727051,
      "md5": "f117ae83bc04fbf979dd3f9689e000f8",
      "thresh": 4.0,
      "scenario": "music_std",
      "filename": "12-German-male-speech.441.16b48k.wav"
    },
    "music_std_Shinsho_pool_3min45_4min4.16b48k.wav": {
      "mos": 4.57881,
      "size": 156406,
      "bitrate": 125.1248,
      "bitrate_target": 128,
      "time": 0.1354353427886963,
      "md5": "cd7148a8bde12dedb178323f43110615",
      "thresh": 4.0,
      "scenario": "music_std",
      "filename": "Shinsho_pool_3min45_4min4.16b48k.wav"
    },
    "music_std_Coral.16b48k.wav": {
      "mos": 4.52909,
      "size": 164468,
      "bitrate": 131.5744,
      "bitrate_target": 128,
      "time": 0.14613056182861328,
      "md5": "c4078986ae8287de268ea998038f1a00",
      "thresh": 4.0,
      "scenario": "music_std",
      "filename": "Coral.16b48k.wav"
    }
  },
  "throughput": {
    "noise.wav": 8.785656613998677,
    "silence.wav": 6.582543096997445,
    "sine.wav": 7.962721056666244,
    "sweep.wav": 7.625812813334051,
    "overall": 7.739183395249104
  },
  "lib_size": 4096
}