{
  "matrix": {
    "sine_16000_q10": {
      "time": 1.8335175514221191,
      "md5": "28959ac43595b5ae240cb5a84ec67a8d",
      "mse": 0.0,
      "holes": 100.0,
      "ms_ratio": 0.0
    },
    "sweep_16000_q10": {
      "time": 2.0781073570251465,
      "md5": "6bf3aaa3db634e6a839f6942064343c4",
      "mse": 0.0,
      "holes": 100.0,
      "ms_ratio": 0.0
    },
    "noise_16000_q10": {
      "time": 1.9384770393371582,
      "md5": "785a7b5a421bc03f0e5dde1fe10fd1cf",
      "mse": 0.0,
      "holes": 100.0,
      "ms_ratio": 0.0
    },
    "silence_16000_q10": {
      "time": 2.2140722274780273,
      "md5": "fdb134aa1da9c0a88a6ecf55a533bdf2",
      "mse": 0,
      "holes": 100.0,
      "ms_ratio": 0.0
    },
    "sine_16000_q100": {
      "time": 1.849597454071045,
      "md5": "1770590265c0e4b2f82f51065265bffb",
      "mse": 0.0,
      "holes": 100.0,
      "ms_ratio": 0.0
    },
    "sweep_16000_q100": {
      "time": 2.2974398136138916,
      "md5": "1164b20d602906c5c33836d4b36b14d9",
      "mse": 0.0,
      "holes": 100.0,
      "ms_ratio": 0.0
    },
    "noise_16000_q100": {
      "time": 1.9024429321289062,
      "md5": "785a7b5a421bc03f0e5dde1fe10fd1cf",
      "mse": 0.0,
      "holes": 100.0,
      "ms_ratio": 0.0
    },
    "silence_16000_q100": {
      "time": 2.1664366722106934,
      "md5": "fdb134aa1da9c0a88a6ecf55a533bdf2",
      "mse": 0,
      "holes": 100.0,
      "ms_ratio": 0.0
    },
    "sine_16000_q250": {
      "time": 1.9763405323028564,
      "md5": "64fcf34ecd34c9afa69f93aacadb30c6",
      "mse": 0.0,
      "holes": 100.0,
      "ms_ratio": 0.0
    },
    "sweep_16000_q250": {
      "time": 2.5318830013275146,
      "md5": "43fee2a5c9d1001d50bd4fa61d8d2830",
      "mse": 0.0,
      "holes": 100.0,
      "ms_ratio": 0.0
    },
    "noise_16000_q250": {
      "time": 2.113647699356079,
      "md5": "785a7b5a421bc03f0e5dde1fe10fd1cf",
      "mse": 0.0,
      "holes": 100.0,
      "ms_ratio": 0.0
    },
    "silence_16000_q250": {
      "time": 2.5767242908477783,
      "md5": "fdb134aa1da9c0a88a6ecf55a533bdf2",
      "mse": 0,
      "holes": 100.0,
      "ms_ratio": 0.0
    },
    "sine_44100_q10": {
      "time": 5.557760715484619,
      "md5": "1ed54f07c857157e1ec01f1e0bb2331a",
      "mse": 671.213229,
      "holes": 100.0,
      "ms_ratio": 0.0
    },
    "sweep_44100_q10": {
      "time": 6.7023022174835205,
      "md5": "fa9c7429dd2c72284d60f11f2f78e804",
      "mse": 1864.073191,
      "holes": 100.0,
      "ms_ratio": 0.0
    },
    "noise_44100_q10": {
      "time": 5.901141166687012,
      "md5": "afbd62066cb839c62953361b29e8a3db",
      "mse": 0.0,
      "holes": 100.0,
      "ms_ratio": 0.0
    },
    "silence_44100_q10": {
      "time": 6.051074981689453,
      "md5": "2edb8ed1a2616b2768142f7670ed31e1",
      "mse": 0,
      "holes": 100.0,
      "ms_ratio": 0.0
    },
    "sine_44100_q100": {
      "time": 6.767084360122681,
      "md5": "61dd504816aa2e64ef8df148725ab2fb",
      "mse": 145.910773,
      "holes": 100.0,
      "ms_ratio": 0.0
    },
    "sweep_44100_q100": {
      "time": 6.331292152404785,
      "md5": "2ad817c48d70dab3527b81beea00067f",
      "mse": 757.917897,
      "holes": 100.0,
      "ms_ratio": 0.0
    },
    "noise_44100_q100": {
      "time": 5.261640787124634,
      "md5": "e328c86084c7756ff074fb984247b9a7",
      "mse": 0.0,
      "holes": 100.0,
      "ms_ratio": 0.0
    },
    "silence_44100_q100": {
      "time": 5.992355823516846,
      "md5": "2edb8ed1a2616b2768142f7670ed31e1",
      "mse": 0,
      "holes": 100.0,
      "ms_ratio": 0.0
    },
    "sine_44100_q250": {
      "time": 6.16240668296814,
      "md5": "dae9269d101f09ad868b1cf533801747",
      "mse": 4460.567141,
      "holes": 100.0,
      "ms_ratio": 0.0
    },
    "sweep_44100_q250": {
      "time": 7.601358413696289,
      "md5": "2f72f1ac18e4fc4d909ad8fe7c1810e4",
      "mse": 375.905747,
      "holes": 100.0,
      "ms_ratio": 0.0
    },
    "noise_44100_q250": {
      "time": 5.405256271362305,
      "md5": "a60b2e692d38af63d4a1e2c89b209473",
      "mse": 0.0,
      "holes": 100.0,
      "ms_ratio": 0.0
    },
    "silence_44100_q250": {
      "time": 6.085965156555176,
      "md5": "2edb8ed1a2616b2768142f7670ed31e1",
      "mse": 0,
      "holes": 100.0,
      "ms_ratio": 0.0
    },
    "sine_48000_q10": {
      "time": 6.1647844314575195,
      "md5": "afdbb4798029531df3b364b8317456aa",
      "mse": 458.337221,
      "holes": 100.0,
      "ms_ratio": 0.0
    },
    "sweep_48000_q10": {
      "time": 6.284555435180664,
      "md5": "3757ed5eaf93f6c35fce79ed1dcca931",
      "mse": 400.503272,
      "holes": 100.0,
      "ms_ratio": 0.0
    },
    "noise_48000_q10": {
      "time": 7.0641844272613525,
      "md5": "930f016de0b7780e0726d93df678e8fe",
      "mse": 0.0,
      "holes": 100.0,
      "ms_ratio": 0.0
    },
    "silence_48000_q10": {
      "time": 6.8716230392456055,
      "md5": "4bf6587e0b6eed6c8efda129bf699d39",
      "mse": 0,
      "holes": 100.0,
      "ms_ratio": 0.0
    },
    "sine_48000_q100": {
      "time": 6.278594017028809,
      "md5": "82ad78eac25157afee13cf12c1496b94",
      "mse": 220.749687,
      "holes": 100.0,
      "ms_ratio": 0.0
    },
    "sweep_48000_q100": {
      "time": 6.875626564025879,
      "md5": "658f5c56d6a8f7a6e0fb3b3cab3881cc",
      "mse": 82.019522,
      "holes": 100.0,
      "ms_ratio": 0.0
    },
    "noise_48000_q100": {
      "time": 5.66198992729187,
      "md5": "738744574400e59a6eba6673a59e1f58",
      "mse": 0.0,
      "holes": 100.0,
      "ms_ratio": 0.0
    },
    "silence_48000_q100": {
      "time": 6.5883948802948,
      "md5": "4bf6587e0b6eed6c8efda129bf699d39",
      "mse": 0,
      "holes": 100.0,
      "ms_ratio": 0.0
    },
    "sine_48000_q250": {
      "time": 6.650674343109131,
      "md5": "8ba5830420c13897c38d2077dfeba972",
      "mse": 725.614142,
      "holes": 100.0,
      "ms_ratio": 0.0
    },
    "sweep_48000_q250": {
      "time": 10.056583881378174,
      "md5": "1dcdff1f20aa34283df8f10d5bd2d2dd",
      "mse": 29.80473,
      "holes": 100.0,
      "ms_ratio": 0.0
    },
    "noise_48000_q250": {
      "time": 6.248933792114258,
      "md5": "5ec25151868516c479178a6e2707ee6c",
      "mse": 0.0,
      "holes": 100.0,
      "ms_ratio": 0.0
    },
    "silence_48000_q250": {
      "time": 6.508150577545166,
      "md5": "4bf6587e0b6eed6c8efda129bf699d39",
      "mse": 0,
      "holes": 100.0,
      "ms_ratio": 0.0
    }
  },
  "binary_size": 99248
}