{
  "sha": "v81",
  "matrix": {
    "music_xlow_cst.wav": {
      "mos": 1.67449,
      "size": 32627,
      "bitrate": 40.03350952110281,
      "bitrate_target": 32,
      "time": 0.12122821807861328,
      "md5": "8786e4537cbc50be157a7cfa8a185a5b",
      "thresh": 3.0,
      "scenario": "music_xlow",
      "filename": "cst.wav"
    },
    "music_xlow_12-German-male-speech.441.16b48k.wav": {
      "mos": 1.89307,
      "size": 45515,
      "bitrate": 46.44301266838654,
      "bitrate_target": 32,
      "time": 0.1468980312347412,
      "md5": "19f845d543e98a67843de7b2408c5d2d",
      "thresh": 3.0,
      "scenario": "music_xlow",
      "filename": "12-German-male-speech.441.16b48k.wav"
    },
    "music_xlow_Coral.16b48k.wav": {
      "mos": 1.71464,
      "size": 41764,
      "bitrate": 33.4112,
      "bitrate_target": 32,
      "time": 0.17496347427368164,
      "md5": "d73adea11bb40a4472dbfc31a48c6985",
      "thresh": 3.0,
      "scenario": "music_xlow",
      "filename": "Coral.16b48k.wav"
    },
    "music_xlow_Shinsho_pool_3min45_4min4.16b48k.wav": {
      "mos": 3.18717,
      "size": 40825,
      "bitrate": 32.66,
      "bitrate_target": 32,
      "time": 0.1727135181427002,
      "md5": "2d19ccd38fb9d844dc7fd518bbf6c892",
      "thresh": 3.0,
      "scenario": "music_xlow",
      "filename": "Shinsho_pool_3min45_4min4.16b48k.wav"
    },
    "music_low_cst.wav": {
      "mos": 3.65248,
      "size": 54249,
      "bitrate": 66.56382315291955,
      "bitrate_target": 64,
      "time": 0.09218287467956543,
      "md5": "10dc326547e48edbb0da1afc083b88f8",
      "thresh": 3.5,
      "scenario": "music_low",
      "filename": "cst.wav"
    },
    "music_low_12-German-male-speech.441.16b48k.wav": {
      "mos": 3.24273,
      "size": 67590,
      "bitrate": 68.96810340011525,
      "bitrate_target": 64,
      "time": 0.10723400115966797,
      "md5": "217f44c073f9cff744c2b670382c0e3a",
      "thresh": 3.5,
      "scenario": "music_low",
      "filename": "12-German-male-speech.441.16b48k.wav"
    },
    "music_low_Shinsho_pool_3min45_4min4.16b48k.wav": {
      "mos": 4.31942,
      "size": 79109,
      "bitrate": 63.2872,
      "bitrate_target": 64,
      "time": 0.13069796562194824,
      "md5": "752ffeedf042e040f5b9f0ac42834a73",
      "thresh": 3.5,
      "scenario": "music_low",
      "filename": "Shinsho_pool_3min45_4min4.16b48k.wav"
    },
    "music_low_Coral.16b48k.wav": {
      "mos": 3.43803,
      "size": 80388,
      "bitrate": 64.3104,
      "bitrate_target": 64,
      "time": 0.14005827903747559,
      "md5": "7e2787855a3a07b6dfc27b1e70bd3c00",
      "thresh": 3.5,
      "scenario": "music_low",
      "filename": "Coral.16b48k.wav"
    },
    "music_std_cst.wav": {
      "mos": 4.21428,
      "size": 106937,
      "bitrate": 131.21229066902168,
      "bitrate_target": 128,
      "time": 0.09854555130004883,
      "md5": "da0f5e5793c7d7abcd70b2eba22a4bba",
      "thresh": 4.0,
      "scenario": "music_std",
      "filename": "cst.wav"
    },
    "music_std_12-German-male-speech.441.16b48k.wav": {
      "mos": 4.31368,
      "size": 136286,
      "bitrate": 139.06475721242947,
      "bitrate_target": 128,
      "time": 0.12105464935302734,
      "md5": "54b42dfe38783bb11a36d699a0c816f4",
      "thresh": 4.0,
      "scenario": "music_std",
      "filename": "12-German-male-speech.441.16b48k.wav"
    },
    "music_std_Shinsho_pool_3min45_4min4.16b48k.wav": {
      "mos": 4.57881,
      "size": 156406,
      "bitrate": 125.1248,
      "bitrate_target": 128,
      "time": 0.14042305946350098,
      "md5": "cd7148a8bde12dedb178323f43110615",
      "thresh": 4.0,
      "scenario": "music_std",
      "filename": "Shinsho_pool_3min45_4min4.16b48k.wav"
    },
    "music_std_Coral.16b48k.wav": {
      "mos": 4.52909,
      "size": 164497,
      "bitrate": 131.5976,
      "bitrate_target": 128,
      "time": 0.14858603477478027,
      "md5": "63d94443783622f6395c4235dcca80b5",
      "thresh": 4.0,
      "scenario": "music_std",
      "filename": "Coral.16b48k.wav"
    }
  },
  "throughput": {
    "noise.wav": 8.93691100866757,
    "silence.wav": 6.677227081997747,
    "sine.wav": 8.145552656664222,
    "sweep.wav": 7.603101095999591,
    "overall": 7.840697960832283
  },
  "lib_size": 4096
}