Starting Phase 1 (Encoding) for d110_c010...
Parallelizing across 4 threads.
  [Scenario: voip] Processing 120 samples (coverage 30%)...
    (1/120) C_01_CHOP_FA.wav done.
    (2/120) C_01_CLIP_MK.wav done.
    (3/120) C_01_CHOP_ML.wav done.
    (4/120) C_01_COMPSPKR_MK.wav done.
    (5/120) C_01_ECHO_FG.wav done.
    (6/120) C_02_CLIP_MK.wav done.
    (7/120) C_01_NOISE_FA.wav done.
    (8/120) C_02_CHOP_FA.wav done.
    (9/120) C_02_CHOP_ML.wav done.
    (10/120) C_02_COMPSPKR_MK.wav done.
    (11/120) C_02_NOISE_FA.wav done.
    (12/120) C_02_ECHO_FG.wav done.
    (13/120) C_03_CHOP_ML.wav done.
    (14/120) C_03_CHOP_FA.wav done.
    (15/120) C_03_ECHO_FG.wav done.
    (16/120) C_03_CLIP_MK.wav done.
    (17/120) C_03_COMPSPKR_MK.wav done.
    (18/120) C_03_NOISE_FA.wav done.
    (19/120) C_04_CHOP_FA.wav done.
    (20/120) C_04_CHOP_ML.wav done.
    (21/120) C_04_CLIP_MK.wav done.
    (22/120) C_04_ECHO_FG.wav done.
    (23/120) C_04_COMPSPKR_MK.wav done.
    (24/120) C_05_CHOP_ML.wav done.
    (25/120) C_04_NOISE_FA.wav done.
    (26/120) C_05_CHOP_FA.wav done.
    (27/120) C_05_COMPSPKR_MK.wav done.
    (28/120) C_05_CLIP_MK.wav done.
    (29/120) C_05_NOISE_FA.wav done.
    (30/120) C_05_ECHO_FG.wav done.
    (31/120) C_06_CHOP_FA.wav done.
    (32/120) C_06_CHOP_ML.wav done.
    (33/120) C_06_CLIP_MK.wav done.
    (34/120) C_06_ECHO_FG.wav done.
    (35/120) C_06_COMPSPKR_MK.wav done.
    (36/120) C_07_CHOP_ML.wav done.
    (37/120) C_06_NOISE_FA.wav done.
    (38/120) C_07_CHOP_FA.wav done.
    (39/120) C_07_COMPSPKR_MK.wav done.
    (40/120) C_07_CLIP_MK.wav done.
    (41/120) C_08_CHOP_FA.wav done.
    (42/120) C_07_ECHO_FG.wav done.
    (43/120) C_07_NOISE_FA.wav done.
    (44/120) C_08_CLIP_MK.wav done.
    (45/120) C_08_CHOP_ML.wav done.
    (46/120) C_08_NOISE_FA.wav done.
    (47/120) C_08_ECHO_FG.wav done.
    (48/120) C_08_COMPSPKR_MK.wav done.
    (49/120) C_09_CHOP_ML.wav done.
    (50/120) C_09_CHOP_FA.wav done.
    (51/120) C_09_ECHO_FG.wav done.
    (52/120) C_09_CLIP_MK.wav done.
    (53/120) C_09_COMPSPKR_MK.wav done.
    (54/120) C_10_CHOP_FA.wav done.
    (55/120) C_09_NOISE_FA.wav done.
    (56/120) C_10_COMPSPKR_MK.wav done.
    (57/120) C_10_CHOP_ML.wav done.
    (58/120) C_10_CLIP_MK.wav done.
    (59/120) C_10_NOISE_FA.wav done.
    (60/120) C_10_ECHO_FG.wav done.
    (61/120) C_11_CHOP_FA.wav done.
    (62/120) C_11_CHOP_ML.wav done.
    (63/120) C_11_CLIP_MK.wav done.
    (64/120) C_11_ECHO_FG.wav done.
    (65/120) C_12_CHOP_FA.wav done.
    (66/120) C_12_CHOP_ML.wav done.
    (67/120) C_11_NOISE_FA.wav done.
    (68/120) C_12_CLIP_MK.wav done.
    (69/120) C_11_COMPSPKR_MK.wav done.
    (70/120) C_12_COMPSPKR_MK.wav done.
    (71/120) C_12_NOISE_FA.wav done.
    (72/120) C_13_CHOP_ML.wav done.
    (73/120) C_12_ECHO_FG.wav done.
    (74/120) C_13_CLIP_MK.wav done.
    (75/120) C_13_COMPSPKR_MK.wav done.
    (76/120) C_13_CHOP_FA.wav done.
    (77/120) C_13_NOISE_FA.wav done.
    (78/120) C_14_CHOP_FA.wav done.
    (79/120) C_13_ECHO_FG.wav done.
    (80/120) C_14_CLIP_MK.wav done.
    (81/120) C_14_COMPSPKR_MK.wav done.
    (82/120) C_14_NOISE_FA.wav done.
    (83/120) C_15_CHOP_FA.wav done.
    (84/120) C_14_ECHO_FG.wav done.
    (85/120) C_14_CHOP_ML.wav done.
    (86/120) C_15_CHOP_ML.wav done.
    (87/120) C_15_ECHO_MK.wav done.
    (88/120) C_16_ECHO_FA.wav done.
    (89/120) C_15_NOISE_MK.wav done.
    (90/120) C_16_NOISE_FA.wav done.
    (91/120) C_16_NOISE_ML.wav done.
    (92/120) C_17_ECHO_MK.wav done.
    (93/120) C_16_CHOP_FG.wav done.
    (94/120) C_17_NOISE_FG.wav done.
    (95/120) C_17_CHOP_MK.wav done.
    (96/120) C_18_CHOP_FA.wav done.
    (97/120) C_18_ECHO_ML.wav done.
    (98/120) C_19_CHOP_MK.wav done.
    (99/120) C_19_ECHO_FG.wav done.
    (100/120) C_18_NOISE_MK.wav done.
    (101/120) C_19_NOISE_FA.wav done.
    (102/120) C_20_CHOP_FA.wav done.
    (103/120) C_18_ECHO_FA.wav done.
    (104/120) C_20_ECHO_MK.wav done.
    (105/120) C_20_NOISE_MK.wav done.
    (106/120) C_20_CHOP_ML.wav done.
    (107/120) C_21_NOISE_FA.wav done.
    (108/120) C_21_ECHO_FA.wav done.
    (109/120) C_21_CHOP_FG.wav done.
    (110/120) C_22_CHOP_MK.wav done.
    (111/120) C_21_NOISE_ML.wav done.
    (112/120) C_23_CHOP_FA.wav done.
    (113/120) C_22_ECHO_MK.wav done.
    (114/120) C_22_NOISE_FG.wav done.
    (115/120) C_23_ECHO_ML.wav done.
    (116/120) C_23_ECHO_FA.wav done.
    (117/120) C_24_ECHO_FG.wav done.
    (118/120) C_23_NOISE_MK.wav done.
    (119/120) C_24_CHOP_MK.wav done.
    (120/120) C_24_NOISE_FA.wav done.
  [Scenario: vss] Processing 120 samples (coverage 30%)...
    (1/120) C_01_CHOP_FA.wav done.
    (2/120) C_01_ECHO_FG.wav done.
    (3/120) C_01_CLIP_MK.wav done.
    (4/120) C_01_COMPSPKR_MK.wav done.
    (5/120) C_01_CHOP_ML.wav done.
    (6/120) C_01_NOISE_FA.wav done.
    (7/120) C_02_COMPSPKR_MK.wav done.
    (8/120) C_02_CHOP_FA.wav done.
    (9/120) C_02_CHOP_ML.wav done.
    (10/120) C_02_CLIP_MK.wav done.
    (11/120) C_02_ECHO_FG.wav done.
    (12/120) C_03_CLIP_MK.wav done.
    (13/120) C_03_CHOP_FA.wav done.
    (14/120) C_02_NOISE_FA.wav done.
    (15/120) C_03_CHOP_ML.wav done.
    (16/120) C_03_COMPSPKR_MK.wav done.
    (17/120) C_04_CHOP_ML.wav done.
    (18/120) C_03_NOISE_FA.wav done.
    (19/120) C_03_ECHO_FG.wav done.
    (20/120) C_04_CHOP_FA.wav done.
    (21/120) C_04_CLIP_MK.wav done.
    (22/120) C_05_CHOP_FA.wav done.
    (23/120) C_04_ECHO_FG.wav done.
    (24/120) C_04_COMPSPKR_MK.wav done.
    (25/120) C_04_NOISE_FA.wav done.
    (26/120) C_05_CHOP_ML.wav done.
    (27/120) C_05_COMPSPKR_MK.wav done.
    (28/120) C_05_CLIP_MK.wav done.
    (29/120) C_05_NOISE_FA.wav done.
    (30/120) C_05_ECHO_FG.wav done.
    (31/120) C_06_CLIP_MK.wav done.
    (32/120) C_06_CHOP_ML.wav done.
    (33/120) C_06_CHOP_FA.wav done.
    (34/120) C_06_ECHO_FG.wav done.
    (35/120) C_06_COMPSPKR_MK.wav done.
    (36/120) C_07_CHOP_ML.wav done.
    (37/120) C_06_NOISE_FA.wav done.
    (38/120) C_07_CHOP_FA.wav done.
    (39/120) C_07_COMPSPKR_MK.wav done.
    (40/120) C_07_CLIP_MK.wav done.
    (41/120) C_08_CHOP_FA.wav done.
    (42/120) C_07_ECHO_FG.wav done.
    (43/120) C_07_NOISE_FA.wav done.
    (44/120) C_08_CLIP_MK.wav done.
    (45/120) C_08_CHOP_ML.wav done.
    (46/120) C_08_NOISE_FA.wav done.
    (47/120) C_08_COMPSPKR_MK.wav done.
    (48/120) C_08_ECHO_FG.wav done.
    (49/120) C_09_CHOP_ML.wav done.
    (50/120) C_09_CHOP_FA.wav done.
    (51/120) C_09_ECHO_FG.wav done.
    (52/120) C_09_CLIP_MK.wav done.
    (53/120) C_09_COMPSPKR_MK.wav done.
    (54/120) C_10_CHOP_FA.wav done.
    (55/120) C_10_COMPSPKR_MK.wav done.
    (56/120) C_09_NOISE_FA.wav done.
    (57/120) C_10_CHOP_ML.wav done.
    (58/120) C_10_CLIP_MK.wav done.
    (59/120) C_10_ECHO_FG.wav done.
    (60/120) C_11_CLIP_MK.wav done.
    (61/120) C_10_NOISE_FA.wav done.
    (62/120) C_11_CHOP_FA.wav done.
    (63/120) C_11_CHOP_ML.wav done.
    (64/120) C_11_COMPSPKR_MK.wav done.
    (65/120) C_12_CHOP_ML.wav done.
    (66/120) C_11_ECHO_FG.wav done.
    (67/120) C_11_NOISE_FA.wav done.
    (68/120) C_12_CHOP_FA.wav done.
    (69/120) C_12_CLIP_MK.wav done.
    (70/120) C_13_CHOP_FA.wav done.
    (71/120) C_12_COMPSPKR_MK.wav done.
    (72/120) C_12_ECHO_FG.wav done.
    (73/120) C_12_NOISE_FA.wav done.
    (74/120) C_13_CHOP_ML.wav done.
    (75/120) C_13_CLIP_MK.wav done.
    (76/120) C_13_NOISE_FA.wav done.
    (77/120) C_13_COMPSPKR_MK.wav done.
    (78/120) C_13_ECHO_FG.wav done.
    (79/120) C_14_CHOP_ML.wav done.
    (80/120) C_14_CHOP_FA.wav done.
    (81/120) C_14_ECHO_FG.wav done.
    (82/120) C_14_CLIP_MK.wav done.
    (83/120) C_14_COMPSPKR_MK.wav done.
    (84/120) C_15_CHOP_FA.wav done.
    (85/120) C_14_NOISE_FA.wav done.
    (86/120) C_15_CHOP_ML.wav done.
    (87/120) C_15_ECHO_MK.wav done.
    (88/120) C_15_NOISE_MK.wav done.
    (89/120) C_16_CHOP_FG.wav done.
    (90/120) C_16_NOISE_ML.wav done.
    (91/120) C_16_ECHO_FA.wav done.
    (92/120) C_16_NOISE_FA.wav done.
    (93/120) C_17_CHOP_MK.wav done.
    (94/120) C_17_ECHO_MK.wav done.
    (95/120) C_17_NOISE_FG.wav done.
    (96/120) C_18_CHOP_FA.wav done.
    (97/120) C_18_ECHO_ML.wav done.
    (98/120) C_18_ECHO_FA.wav done.
    (99/120) C_19_CHOP_MK.wav done.
    (100/120) C_19_ECHO_FG.wav done.
    (101/120) C_20_CHOP_FA.wav done.
    (102/120) C_18_NOISE_MK.wav done.
    (103/120) C_19_NOISE_FA.wav done.
    (104/120) C_20_CHOP_ML.wav done.
    (105/120) C_20_ECHO_MK.wav done.
    (106/120) C_21_ECHO_FA.wav done.
    (107/120) C_21_NOISE_FA.wav done.
    (108/120) C_21_CHOP_FG.wav done.
    (109/120) C_20_NOISE_MK.wav done.
    (110/120) C_21_NOISE_ML.wav done.
    (111/120) C_22_CHOP_MK.wav done.
    (112/120) C_23_CHOP_FA.wav done.
    (113/120) C_22_ECHO_MK.wav done.
    (114/120) C_23_ECHO_FA.wav done.
    (115/120) C_23_ECHO_ML.wav done.
    (116/120) C_22_NOISE_FG.wav done.
    (117/120) C_24_CHOP_MK.wav done.
    (118/120) C_24_ECHO_FG.wav done.
    (119/120) C_23_NOISE_MK.wav done.
    (120/120) C_24_NOISE_FA.wav done.
  [Scenario: music_low] Processing 14 samples (coverage 30%)...
    (1/14) 24-Greensleeves-Korean-male-speech.441.16b48k.wav done.
    (2/14) 12-German-male-speech.441.16b48k.wav done.
    (3/14) 4-Sound-English-male.441.16b48k.wav done.
    (4/14) Can't Wait Until Tonight (Dry Wurlitzer Mix).16b48k.wav done.
    (5/14) Girl_In_The_Fire__Sample_.16b48k.wav done.
    (6/14) Only Time.16b48k.wav done.
    (7/14) Hotel California.16b48k.wav done.
    (8/14) Through The Fire And Flames.16b48k.wav done.
    (9/14) Shinsho_pool_3min45_4min4.16b48k.wav done.
    (10/14) girl.16b48k.wav done.
    (11/14) clapton_44k.16b48k.wav done.
    (12/14) With Love (Outro).16b48k.wav done.
    (13/14) lob.wav done.
    (14/14) sandman.16b48k.wav done.
  [Scenario: music_std] Processing 14 samples (coverage 30%)...
    (1/14) 12-German-male-speech.441.16b48k.wav done.
    (2/14) 4-Sound-English-male.441.16b48k.wav done.
    (3/14) Hotel California.16b48k.wav done.
    (4/14) 24-Greensleeves-Korean-male-speech.441.16b48k.wav done.
    (5/14) Can't Wait Until Tonight (Dry Wurlitzer Mix).16b48k.wav done.
    (6/14) Girl_In_The_Fire__Sample_.16b48k.wav done.
    (7/14) Only Time.16b48k.wav done.
    (8/14) With Love (Outro).16b48k.wav done.
    (9/14) Shinsho_pool_3min45_4min4.16b48k.wav done.
    (10/14) Through The Fire And Flames.16b48k.wav done.
    (11/14) clapton_44k.16b48k.wav done.
    (12/14) girl.16b48k.wav done.
    (13/14) lob.wav done.
    (14/14) sandman.16b48k.wav done.
  [Scenario: music_high] Processing 14 samples (coverage 30%)...

  (207/282) vss_C_14_ECHO_FG.wav: 2.26
  (208/282) vss_C_15_NOISE_MK.wav: 1.75
  (209/282) vss_C_16_NOISE_ML.wav: 3.94
  (210/282) vss_C_16_ECHO_FA.wav: 4.19
  (211/282) vss_C_16_CHOP_FG.wav: 4.43
  (212/282) vss_C_17_CHOP_MK.wav: 4.46
  (213/282) vss_C_17_ECHO_MK.wav: 3.36
  (214/282) vss_C_16_NOISE_FA.wav: 2.30
  (215/282) vss_C_18_CHOP_FA.wav: 4.04
  (216/282) vss_C_18_ECHO_ML.wav: 4.51
  (217/282) vss_C_19_CHOP_MK.wav: 4.04
  (218/282) vss_C_17_NOISE_FG.wav: 3.00
  (219/282) vss_C_18_ECHO_FA.wav: 4.52
  (220/282) vss_C_18_NOISE_MK.wav: 1.85
  (221/282) vss_C_19_NOISE_FA.wav: 1.15
  (222/282) vss_C_20_CHOP_FA.wav: 2.85
  (223/282) vss_C_19_ECHO_FG.wav: 4.64
  (224/282) vss_C_20_ECHO_MK.wav: 4.33
  (225/282) vss_C_20_CHOP_ML.wav: 4.13
  (226/282) vss_C_20_NOISE_MK.wav: 2.82
  (227/282) vss_C_21_CHOP_FG.wav: 4.38
  (228/282) vss_C_21_NOISE_FA.wav: 4.17
  (229/282) vss_C_22_CHOP_MK.wav: 3.09
  (230/282) vss_C_22_ECHO_MK.wav: 3.48
  (231/282) vss_C_22_NOISE_FG.wav: 2.89
  (232/282) vss_C_21_ECHO_FA.wav: 4.17
  (233/282) vss_C_21_NOISE_ML.wav: 3.67
  (234/282) vss_C_23_CHOP_FA.wav: 3.40
  (235/282) vss_C_23_ECHO_FA.wav: 4.22
  (236/282) vss_C_24_ECHO_FG.wav: 2.05
  (237/282) vss_C_24_CHOP_MK.wav: 4.12
  (238/282) vss_C_23_ECHO_ML.wav: 3.97
  (239/282) vss_C_23_NOISE_MK.wav: 3.40
  (240/282) vss_C_24_NOISE_FA.wav: 2.06
  (241/282) music_low_12-German-male-speech.441.16b48k.wav: 3.21
  (242/282) music_low_24-Greensleeves-Korean-male-speech.441.16b48k.wav: 3.27
  (243/282) music_low_Can't Wait Until Tonight (Dry Wurlitzer Mix).16b48k.wav: 3.24
  (244/282) music_low_Girl_In_The_Fire__Sample_.16b48k.wav: 3.27
  (245/282) music_low_4-Sound-English-male.441.16b48k.wav: 3.05
  (246/282) music_low_Shinsho_pool_3min45_4min4.16b48k.wav: 4.34
  (247/282) music_low_Hotel California.16b48k.wav: 3.26
  (248/282) music_low_Only Time.16b48k.wav: 3.14
  (249/282) music_low_lob.wav: 3.18
  (250/282) music_low_girl.16b48k.wav: 2.74
  (251/282) music_low_With Love (Outro).16b48k.wav: 3.43
  (252/282) music_low_clapton_44k.16b48k.wav: 2.96
  (253/282) music_low_Through The Fire And Flames.16b48k.wav: 3.19
  (254/282) music_low_sandman.16b48k.wav: 3.63
  (255/282) music_std_24-Greensleeves-Korean-male-speech.441.16b48k.wav: 3.98
  (256/282) music_std_Can't Wait Until Tonight (Dry Wurlitzer Mix).16b48k.wav: 4.34
  (257/282) music_std_12-German-male-speech.441.16b48k.wav: 4.35
  (258/282) music_std_4-Sound-English-male.441.16b48k.wav: 4.21
  (259/282) music_std_Hotel California.16b48k.wav: 4.34
  (260/282) music_std_Girl_In_The_Fire__Sample_.16b48k.wav: 4.09
  (261/282) music_std_Shinsho_pool_3min45_4min4.16b48k.wav: 4.36
  (262/282) music_std_Only Time.16b48k.wav: 4.07
  (263/282) music_std_Through The Fire And Flames.16b48k.wav: 4.45
  (264/282) music_std_With Love (Outro).16b48k.wav: 4.32
  (265/282) music_std_girl.16b48k.wav: 3.64
  (266/282) music_std_lob.wav: 3.89
  (267/282) music_std_clapton_44k.16b48k.wav: 4.38
  (268/282) music_high_12-German-male-speech.441.16b48k.wav: 4.34
  (269/282) music_std_sandman.16b48k.wav: 4.44
  (270/282) music_high_24-Greensleeves-Korean-male-speech.441.16b48k.wav: 3.99
  (271/282) music_high_4-Sound-English-male.441.16b48k.wav: 4.25
  (272/282) music_high_Can't Wait Until Tonight (Dry Wurlitzer Mix).16b48k.wav: 4.32
  (273/282) music_high_Girl_In_The_Fire__Sample_.16b48k.wav: 4.10
  (274/282) music_high_Only Time.16b48k.wav: 4.09
  (275/282) music_high_Shinsho_pool_3min45_4min4.16b48k.wav: 4.36
  (276/282) music_high_Hotel California.16b48k.wav: 4.34
  (277/282) music_high_girl.16b48k.wav: 3.66
  (278/282) music_high_clapton_44k.16b48k.wav: 4.37
  (279/282) music_high_Through The Fire And Flames.16b48k.wav: 4.46
  (280/282) music_high_lob.wav: 3.91
  (281/282) music_high_With Love (Outro).16b48k.wav: 4.32
  (282/282) music_high_sandman.16b48k.wav: 4.44
Phase 2 (MOS) complete.
>>> Phase 1: Encoding and Basic Metrics
>>> Phase 2: Perceptual Quality (MOS)
Found local visqol binary at: /opt/visqol/bazel-bin/visqol
Using local ViSQOL installation...
>>> Benchmark complete.
    (1/14) 12-German-male-speech.441.16b48k.wav done.
    (2/14) 24-Greensleeves-Korean-male-speech.441.16b48k.wav done.
    (3/14) Girl_In_The_Fire__Sample_.16b48k.wav done.
    (4/14) Hotel California.16b48k.wav done.
    (5/14) 4-Sound-English-male.441.16b48k.wav done.
    (6/14) Can't Wait Until Tonight (Dry Wurlitzer Mix).16b48k.wav done.
    (7/14) Only Time.16b48k.wav done.
    (8/14) Shinsho_pool_3min45_4min4.16b48k.wav done.
    (9/14) clapton_44k.16b48k.wav done.
    (10/14) girl.16b48k.wav done.
    (11/14) Through The Fire And Flames.16b48k.wav done.
    (12/14) With Love (Outro).16b48k.wav done.
    (13/14) lob.wav done.
    (14/14) sandman.16b48k.wav done.
Measuring throughput for d110_c010...
  Benchmarking throughput with noise.wav...
  Benchmarking throughput with silence.wav...
  Benchmarking throughput with sine.wav...
  Benchmarking throughput with sweep.wav...
Computing MOS for 282 samples using local ViSQOL (Binary, 4 cores)...
  (1/282) voip_C_01_CHOP_ML.wav: 4.03
  (2/282) voip_C_01_CLIP_MK.wav: 4.50
  (3/282) voip_C_01_COMPSPKR_MK.wav: 4.13
  (4/282) voip_C_01_CHOP_FA.wav: 4.10
  (5/282) voip_C_01_ECHO_FG.wav: 3.87
  (6/282) voip_C_02_CLIP_MK.wav: 4.29
  (7/282) voip_C_02_CHOP_FA.wav: 4.03
  (8/282) voip_C_01_NOISE_FA.wav: 3.84
  (9/282) voip_C_02_CHOP_ML.wav: 3.59
  (10/282) voip_C_02_COMPSPKR_MK.wav: 3.57
  (11/282) voip_C_03_CHOP_ML.wav: 4.15
  (12/282) voip_C_02_ECHO_FG.wav: 3.54
  (13/282) voip_C_02_NOISE_FA.wav: 2.25
  (14/282) voip_C_03_ECHO_FG.wav: 4.20
  (15/282) voip_C_03_COMPSPKR_MK.wav: 4.01
  (16/282) voip_C_03_CHOP_FA.wav: 3.81
  (17/282) voip_C_03_CLIP_MK.wav: 4.34
  (18/282) voip_C_03_NOISE_FA.wav: 1.95
  (19/282) voip_C_04_CHOP_FA.wav: 3.43
  (20/282) voip_C_04_CHOP_ML.wav: 4.52
  (21/282) voip_C_04_CLIP_MK.wav: 4.14
  (22/282) voip_C_05_CHOP_ML.wav: 4.29
  (23/282) voip_C_04_COMPSPKR_MK.wav: 4.47
  (24/282) voip_C_04_ECHO_FG.wav: 3.19
  (25/282) voip_C_04_NOISE_FA.wav: 2.76
  (26/282) voip_C_05_COMPSPKR_MK.wav: 4.18
  (27/282) voip_C_05_CHOP_FA.wav: 3.09
  (28/282) voip_C_05_CLIP_MK.wav: 3.61
  (29/282) voip_C_05_ECHO_FG.wav: 4.26
  (30/282) voip_C_05_NOISE_FA.wav: 2.18
  (31/282) voip_C_06_CHOP_ML.wav: 4.08
  (32/282) voip_C_06_CHOP_FA.wav: 2.61
  (33/282) voip_C_06_ECHO_FG.wav: 3.85
  (34/282) voip_C_07_CHOP_ML.wav: 4.37
  (35/282) voip_C_06_COMPSPKR_MK.wav: 4.21
  (36/282) voip_C_06_CLIP_MK.wav: 2.77
  (37/282) voip_C_06_NOISE_FA.wav: 2.89
  (38/282) voip_C_07_COMPSPKR_MK.wav: 3.83
  (39/282) voip_C_07_CHOP_FA.wav: 3.99
  (40/282) voip_C_07_CLIP_MK.wav: 4.12
  (41/282) voip_C_07_ECHO_FG.wav: 3.76
  (42/282) voip_C_08_CHOP_FA.wav: 3.99
  (43/282) voip_C_07_NOISE_FA.wav: 2.95
  (44/282) voip_C_08_CLIP_MK.wav: 3.75
  (45/282) voip_C_08_CHOP_ML.wav: 3.87
  (46/282) voip_C_08_NOISE_FA.wav: 2.09
  (47/282) voip_C_08_ECHO_FG.wav: 4.08
  (48/282) voip_C_08_COMPSPKR_MK.wav: 3.96
  (49/282) voip_C_09_CHOP_ML.wav: 4.47
  (50/282) voip_C_09_ECHO_FG.wav: 4.03
  (51/282) voip_C_09_CHOP_FA.wav: 4.03
  (52/282) voip_C_09_CLIP_MK.wav: 4.09
  (53/282) voip_C_09_COMPSPKR_MK.wav: 4.07
  (54/282) voip_C_09_NOISE_FA.wav: 2.24
  (55/282) voip_C_10_COMPSPKR_MK.wav: 1.98
  (56/282) voip_C_10_CHOP_FA.wav: 3.74
  (57/282) voip_C_10_CHOP_ML.wav: 4.28
  (58/282) voip_C_10_ECHO_FG.wav: 2.87
  (59/282) voip_C_10_CLIP_MK.wav: 4.14
  (60/282) voip_C_10_NOISE_FA.wav: 1.75
  (61/282) voip_C_11_CHOP_FA.wav: 4.21
  (62/282) voip_C_11_CHOP_ML.wav: 4.15
  (63/282) voip_C_11_CLIP_MK.wav: 3.96
  (64/282) voip_C_11_ECHO_FG.wav: 3.98
  (65/282) voip_C_12_CHOP_ML.wav: 3.43
  (66/282) voip_C_12_CHOP_FA.wav: 4.18
  (67/282) voip_C_12_CLIP_MK.wav: 4.38
  (68/282) voip_C_11_NOISE_FA.wav: 2.42
  (69/282) voip_C_12_COMPSPKR_MK.wav: 3.19
  (70/282) voip_C_11_COMPSPKR_MK.wav: 4.25
  (71/282) voip_C_13_CHOP_ML.wav: 4.36
  (72/282) voip_C_12_NOISE_FA.wav: 2.29
  (73/282) voip_C_12_ECHO_FG.wav: 4.04
  (74/282) voip_C_13_CLIP_MK.wav: 4.33
  (75/282) voip_C_13_COMPSPKR_MK.wav: 4.01
  (76/282) voip_C_13_CHOP_FA.wav: 3.65
  (77/282) voip_C_14_CHOP_FA.wav: 3.67
  (78/282) voip_C_13_ECHO_FG.wav: 3.77
  (79/282) voip_C_13_NOISE_FA.wav: 1.78
  (80/282) voip_C_14_CLIP_MK.wav: 3.91
  (81/282) voip_C_14_COMPSPKR_MK.wav: 4.17
  (82/282) voip_C_15_CHOP_FA.wav: 2.67
  (83/282) voip_C_14_NOISE_FA.wav: 2.15
  (84/282) voip_C_14_CHOP_ML.wav: 4.07
  (85/282) voip_C_14_ECHO_FG.wav: 3.73
  (86/282) voip_C_15_CHOP_ML.wav: 4.47
  (87/282) voip_C_15_ECHO_MK.wav: 4.28
  (88/282) voip_C_15_NOISE_MK.wav: 1.68
  (89/282) voip_C_16_ECHO_FA.wav: 4.01
  (90/282) voip_C_16_NOISE_ML.wav: 2.55
  (91/282) voip_C_16_NOISE_FA.wav: 2.05
  (92/282) voip_C_16_CHOP_FG.wav: 4.02
  (93/282) voip_C_17_ECHO_MK.wav: 4.53
  (94/282) voip_C_17_CHOP_MK.wav: 4.37
  (95/282) voip_C_17_NOISE_FG.wav: 2.54
  (96/282) voip_C_18_CHOP_FA.wav: 3.84
  (97/282) voip_C_18_ECHO_ML.wav: 4.46
  (98/282) voip_C_19_CHOP_MK.wav: 2.99
  (99/282) voip_C_19_ECHO_FG.wav: 2.89
  (100/282) voip_C_19_NOISE_FA.wav: 1.30
  (101/282) voip_C_18_NOISE_MK.wav: 1.74
  (102/282) voip_C_20_CHOP_FA.wav: 4.04
  (103/282) voip_C_18_ECHO_FA.wav: 2.14
  (104/282) voip_C_20_NOISE_MK.wav: 2.05
  (105/282) voip_C_20_CHOP_ML.wav: 4.41
  (106/282) voip_C_20_ECHO_MK.wav: 2.86
  (107/282) voip_C_21_NOISE_FA.wav: 3.98
  (108/282) voip_C_21_CHOP_FG.wav: 3.23
  (109/282) voip_C_21_ECHO_FA.wav: 4.09
  (110/282) voip_C_21_NOISE_ML.wav: 4.30
  (111/282) voip_C_22_CHOP_MK.wav: 4.05
  (112/282) voip_C_23_ECHO_ML.wav: 4.01
  (113/282) voip_C_22_NOISE_FG.wav: 3.98
  (114/282) voip_C_23_CHOP_FA.wav: 3.31
  (115/282) voip_C_22_ECHO_MK.wav: 4.19
  (116/282) voip_C_24_ECHO_FG.wav: 4.10
  (117/282) voip_C_23_ECHO_FA.wav: 4.06
  (118/282) voip_C_24_CHOP_MK.wav: 3.88
  (119/282) voip_C_23_NOISE_MK.wav: 4.31
  (120/282) vss_C_01_ECHO_FG.wav: 4.23
  (121/282) vss_C_01_CLIP_MK.wav: 4.57
  (122/282) vss_C_01_CHOP_FA.wav: 3.13
  (123/282) voip_C_24_NOISE_FA.wav: 3.60
  (124/282) vss_C_01_CHOP_ML.wav: 3.35
  (125/282) vss_C_01_COMPSPKR_MK.wav: 3.51
  (126/282) vss_C_02_COMPSPKR_MK.wav: 3.22
  (127/282) vss_C_01_NOISE_FA.wav: 3.22
  (128/282) vss_C_02_CHOP_ML.wav: 4.18
  (129/282) vss_C_02_CHOP_FA.wav: 4.15
  (130/282) vss_C_02_CLIP_MK.wav: 4.33
  (131/282) vss_C_02_ECHO_FG.wav: 4.37
  (132/282) vss_C_03_CLIP_MK.wav: 4.37
  (133/282) vss_C_03_CHOP_FA.wav: 4.13
  (134/282) vss_C_03_CHOP_ML.wav: 4.12
  (135/282) vss_C_02_NOISE_FA.wav: 2.62
  (136/282) vss_C_04_CHOP_ML.wav: 4.05
  (137/282) vss_C_03_COMPSPKR_MK.wav: 4.01
  (138/282) vss_C_03_NOISE_FA.wav: 2.51
  (139/282) vss_C_03_ECHO_FG.wav: 4.35
  (140/282) vss_C_04_CHOP_FA.wav: 3.85
  (141/282) vss_C_04_CLIP_MK.wav: 3.31
  (142/282) vss_C_05_CHOP_FA.wav: 3.79
  (143/282) vss_C_04_ECHO_FG.wav: 4.37
  (144/282) vss_C_04_COMPSPKR_MK.wav: 3.68
  (145/282) vss_C_05_CHOP_ML.wav: 3.82
  (146/282) vss_C_04_NOISE_FA.wav: 3.16
  (147/282) vss_C_05_COMPSPKR_MK.wav: 2.92
  (148/282) vss_C_05_CLIP_MK.wav: 3.89
  (149/282) vss_C_05_ECHO_FG.wav: 3.33
  (150/282) vss_C_05_NOISE_FA.wav: 2.44
  (151/282) vss_C_06_CHOP_ML.wav: 4.33
  (152/282) vss_C_06_CLIP_MK.wav: 2.80
  (153/282) vss_C_06_ECHO_FG.wav: 4.43
  (154/282) vss_C_06_COMPSPKR_MK.wav: 4.34
  (155/282) vss_C_07_CHOP_ML.wav: 4.18
  (156/282) vss_C_06_CHOP_FA.wav: 4.12
  (157/282) vss_C_06_NOISE_FA.wav: 3.28
  (158/282) vss_C_07_CHOP_FA.wav: 3.37
  (159/282) vss_C_07_COMPSPKR_MK.wav: 4.09
  (160/282) vss_C_07_CLIP_MK.wav: 4.19
  (161/282) vss_C_07_ECHO_FG.wav: 2.97
  (162/282) vss_C_08_CHOP_FA.wav: 4.31
  (163/282) vss_C_07_NOISE_FA.wav: 3.38
  (164/282) vss_C_08_CLIP_MK.wav: 3.98
  (165/282) vss_C_08_CHOP_ML.wav: 4.06
  (166/282) vss_C_08_COMPSPKR_MK.wav: 3.21
  (167/282) vss_C_08_NOISE_FA.wav: 2.27
  (168/282) vss_C_09_CHOP_ML.wav: 4.40
  (169/282) vss_C_08_ECHO_FG.wav: 4.21
  (170/282) vss_C_09_CHOP_FA.wav: 4.30
  (171/282) vss_C_09_ECHO_FG.wav: 4.08
  (172/282) vss_C_09_COMPSPKR_MK.wav: 4.17
  (173/282) vss_C_09_CLIP_MK.wav: 4.18
  (174/282) vss_C_10_CHOP_FA.wav: 2.68
  (175/282) vss_C_10_COMPSPKR_MK.wav: 4.53
  (176/282) vss_C_10_CHOP_ML.wav: 4.01
  (177/282) vss_C_09_NOISE_FA.wav: 2.41
  (178/282) vss_C_10_CLIP_MK.wav: 4.23
  (179/282) vss_C_10_ECHO_FG.wav: 3.98
  (180/282) vss_C_11_CLIP_MK.wav: 4.12
  (181/282) vss_C_10_NOISE_FA.wav: 2.47
  (182/282) vss_C_11_CHOP_ML.wav: 4.45
  (183/282) vss_C_11_CHOP_FA.wav: 3.33
  (184/282) vss_C_11_COMPSPKR_MK.wav: 4.33
  (185/282) vss_C_12_CHOP_ML.wav: 4.19
  (186/282) vss_C_11_ECHO_FG.wav: 4.32
  (187/282) vss_C_11_NOISE_FA.wav: 2.65
  (188/282) vss_C_12_CHOP_FA.wav: 3.87
  (189/282) vss_C_12_CLIP_MK.wav: 4.42
  (190/282) vss_C_13_CHOP_FA.wav: 4.08
  (191/282) vss_C_12_COMPSPKR_MK.wav: 4.31
  (192/282) vss_C_12_ECHO_FG.wav: 4.57
  (193/282) vss_C_12_NOISE_FA.wav: 2.98
  (194/282) vss_C_13_CHOP_ML.wav: 4.29
  (195/282) vss_C_13_CLIP_MK.wav: 4.31
  (196/282) vss_C_13_ECHO_FG.wav: 3.99
  (197/282) vss_C_13_COMPSPKR_MK.wav: 2.79
  (198/282) vss_C_13_NOISE_FA.wav: 2.14
  (199/282) vss_C_14_CHOP_ML.wav: 3.93
  (200/282) vss_C_14_ECHO_FG.wav: 2.26
  (201/282) vss_C_14_CHOP_FA.wav: 3.91
  (202/282) vss_C_14_CLIP_MK.wav: 4.03
  (203/282) vss_C_14_COMPSPKR_MK.wav: 2.38
  (204/282) vss_C_15_CHOP_ML.wav: 4.43
  (205/282) vss_C_15_CHOP_FA.wav: 2.97
  (206/282) vss_C_14_NOISE_FA.wav: 2.44
  (207/282) vss_C_15_ECHO_MK.wav: 3.87
  (208/282) vss_C_16_CHOP_FG.wav: 4.43
  (209/282) vss_C_15_NOISE_MK.wav: 1.75
  (210/282) vss_C_16_NOISE_ML.wav: 3.94
  (211/282) vss_C_16_ECHO_FA.wav: 4.19
  (212/282) vss_C_17_CHOP_MK.wav: 4.46
  (213/282) vss_C_16_NOISE_FA.wav: 2.30
  (214/282) vss_C_17_ECHO_MK.wav: 3.36
  (215/282) vss_C_17_NOISE_FG.wav: 3.00
  (216/282) vss_C_18_CHOP_FA.wav: 4.04
  (217/282) vss_C_18_ECHO_ML.wav: 4.51
  (218/282) vss_C_19_CHOP_MK.wav: 4.04
  (219/282) vss_C_18_ECHO_FA.wav: 4.52
  (220/282) vss_C_19_ECHO_FG.wav: 4.64
  (221/282) vss_C_20_CHOP_FA.wav: 2.85
  (222/282) vss_C_20_CHOP_ML.wav: 4.13
  (223/282) vss_C_19_NOISE_FA.wav: 1.15
  (224/282) vss_C_18_NOISE_MK.wav: 1.85
  (225/282) vss_C_20_ECHO_MK.wav: 4.33
  (226/282) vss_C_21_ECHO_FA.wav: 4.17
  (227/282) vss_C_21_CHOP_FG.wav: 4.38
  (228/282) vss_C_21_NOISE_FA.wav: 4.17
  (229/282) vss_C_20_NOISE_MK.wav: 2.82
  (230/282) vss_C_21_NOISE_ML.wav: 3.67
  (231/282) vss_C_22_CHOP_MK.wav: 3.09
  (232/282) vss_C_23_CHOP_FA.wav: 3.40
  (233/282) vss_C_23_ECHO_ML.wav: 3.97
  (234/282) vss_C_22_ECHO_MK.wav: 3.48
  (235/282) vss_C_23_ECHO_FA.wav: 4.22
  (236/282) vss_C_22_NOISE_FG.wav: 2.89
  (237/282) vss_C_24_CHOP_MK.wav: 4.12
  (238/282) vss_C_24_ECHO_FG.wav: 2.05
  (239/282) vss_C_23_NOISE_MK.wav: 3.40
  (240/282) vss_C_24_NOISE_FA.wav: 2.06
  (241/282) music_low_12-German-male-speech.441.16b48k.wav: 3.21
  (242/282) music_low_24-Greensleeves-Korean-male-speech.441.16b48k.wav: 3.27
  (243/282) music_low_4-Sound-English-male.441.16b48k.wav: 3.05
  (244/282) music_low_Can't Wait Until Tonight (Dry Wurlitzer Mix).16b48k.wav: 3.24
  (245/282) music_low_Girl_In_The_Fire__Sample_.16b48k.wav: 3.27
  (246/282) music_low_Only Time.16b48k.wav: 3.14
  (247/282) music_low_Hotel California.16b48k.wav: 3.26
  (248/282) music_low_Through The Fire And Flames.16b48k.wav: 3.19
  (249/282) music_low_Shinsho_pool_3min45_4min4.16b48k.wav: 4.34
  (250/282) music_low_girl.16b48k.wav: 2.74
  (251/282) music_low_clapton_44k.16b48k.wav: 2.96
  (252/282) music_low_With Love (Outro).16b48k.wav: 3.43
  (253/282) music_low_lob.wav: 3.18
  (254/282) music_std_12-German-male-speech.441.16b48k.wav: 4.35
  (255/282) music_low_sandman.16b48k.wav: 3.63
  (256/282) music_std_4-Sound-English-male.441.16b48k.wav: 4.21
  (257/282) music_std_Hotel California.16b48k.wav: 4.34
  (258/282) music_std_24-Greensleeves-Korean-male-speech.441.16b48k.wav: 3.98
  (259/282) music_std_Can't Wait Until Tonight (Dry Wurlitzer Mix).16b48k.wav: 4.34
  (260/282) music_std_Girl_In_The_Fire__Sample_.16b48k.wav: 4.09
  (261/282) music_std_Only Time.16b48k.wav: 4.07
  (262/282) music_std_With Love (Outro).16b48k.wav: 4.32
  (263/282) music_std_Shinsho_pool_3min45_4min4.16b48k.wav: 4.36
  (264/282) music_std_Through The Fire And Flames.16b48k.wav: 4.45
  (265/282) music_std_clapton_44k.16b48k.wav: 4.38
  (266/282) music_std_lob.wav: 3.89
  (267/282) music_std_girl.16b48k.wav: 3.64
  (268/282) music_std_sandman.16b48k.wav: 4.44
  (269/282) music_high_12-German-male-speech.441.16b48k.wav: 4.34
  (270/282) music_high_24-Greensleeves-Korean-male-speech.441.16b48k.wav: 3.99
  (271/282) music_high_Girl_In_The_Fire__Sample_.16b48k.wav: 4.10
  (272/282) music_high_4-Sound-English-male.441.16b48k.wav: 4.25
  (273/282) music_high_Hotel California.16b48k.wav: 4.34
  (274/282) music_high_Can't Wait Until Tonight (Dry Wurlitzer Mix).16b48k.wav: 4.32
  (275/282) music_high_Only Time.16b48k.wav: 4.09
  (276/282) music_high_Shinsho_pool_3min45_4min4.16b48k.wav: 4.36
  (277/282) music_high_clapton_44k.16b48k.wav: 4.37
  (278/282) music_high_girl.16b48k.wav: 3.66
  (279/282) music_high_Through The Fire And Flames.16b48k.wav: 4.46
  (280/282) music_high_lob.wav: 3.91
  (281/282) music_high_With Love (Outro).16b48k.wav: 4.32
  (282/282) music_high_sandman.16b48k.wav: 4.44
Phase 2 (MOS) complete.
>>> Phase 1: Encoding and Basic Metrics
>>> Phase 2: Perceptual Quality (MOS)
Found local visqol binary at: /opt/visqol/bazel-bin/visqol
Using local ViSQOL installation...
>>> Benchmark complete.
Starting Phase 1 (Encoding) for d110_c020...
Parallelizing across 4 threads.
  [Scenario: voip] Processing 120 samples (coverage 30%)...
    (1/120) C_01_CHOP_FA.wav done.
    (2/120) C_01_CLIP_MK.wav done.
    (3/120) C_01_COMPSPKR_MK.wav done.
    (4/120) C_01_CHOP_ML.wav done.
    (5/120) C_02_CHOP_ML.wav done.
    (6/120) C_01_ECHO_FG.wav done.
    (7/120) C_02_CHOP_FA.wav done.
    (8/120) C_01_NOISE_FA.wav done.
    (9/120) C_02_COMPSPKR_MK.wav done.
    (10/120) C_02_ECHO_FG.wav done.
    (11/120) C_02_NOISE_FA.wav done.
    (12/120) C_02_CLIP_MK.wav done.
    (13/120) C_03_CHOP_FA.wav done.
    (14/120) C_03_CLIP_MK.wav done.
    (15/120) C_03_CHOP_ML.wav done.
    (16/120) C_03_COMPSPKR_MK.wav done.
    (17/120) C_04_CHOP_FA.wav done.
    (18/120) C_04_CHOP_ML.wav done.
    (19/120) C_03_ECHO_FG.wav done.
    (20/120) C_03_NOISE_FA.wav done.
    (21/120) C_04_CLIP_MK.wav done.
    (22/120) C_04_COMPSPKR_MK.wav done.
    (23/120) C_04_ECHO_FG.wav done.
    (24/120) C_04_NOISE_FA.wav done.
    (25/120) C_05_CHOP_FA.wav done.
    (26/120) C_05_CHOP_ML.wav done.
    (27/120) C_05_CLIP_MK.wav done.
    (28/120) C_05_COMPSPKR_MK.wav done.
    (29/120) C_06_CHOP_ML.wav done.
    (30/120) C_05_ECHO_FG.wav done.
    (31/120) C_06_CHOP_FA.wav done.
    (32/120) C_05_NOISE_FA.wav done.
    (33/120) C_06_COMPSPKR_MK.wav done.
    (34/120) C_06_CLIP_MK.wav done.
    (35/120) C_06_ECHO_FG.wav done.
    (36/120) C_06_NOISE_FA.wav done.
    (37/120) C_07_COMPSPKR_MK.wav done.
    (38/120) C_07_CLIP_MK.wav done.
    (39/120) C_07_CHOP_ML.wav done.
    (40/120) C_07_CHOP_FA.wav done.
    (41/120) C_07_NOISE_FA.wav done.
    (42/120) C_08_CHOP_ML.wav done.
    (43/120) C_08_CHOP_FA.wav done.
    (44/120) C_07_ECHO_FG.wav done.
    (45/120) C_08_CLIP_MK.wav done.
    (46/120) C_08_COMPSPKR_MK.wav done.
    (47/120) C_08_ECHO_FG.wav done.
    (48/120) C_08_NOISE_FA.wav done.
    (49/120) C_09_CHOP_ML.wav done.
    (50/120) C_09_CHOP_FA.wav done.
    (51/120) C_09_CLIP_MK.wav done.
    (52/120) C_09_COMPSPKR_MK.wav done.
    (53/120) C_09_ECHO_FG.wav done.
    (54/120) C_09_NOISE_FA.wav done.
    (55/120) C_10_CHOP_FA.wav done.
    (56/120) C_10_CHOP_ML.wav done.
    (57/120) C_10_CLIP_MK.wav done.
    (58/120) C_10_COMPSPKR_MK.wav done.
    (59/120) C_10_ECHO_FG.wav done.
    (60/120) C_10_NOISE_FA.wav done.
    (61/120) C_11_CHOP_ML.wav done.
    (62/120) C_11_CHOP_FA.wav done.
    (63/120) C_11_CLIP_MK.wav done.
    (64/120) C_11_COMPSPKR_MK.wav done.
    (65/120) C_11_ECHO_FG.wav done.
    (66/120) C_11_NOISE_FA.wav done.
    (67/120) C_12_CHOP_FA.wav done.
    (68/120) C_12_CHOP_ML.wav done.
    (69/120) C_12_CLIP_MK.wav done.
    (70/120) C_12_COMPSPKR_MK.wav done.
    (71/120) C_12_ECHO_FG.wav done.
    (72/120) C_12_NOISE_FA.wav done.
    (73/120) C_13_CHOP_FA.wav done.
    (74/120) C_13_CHOP_ML.wav done.
    (75/120) C_13_COMPSPKR_MK.wav done.
    (76/120) C_13_CLIP_MK.wav done.
    (77/120) C_13_ECHO_FG.wav done.
    (78/120) C_13_NOISE_FA.wav done.
    (79/120) C_14_CHOP_FA.wav done.
    (80/120) C_14_CHOP_ML.wav done.
    (81/120) C_14_COMPSPKR_MK.wav done.
    (82/120) C_14_CLIP_MK.wav done.
    (83/120) C_14_NOISE_FA.wav done.
    (84/120) C_14_ECHO_FG.wav done.
    (85/120) C_15_CHOP_FA.wav done.
    (86/120) C_15_CHOP_ML.wav done.
    (87/120) C_15_ECHO_MK.wav done.
    (88/120) C_15_NOISE_MK.wav done.
    (89/120) C_16_ECHO_FA.wav done.
    (90/120) C_16_CHOP_FG.wav done.
    (91/120) C_16_NOISE_FA.wav done.
    (92/120) C_16_NOISE_ML.wav done.
    (93/120) C_17_ECHO_MK.wav done.
    (94/120) C_17_CHOP_MK.wav done.
    (95/120) C_17_NOISE_FG.wav done.
    (96/120) C_18_CHOP_FA.wav done.
    (97/120) C_18_ECHO_ML.wav done.
    (98/120) C_18_ECHO_FA.wav done.
    (99/120) C_19_CHOP_MK.wav done.
    (100/120) C_18_NOISE_MK.wav done.
    (101/120) C_19_ECHO_FG.wav done.
    (102/120) C_19_NOISE_FA.wav done.
    (103/120) C_20_CHOP_ML.wav done.
    (104/120) C_20_CHOP_FA.wav done.
    (105/120) C_20_NOISE_MK.wav done.
    (106/120) C_21_NOISE_FA.wav done.
    (107/120) C_21_CHOP_FG.wav done.
    (108/120) C_21_ECHO_FA.wav done.
    (109/120) C_20_ECHO_MK.wav done.
    (110/120) C_21_NOISE_ML.wav done.
    (111/120) C_23_CHOP_FA.wav done.
    (112/120) C_22_CHOP_MK.wav done.
    (113/120) C_22_NOISE_FG.wav done.
    (114/120) C_22_ECHO_MK.wav done.
    (115/120) C_23_ECHO_FA.wav done.
    (116/120) C_24_ECHO_FG.wav done.
    (117/120) C_23_ECHO_ML.wav done.
    (118/120) C_23_NOISE_MK.wav done.
    (119/120) C_24_NOISE_FA.wav done.
    (120/120) C_24_CHOP_MK.wav done.
  [Scenario: vss] Processing 120 samples (coverage 30%)...
    (1/120) C_01_CHOP_ML.wav done.
    (2/120) C_01_CHOP_FA.wav done.
    (3/120) C_01_CLIP_MK.wav done.
    (4/120) C_01_COMPSPKR_MK.wav done.
    (5/120) C_01_ECHO_FG.wav done.
    (6/120) C_02_CHOP_FA.wav done.
    (7/120) C_01_NOISE_FA.wav done.
    (8/120) C_02_CHOP_ML.wav done.
    (9/120) C_02_ECHO_FG.wav done.
    (10/120) C_02_CLIP_MK.wav done.
    (11/120) C_02_COMPSPKR_MK.wav done.
    (12/120) C_02_NOISE_FA.wav done.
    (13/120) C_03_CHOP_ML.wav done.
    (14/120) C_03_COMPSPKR_MK.wav done.
    (15/120) C_03_CLIP_MK.wav done.
    (16/120) C_03_CHOP_FA.wav done.
    (17/120) C_03_ECHO_FG.wav done.
    (18/120) C_04_CHOP_ML.wav done.
    (19/120) C_04_CHOP_FA.wav done.
    (20/120) C_03_NOISE_FA.wav done.
    (21/120) C_04_ECHO_FG.wav done.
    (22/120) C_04_COMPSPKR_MK.wav done.
    (23/120) C_04_CLIP_MK.wav done.
    (24/120) C_04_NOISE_FA.wav done.
    (25/120) C_05_CLIP_MK.wav done.
    (26/120) C_05_COMPSPKR_MK.wav done.
    (27/120) C_05_CHOP_FA.wav done.
    (28/120) C_05_CHOP_ML.wav done.
    (29/120) C_06_CHOP_FA.wav done.
    (30/120) C_05_ECHO_FG.wav done.
    (31/120) C_06_CHOP_ML.wav done.
    (32/120) C_05_NOISE_FA.wav done.
    (33/120) C_06_NOISE_FA.wav done.
    (34/120) C_06_CLIP_MK.wav done.
    (35/120) C_06_ECHO_FG.wav done.
    (36/120) C_06_COMPSPKR_MK.wav done.
    (37/120) C_07_CHOP_FA.wav done.
    (38/120) C_07_CHOP_ML.wav done.
    (39/120) C_07_COMPSPKR_MK.wav done.
    (40/120) C_07_CLIP_MK.wav done.
    (41/120) C_08_CHOP_ML.wav done.
    (42/120) C_07_ECHO_FG.wav done.
    (43/120) C_07_NOISE_FA.wav done.
    (44/120) C_08_CHOP_FA.wav done.
    (45/120) C_08_COMPSPKR_MK.wav done.
    (46/120) C_08_CLIP_MK.wav done.
    (47/120) C_08_ECHO_FG.wav done.
    (48/120) C_08_NOISE_FA.wav done.
    (49/120) C_09_CHOP_FA.wav done.
    (50/120) C_09_CHOP_ML.wav done.
    (51/120) C_09_CLIP_MK.wav done.
    (52/120) C_09_COMPSPKR_MK.wav done.
    (53/120) C_09_NOISE_FA.wav done.
    (54/120) C_09_ECHO_FG.wav done.
    (55/120) C_10_CHOP_ML.wav done.
    (56/120) C_10_CHOP_FA.wav done.
    (57/120) C_10_CLIP_MK.wav done.
    (58/120) C_10_COMPSPKR_MK.wav done.
    (59/120) C_10_ECHO_FG.wav done.
    (60/120) C_10_NOISE_FA.wav done.
    (61/120) C_11_CHOP_ML.wav done.
    (62/120) C_11_COMPSPKR_MK.wav done.
    (63/120) C_11_CLIP_MK.wav done.
    (64/120) C_11_CHOP_FA.wav done.
    (65/120) C_11_ECHO_FG.wav done.
    (66/120) C_12_CHOP_ML.wav done.
    (67/120) C_12_CHOP_FA.wav done.
    (68/120) C_11_NOISE_FA.wav done.
    (69/120) C_12_COMPSPKR_MK.wav done.
    (70/120) C_12_CLIP_MK.wav done.
    (71/120) C_12_ECHO_FG.wav done.
    (72/120) C_12_NOISE_FA.wav done.
    (73/120) C_13_CHOP_FA.wav done.
    (74/120) C_13_CHOP_ML.wav done.
    (75/120) C_13_CLIP_MK.wav done.
    (76/120) C_13_COMPSPKR_MK.wav done.
    (77/120) C_14_CHOP_FA.wav done.
    (78/120) C_13_NOISE_FA.wav done.
    (79/120) C_13_ECHO_FG.wav done.
    (80/120) C_14_CHOP_ML.wav done.
    (81/120) C_14_NOISE_FA.wav done.
    (82/120) C_14_COMPSPKR_MK.wav done.
    (83/120) C_14_CLIP_MK.wav done.
    (84/120) C_14_ECHO_FG.wav done.
    (85/120) C_15_CHOP_FA.wav done.
    (86/120) C_15_CHOP_ML.wav done.
    (87/120) C_15_ECHO_MK.wav done.
    (88/120) C_15_NOISE_MK.wav done.
    (89/120) C_16_CHOP_FG.wav done.
    (90/120) C_16_NOISE_FA.wav done.
    (91/120) C_16_ECHO_FA.wav done.
    (92/120) C_16_NOISE_ML.wav done.
    (93/120) C_17_CHOP_MK.wav done.
    (94/120) C_17_NOISE_FG.wav done.
    (95/120) C_17_ECHO_MK.wav done.
    (96/120) C_18_CHOP_FA.wav done.
    (97/120) C_18_ECHO_FA.wav done.
    (98/120) C_18_ECHO_ML.wav done.
    (99/120) C_18_NOISE_MK.wav done.
    (100/120) C_19_CHOP_MK.wav done.
    (101/120) C_19_ECHO_FG.wav done.
    (102/120) C_19_NOISE_FA.wav done.
    (103/120) C_20_CHOP_ML.wav done.
    (104/120) C_20_CHOP_FA.wav done.
    (105/120) C_20_ECHO_MK.wav done.
    (106/120) C_20_NOISE_MK.wav done.
    (107/120) C_21_CHOP_FG.wav done.
    (108/120) C_21_ECHO_FA.wav done.
    (109/120) C_21_NOISE_ML.wav done.
    (110/120) C_21_NOISE_FA.wav done.
    (111/120) C_22_CHOP_MK.wav done.
    (112/120) C_22_ECHO_MK.wav done.
    (113/120) C_22_NOISE_FG.wav done.
    (114/120) C_23_CHOP_FA.wav done.
    (115/120) C_23_ECHO_FA.wav done.
    (116/120) C_23_ECHO_ML.wav done.
    (117/120) C_23_NOISE_MK.wav done.
    (118/120) C_24_CHOP_MK.wav done.
    (119/120) C_24_ECHO_FG.wav done.
    (120/120) C_24_NOISE_FA.wav done.
  [Scenario: music_low] Processing 14 samples (coverage 30%)...
    (1/14) Can't Wait Until Tonight (Dry Wurlitzer Mix).16b48k.wav done.
    (2/14) 4-Sound-English-male.441.16b48k.wav done.
    (3/14) 24-Greensleeves-Korean-male-speech.441.16b48k.wav done.
    (4/14) Girl_In_The_Fire__Sample_.16b48k.wav done.
    (5/14) 12-German-male-speech.441.16b48k.wav done.
    (6/14) Shinsho_pool_3min45_4min4.16b48k.wav done.
    (7/14) Hotel California.16b48k.wav done.
    (8/14) With Love (Outro).16b48k.wav done.
    (9/14) Only Time.16b48k.wav done.
    (10/14) Through The Fire And Flames.16b48k.wav done.
    (11/14) girl.16b48k.wav done.
    (12/14) clapton_44k.16b48k.wav done.
    (13/14) lob.wav done.
    (14/14) sandman.16b48k.wav done.
  [Scenario: music_std] Processing 14 samples (coverage 30%)...
    (1/14) 12-German-male-speech.441.16b48k.wav done.
    (2/14) Girl_In_The_Fire__Sample_.16b48k.wav done.
    (3/14) 24-Greensleeves-Korean-male-speech.441.16b48k.wav done.
    (4/14) 4-Sound-English-male.441.16b48k.wav done.
    (5/14) Hotel California.16b48k.wav done.
    (6/14) Can't Wait Until Tonight (Dry Wurlitzer Mix).16b48k.wav done.
    (7/14) Through The Fire And Flames.16b48k.wav done.
    (8/14) Shinsho_pool_3min45_4min4.16b48k.wav done.
    (9/14) Only Time.16b48k.wav done.
    (10/14) girl.16b48k.wav done.
    (11/14) clapton_44k.16b48k.wav done.
    (12/14) lob.wav done.
    (13/14) With Love (Outro).16b48k.wav done.
    (14/14) sandman.16b48k.wav done.
  [Scenario: music_high] Processing 14 samples (coverage 30%)...
    (1/14) 12-German-male-speech.441.16b48k.wav done.
    (2/14) 24-Greensleeves-Korean-male-speech.441.16b48k.wav done.
    (3/14) 4-Sound-English-male.441.16b48k.wav done.
    (4/14) Can't Wait Until Tonight (Dry Wurlitzer Mix).16b48k.wav done.
    (5/14) Only Time.16b48k.wav done.
    (6/14) Girl_In_The_Fire__Sample_.16b48k.wav done.
    (7/14) Hotel California.16b48k.wav done.
    (8/14) Shinsho_pool_3min45_4min4.16b48k.wav done.
    (9/14) Through The Fire And Flames.16b48k.wav done.
    (10/14) clapton_44k.16b48k.wav done.
    (11/14) With Love (Outro).16b48k.wav done.
    (12/14) girl.16b48k.wav done.
    (13/14) lob.wav done.
    (14/14) sandman.16b48k.wav done.
Measuring throughput for d110_c020...
  Benchmarking throughput with noise.wav...
  Benchmarking throughput with silence.wav...
  Benchmarking throughput with sine.wav...
  Benchmarking throughput with sweep.wav...
Computing MOS for 282 samples using local ViSQOL (Binary, 4 cores)...
  (1/282) voip_C_01_CLIP_MK.wav: 4.31
  (2/282) voip_C_01_CHOP_ML.wav: 3.98
  (3/282) voip_C_01_COMPSPKR_MK.wav: 3.69
  (4/282) voip_C_01_CHOP_FA.wav: 4.10
  (5/282) voip_C_02_CHOP_ML.wav: 3.59
  (6/282) voip_C_01_ECHO_FG.wav: 3.87
  (7/282) voip_C_02_CHOP_FA.wav: 4.03
  (8/282) voip_C_01_NOISE_FA.wav: 3.84
  (9/282) voip_C_02_COMPSPKR_MK.wav: 3.57
  (10/282) voip_C_02_ECHO_FG.wav: 3.75
  (11/282) voip_C_02_NOISE_FA.wav: 2.57
  (12/282) voip_C_02_CLIP_MK.wav: 3.87
  (13/282) voip_C_03_CHOP_ML.wav: 4.15
  (14/282) voip_C_03_CHOP_FA.wav: 3.06
  (15/282) voip_C_03_CLIP_MK.wav: 4.34
  (16/282) voip_C_03_COMPSPKR_MK.wav: 4.01
  (17/282) voip_C_04_CHOP_ML.wav: 4.52
  (18/282) voip_C_04_CHOP_FA.wav: 3.43
  (19/282) voip_C_03_ECHO_FG.wav: 3.77
  (20/282) voip_C_03_NOISE_FA.wav: 1.95
  (21/282) voip_C_04_COMPSPKR_MK.wav: 3.73
  (22/282) voip_C_04_CLIP_MK.wav: 3.47
  (23/282) voip_C_04_ECHO_FG.wav: 3.82
  (24/282) voip_C_05_CHOP_ML.wav: 4.24
  (25/282) voip_C_04_NOISE_FA.wav: 2.76
  (26/282) voip_C_05_CHOP_FA.wav: 3.21
  (27/282) voip_C_05_CLIP_MK.wav: 3.61
  (28/282) voip_C_06_CHOP_ML.wav: 4.32
  (29/282) voip_C_05_COMPSPKR_MK.wav: 4.18
  (30/282) voip_C_05_ECHO_FG.wav: 4.26
  (31/282) voip_C_06_CHOP_FA.wav: 2.61
  (32/282) voip_C_06_COMPSPKR_MK.wav: 4.21
  (33/282) voip_C_05_NOISE_FA.wav: 2.18
  (34/282) voip_C_06_CLIP_MK.wav: 2.77
  (35/282) voip_C_06_ECHO_FG.wav: 3.85
  (36/282) voip_C_07_COMPSPKR_MK.wav: 3.83
  (37/282) voip_C_06_NOISE_FA.wav: 2.89
  (38/282) voip_C_07_CHOP_ML.wav: 4.28
  (39/282) voip_C_07_CLIP_MK.wav: 3.69
  (40/282) voip_C_07_NOISE_FA.wav: 2.95
  (41/282) voip_C_08_CHOP_ML.wav: 3.87
  (42/282) voip_C_07_CHOP_FA.wav: 3.99
  (43/282) voip_C_08_CHOP_FA.wav: 3.99
  (44/282) voip_C_07_ECHO_FG.wav: 3.76
  (45/282) voip_C_08_COMPSPKR_MK.wav: 3.76
  (46/282) voip_C_08_CLIP_MK.wav: 3.75
  (47/282) voip_C_08_ECHO_FG.wav: 3.51
  (48/282) voip_C_09_CHOP_ML.wav: 4.47
  (49/282) voip_C_09_CHOP_FA.wav: 4.03
  (50/282) voip_C_08_NOISE_FA.wav: 1.94
  (51/282) voip_C_09_ECHO_FG.wav: 3.53
  (52/282) voip_C_09_CLIP_MK.wav: 4.09
  (53/282) voip_C_09_COMPSPKR_MK.wav: 4.07
  (54/282) voip_C_09_NOISE_FA.wav: 2.24
  (55/282) voip_C_10_CHOP_ML.wav: 4.28
  (56/282) voip_C_10_COMPSPKR_MK.wav: 2.59
  (57/282) voip_C_10_CHOP_FA.wav: 3.74
  (58/282) voip_C_10_CLIP_MK.wav: 3.54
  (59/282) voip_C_10_ECHO_FG.wav: 3.71
  (60/282) voip_C_11_CHOP_ML.wav: 4.15
  (61/282) voip_C_10_NOISE_FA.wav: 1.75
  (62/282) voip_C_11_CHOP_FA.wav: 4.21
  (63/282) voip_C_11_CLIP_MK.wav: 3.96
  (64/282) voip_C_11_ECHO_FG.wav: 3.98
  (65/282) voip_C_11_COMPSPKR_MK.wav: 4.25
  (66/282) voip_C_11_NOISE_FA.wav: 2.42
  (67/282) voip_C_12_CHOP_FA.wav: 4.18
  (68/282) voip_C_12_CHOP_ML.wav: 3.43
  (69/282) voip_C_12_CLIP_MK.wav: 4.38
  (70/282) voip_C_12_COMPSPKR_MK.wav: 3.19
  (71/282) voip_C_12_ECHO_FG.wav: 3.38
  (72/282) voip_C_12_NOISE_FA.wav: 2.29
  (73/282) voip_C_13_CHOP_FA.wav: 3.19
  (74/282) voip_C_13_CHOP_ML.wav: 4.30
  (75/282) voip_C_13_COMPSPKR_MK.wav: 4.01
  (76/282) voip_C_13_ECHO_FG.wav: 3.77
  (77/282) voip_C_13_CLIP_MK.wav: 4.33
  (78/282) voip_C_14_CHOP_FA.wav: 3.67
  (79/282) voip_C_13_NOISE_FA.wav: 1.78
  (80/282) voip_C_14_CHOP_ML.wav: 4.06
  (81/282) voip_C_14_COMPSPKR_MK.wav: 4.17
  (82/282) voip_C_14_ECHO_FG.wav: 3.73
  (83/282) voip_C_14_CLIP_MK.wav: 3.27
  (84/282) voip_C_14_NOISE_FA.wav: 2.15
  (85/282) voip_C_15_CHOP_ML.wav: 4.47
  (86/282) voip_C_15_CHOP_FA.wav: 2.67
  (87/282) voip_C_15_ECHO_MK.wav: 4.29
  (88/282) voip_C_16_CHOP_FG.wav: 3.98
  (89/282) voip_C_15_NOISE_MK.wav: 1.64
  (90/282) voip_C_16_ECHO_FA.wav: 4.01
  (91/282) voip_C_16_NOISE_FA.wav: 2.12
  (92/282) voip_C_16_NOISE_ML.wav: 2.71
  (93/282) voip_C_17_ECHO_MK.wav: 4.53
  (94/282) voip_C_17_CHOP_MK.wav: 4.37
  (95/282) voip_C_17_NOISE_FG.wav: 2.54
  (96/282) voip_C_18_CHOP_FA.wav: 3.84
  (97/282) voip_C_18_ECHO_ML.wav: 4.46
  (98/282) voip_C_19_CHOP_MK.wav: 2.99
  (99/282) voip_C_18_ECHO_FA.wav: 2.14
  (100/282) voip_C_19_ECHO_FG.wav: 4.08
  (101/282) voip_C_20_CHOP_ML.wav: 4.41
  (102/282) voip_C_19_NOISE_FA.wav: 1.30
  (103/282) voip_C_18_NOISE_MK.wav: 1.74
  (104/282) voip_C_20_NOISE_MK.wav: 2.05
  (105/282) voip_C_21_NOISE_FA.wav: 3.98
  (106/282) voip_C_21_CHOP_FG.wav: 3.59
  (107/282) voip_C_20_CHOP_FA.wav: 4.04
  (108/282) voip_C_21_ECHO_FA.wav: 4.09
  (109/282) voip_C_20_ECHO_MK.wav: 2.86
  (110/282) voip_C_23_CHOP_FA.wav: 3.31
  (111/282) voip_C_21_NOISE_ML.wav: 4.30
  (112/282) voip_C_22_CHOP_MK.wav: 4.05
  (113/282) voip_C_22_NOISE_FG.wav: 3.98
  (114/282) voip_C_23_ECHO_FA.wav: 4.06
  (115/282) voip_C_22_ECHO_MK.wav: 4.19
  (116/282) voip_C_24_ECHO_FG.wav: 3.53
  (117/282) voip_C_23_ECHO_ML.wav: 4.01
  (118/282) voip_C_23_NOISE_MK.wav: 4.31
  (119/282) voip_C_24_CHOP_MK.wav: 3.88
  (120/282) voip_C_24_NOISE_FA.wav: 2.52
  (121/282) vss_C_01_CHOP_ML.wav: 4.01
  (122/282) vss_C_01_CLIP_MK.wav: 4.57
  (123/282) vss_C_01_COMPSPKR_MK.wav: 3.71
  (124/282) vss_C_01_CHOP_FA.wav: 3.13
  (125/282) vss_C_01_ECHO_FG.wav: 4.23
  (126/282) vss_C_02_CHOP_FA.wav: 4.15
  (127/282) vss_C_02_CHOP_ML.wav: 4.18
  (128/282) vss_C_01_NOISE_FA.wav: 3.22
  (129/282) vss_C_02_ECHO_FG.wav: 3.71
  (130/282) vss_C_02_COMPSPKR_MK.wav: 3.22
  (131/282) vss_C_02_CLIP_MK.wav: 3.93
  (132/282) vss_C_02_NOISE_FA.wav: 2.55
  (133/282) vss_C_03_CHOP_ML.wav: 4.14
  (134/282) vss_C_03_COMPSPKR_MK.wav: 4.01
  (135/282) vss_C_03_ECHO_FG.wav: 4.35
  (136/282) vss_C_03_CLIP_MK.wav: 4.37
  (137/282) vss_C_04_CHOP_ML.wav: 4.05
  (138/282) vss_C_03_CHOP_FA.wav: 4.13
  (139/282) vss_C_04_CHOP_FA.wav: 3.85
  (140/282) vss_C_03_NOISE_FA.wav: 2.51
  (141/282) vss_C_04_ECHO_FG.wav: 4.37
  (142/282) vss_C_04_COMPSPKR_MK.wav: 3.73
  (143/282) vss_C_04_CLIP_MK.wav: 3.31
  (144/282) vss_C_05_COMPSPKR_MK.wav: 2.92
  (145/282) vss_C_04_NOISE_FA.wav: 2.86
  (146/282) vss_C_05_CLIP_MK.wav: 3.22
  (147/282) vss_C_05_CHOP_FA.wav: 3.79
  (148/282) vss_C_05_CHOP_ML.wav: 3.82
  (149/282) vss_C_05_ECHO_FG.wav: 4.20
  (150/282) vss_C_06_CHOP_ML.wav: 4.33
  (151/282) vss_C_06_CHOP_FA.wav: 4.12
  (152/282) vss_C_06_NOISE_FA.wav: 3.28
  (153/282) vss_C_05_NOISE_FA.wav: 2.44
  (154/282) vss_C_06_ECHO_FG.wav: 4.43
  (155/282) vss_C_06_CLIP_MK.wav: 2.80
  (156/282) vss_C_07_CHOP_ML.wav: 4.30
  (157/282) vss_C_06_COMPSPKR_MK.wav: 4.34
  (158/282) vss_C_07_CHOP_FA.wav: 3.60
  (159/282) vss_C_07_COMPSPKR_MK.wav: 4.09
  (160/282) vss_C_08_CHOP_ML.wav: 4.24
  (161/282) vss_C_07_ECHO_FG.wav: 2.97
  (162/282) vss_C_07_CLIP_MK.wav: 4.19
  (163/282) vss_C_07_NOISE_FA.wav: 3.38
  (164/282) vss_C_08_CHOP_FA.wav: 3.92
  (165/282) vss_C_08_COMPSPKR_MK.wav: 3.21
  (166/282) vss_C_08_ECHO_FG.wav: 4.21
  (167/282) vss_C_08_CLIP_MK.wav: 3.98
  (168/282) vss_C_09_CHOP_ML.wav: 4.40
  (169/282) vss_C_09_CHOP_FA.wav: 4.30
  (170/282) vss_C_08_NOISE_FA.wav: 2.27
  (171/282) vss_C_09_CLIP_MK.wav: 4.18
  (172/282) vss_C_09_NOISE_FA.wav: 2.41
  (173/282) vss_C_09_COMPSPKR_MK.wav: 3.64
  (174/282) vss_C_09_ECHO_FG.wav: 4.08
  (175/282) vss_C_10_CHOP_ML.wav: 4.01
  (176/282) vss_C_10_COMPSPKR_MK.wav: 4.53
  (177/282) vss_C_10_CLIP_MK.wav: 4.23
  (178/282) vss_C_10_CHOP_FA.wav: 2.68
  (179/282) vss_C_10_ECHO_FG.wav: 3.98
  (180/282) vss_C_11_CHOP_ML.wav: 4.45
  (181/282) vss_C_10_NOISE_FA.wav: 2.47
  (182/282) vss_C_11_CLIP_MK.wav: 4.12
  (183/282) vss_C_11_COMPSPKR_MK.wav: 4.33
  (184/282) vss_C_11_CHOP_FA.wav: 3.33
  (185/282) vss_C_11_ECHO_FG.wav: 4.32
  (186/282) vss_C_12_CHOP_ML.wav: 4.08
  (187/282) vss_C_12_CHOP_FA.wav: 4.35
  (188/282) vss_C_12_COMPSPKR_MK.wav: 4.31
  (189/282) vss_C_12_CLIP_MK.wav: 3.68
  (190/282) vss_C_11_NOISE_FA.wav: 2.65
  (191/282) vss_C_12_ECHO_FG.wav: 4.57
  (192/282) vss_C_12_NOISE_FA.wav: 2.98
  (193/282) vss_C_13_CHOP_ML.wav: 4.27
  (194/282) vss_C_13_CHOP_FA.wav: 4.08
  (195/282) vss_C_13_CLIP_MK.wav: 3.76
  (196/282) vss_C_14_CHOP_FA.wav: 3.91
  (197/282) vss_C_13_COMPSPKR_MK.wav: 2.79
  (198/282) vss_C_13_ECHO_FG.wav: 3.99
  (199/282) vss_C_13_NOISE_FA.wav: 2.14
  (200/282) vss_C_14_CHOP_ML.wav: 3.93
  (201/282) vss_C_14_COMPSPKR_MK.wav: 2.38
  (202/282) vss_C_14_NOISE_FA.wav: 2.44
  (203/282) vss_C_14_ECHO_FG.wav: 2.26
  (204/282) vss_C_14_CLIP_MK.wav: 4.03
  (205/282) vss_C_15_CHOP_ML.wav: 4.43
  (206/282) vss_C_15_CHOP_FA.wav: 3.38
  (207/282) vss_C_15_ECHO_MK.wav: 4.29
  (208/282) vss_C_15_NOISE_MK.wav: 1.75
  (209/282) vss_C_16_CHOP_FG.wav: 4.43
  (210/282) vss_C_16_NOISE_FA.wav: 2.74
  (211/282) vss_C_16_NOISE_ML.wav: 3.94
  (212/282) vss_C_16_ECHO_FA.wav: 4.19
  (213/282) vss_C_17_CHOP_MK.wav: 4.46
  (214/282) vss_C_17_NOISE_FG.wav: 2.67
  (215/282) vss_C_17_ECHO_MK.wav: 3.36
  (216/282) vss_C_18_CHOP_FA.wav: 3.80
  (217/282) vss_C_18_ECHO_FA.wav: 4.52
  (218/282) vss_C_18_ECHO_ML.wav: 4.51
  (219/282) vss_C_19_CHOP_MK.wav: 4.04
  (220/282) vss_C_19_ECHO_FG.wav: 4.26
  (221/282) vss_C_18_NOISE_MK.wav: 1.85
  (222/282) vss_C_20_CHOP_ML.wav: 4.13
  (223/282) vss_C_19_NOISE_FA.wav: 1.00
  (224/282) vss_C_20_ECHO_MK.wav: 4.33
  (225/282) vss_C_20_CHOP_FA.wav: 3.29
  (226/282) vss_C_20_NOISE_MK.wav: 2.82
  (227/282) vss_C_21_CHOP_FG.wav: 4.38
  (228/282) vss_C_21_NOISE_ML.wav: 4.31
  (229/282) vss_C_21_ECHO_FA.wav: 3.40
  (230/282) vss_C_21_NOISE_FA.wav: 4.17
  (231/282) vss_C_22_CHOP_MK.wav: 3.09
  (232/282) vss_C_22_ECHO_MK.wav: 3.56
  (233/282) vss_C_22_NOISE_FG.wav: 2.89
  (234/282) vss_C_23_CHOP_FA.wav: 3.40
  (235/282) vss_C_23_ECHO_FA.wav: 3.55
  (236/282) vss_C_23_ECHO_ML.wav: 3.97
  (237/282) vss_C_23_NOISE_MK.wav: 3.40
  (238/282) vss_C_24_ECHO_FG.wav: 3.80
  (239/282) vss_C_24_CHOP_MK.wav: 3.51
  (240/282) vss_C_24_NOISE_FA.wav: 2.06
  (241/282) music_low_4-Sound-English-male.441.16b48k.wav: 3.05
  (242/282) music_low_24-Greensleeves-Korean-male-speech.441.16b48k.wav: 3.27
  (243/282) music_low_Can't Wait Until Tonight (Dry Wurlitzer Mix).16b48k.wav: 3.23
  (244/282) music_low_Girl_In_The_Fire__Sample_.16b48k.wav: 3.27
  (245/282) music_low_12-German-male-speech.441.16b48k.wav: 3.21
  (246/282) music_low_Shinsho_pool_3min45_4min4.16b48k.wav: 4.34
  (247/282) music_low_Hotel California.16b48k.wav: 3.26
  (248/282) music_low_With Love (Outro).16b48k.wav: 3.43
  (249/282) music_low_Only Time.16b48k.wav: 3.14
  (250/282) music_low_Through The Fire And Flames.16b48k.wav: 3.20
  (251/282) music_low_girl.16b48k.wav: 2.73
  (252/282) music_low_clapton_44k.16b48k.wav: 2.97
  (253/282) music_low_lob.wav: 3.18
  (254/282) music_std_12-German-male-speech.441.16b48k.wav: 4.35
  (255/282) music_low_sandman.16b48k.wav: 3.62
  (256/282) music_std_Girl_In_The_Fire__Sample_.16b48k.wav: 4.09
  (257/282) music_std_24-Greensleeves-Korean-male-speech.441.16b48k.wav: 3.98
  (258/282) music_std_4-Sound-English-male.441.16b48k.wav: 4.21
  (259/282) music_std_Hotel California.16b48k.wav: 4.34
  (260/282) music_std_Can't Wait Until Tonight (Dry Wurlitzer Mix).16b48k.wav: 4.34
  (261/282) music_std_Through The Fire And Flames.16b48k.wav: 4.46
  (262/282) music_std_Shinsho_pool_3min45_4min4.16b48k.wav: 4.36
  (263/282) music_std_Only Time.16b48k.wav: 4.07
  (264/282) music_std_girl.16b48k.wav: 3.64
  (265/282) music_std_clapton_44k.16b48k.wav: 4.38
  (266/282) music_std_lob.wav: 3.89
  (267/282) music_std_With Love (Outro).16b48k.wav: 4.32
  (268/282) music_high_12-German-male-speech.441.16b48k.wav: 4.34
  (269/282) music_std_sandman.16b48k.wav: 4.44
  (270/282) music_high_24-Greensleeves-Korean-male-speech.441.16b48k.wav: 3.99
  (271/282) music_high_4-Sound-English-male.441.16b48k.wav: 4.25
  (272/282) music_high_Can't Wait Until Tonight (Dry Wurlitzer Mix).16b48k.wav: 4.32
  (273/282) music_high_Only Time.16b48k.wav: 4.09
  (274/282) music_high_Girl_In_The_Fire__Sample_.16b48k.wav: 4.10
  (275/282) music_high_Hotel California.16b48k.wav: 4.34
  (276/282) music_high_Shinsho_pool_3min45_4min4.16b48k.wav: 4.36
  (277/282) music_high_clapton_44k.16b48k.wav: 4.37
  (278/282) music_high_Through The Fire And Flames.16b48k.wav: 4.46
  (279/282) music_high_With Love (Outro).16b48k.wav: 4.32
  (280/282) music_high_girl.16b48k.wav: 3.66
  (281/282) music_high_lob.wav: 3.91
  (282/282) music_high_sandman.16b48k.wav: 4.44
Phase 2 (MOS) complete.
>>> Phase 1: Encoding and Basic Metrics
>>> Phase 2: Perceptual Quality (MOS)
Found local visqol binary at: /opt/visqol/bazel-bin/visqol
Using local ViSQOL installation...
>>> Benchmark complete.
Starting Phase 1 (Encoding) for d110_c030...
Parallelizing across 4 threads.
  [Scenario: voip] Processing 120 samples (coverage 30%)...
    (1/120) C_01_CLIP_MK.wav done.
    (2/120) C_01_CHOP_ML.wav done.
    (3/120) C_01_CHOP_FA.wav done.
    (4/120) C_01_COMPSPKR_MK.wav done.
    (5/120) C_01_ECHO_FG.wav done.
    (6/120) C_02_CHOP_FA.wav done.
    (7/120) C_01_NOISE_FA.wav done.
    (8/120) C_02_CHOP_ML.wav done.
    (9/120) C_02_COMPSPKR_MK.wav done.
    (10/120) C_02_CLIP_MK.wav done.
    (11/120) C_02_ECHO_FG.wav done.
    (12/120) C_02_NOISE_FA.wav done.
    (13/120) C_03_CHOP_FA.wav done.
    (14/120) C_03_CHOP_ML.wav done.
    (15/120) C_03_CLIP_MK.wav done.
    (16/120) C_03_ECHO_FG.wav done.
    (17/120) C_03_NOISE_FA.wav done.
    (18/120) C_03_COMPSPKR_MK.wav done.
    (19/120) C_04_CHOP_FA.wav done.
    (20/120) C_04_CHOP_ML.wav done.
    (21/120) C_04_CLIP_MK.wav done.
    (22/120) C_04_ECHO_FG.wav done.
    (23/120) C_04_COMPSPKR_MK.wav done.
    (24/120) C_04_NOISE_FA.wav done.
    (25/120) C_05_CHOP_FA.wav done.
    (26/120) C_05_CHOP_ML.wav done.
    (27/120) C_05_CLIP_MK.wav done.
    (28/120) C_05_COMPSPKR_MK.wav done.
    (29/120) C_05_ECHO_FG.wav done.
    (30/120) C_05_NOISE_FA.wav done.
    (31/120) C_06_CHOP_ML.wav done.
    (32/120) C_06_CHOP_FA.wav done.
    (33/120) C_06_CLIP_MK.wav done.
    (34/120) C_06_COMPSPKR_MK.wav done.
    (35/120) C_06_ECHO_FG.wav done.
    (36/120) C_06_NOISE_FA.wav done.
    (37/120) C_07_CHOP_FA.wav done.
    (38/120) C_07_CHOP_ML.wav done.
    (39/120) C_07_CLIP_MK.wav done.
    (40/120) C_07_COMPSPKR_MK.wav done.
    (41/120) C_07_ECHO_FG.wav done.
    (42/120) C_07_NOISE_FA.wav done.
    (43/120) C_08_CHOP_ML.wav done.
    (44/120) C_08_CHOP_FA.wav done.
    (45/120) C_08_CLIP_MK.wav done.
    (46/120) C_08_COMPSPKR_MK.wav done.
    (47/120) C_08_ECHO_FG.wav done.
    (48/120) C_08_NOISE_FA.wav done.
    (49/120) C_09_CHOP_FA.wav done.
    (50/120) C_09_CHOP_ML.wav done.
    (51/120) C_09_COMPSPKR_MK.wav done.
    (52/120) C_09_CLIP_MK.wav done.
    (53/120) C_09_ECHO_FG.wav done.
    (54/120) C_09_NOISE_FA.wav done.
    (55/120) C_10_CHOP_FA.wav done.
    (56/120) C_10_CHOP_ML.wav done.
    (57/120) C_10_CLIP_MK.wav done.
    (58/120) C_10_COMPSPKR_MK.wav done.
    (59/120) C_10_NOISE_FA.wav done.
    (60/120) C_10_ECHO_FG.wav done.
    (61/120) C_11_CHOP_FA.wav done.
    (62/120) C_11_CHOP_ML.wav done.
    (63/120) C_11_CLIP_MK.wav done.
    (64/120) C_11_COMPSPKR_MK.wav done.
    (65/120) C_11_ECHO_FG.wav done.
    (66/120) C_11_NOISE_FA.wav done.
    (67/120) C_12_CHOP_FA.wav done.
    (68/120) C_12_CHOP_ML.wav done.
    (69/120) C_12_CLIP_MK.wav done.
    (70/120) C_12_COMPSPKR_MK.wav done.
    (71/120) C_12_ECHO_FG.wav done.
    (72/120) C_12_NOISE_FA.wav done.
    (73/120) C_13_CHOP_FA.wav done.
    (74/120) C_13_CHOP_ML.wav done.
    (75/120) C_13_COMPSPKR_MK.wav done.
    (76/120) C_13_CLIP_MK.wav done.
    (77/120) C_13_ECHO_FG.wav done.
    (78/120) C_13_NOISE_FA.wav done.
    (79/120) C_14_CHOP_FA.wav done.
    (80/120) C_14_CHOP_ML.wav done.
    (81/120) C_14_CLIP_MK.wav done.
    (82/120) C_14_COMPSPKR_MK.wav done.
    (83/120) C_14_NOISE_FA.wav done.
    (84/120) C_14_ECHO_FG.wav done.
    (85/120) C_15_CHOP_FA.wav done.
    (86/120) C_15_CHOP_ML.wav done.
    (87/120) C_15_ECHO_MK.wav done.
    (88/120) C_15_NOISE_MK.wav done.
    (89/120) C_16_CHOP_FG.wav done.
    (90/120) C_16_ECHO_FA.wav done.
    (91/120) C_16_NOISE_FA.wav done.
    (92/120) C_16_NOISE_ML.wav done.
    (93/120) C_17_CHOP_MK.wav done.
    (94/120) C_17_ECHO_MK.wav done.
    (95/120) C_17_NOISE_FG.wav done.
    (96/120) C_18_CHOP_FA.wav done.
    (97/120) C_18_ECHO_FA.wav done.
    (98/120) C_18_ECHO_ML.wav done.
    (99/120) C_18_NOISE_MK.wav done.
    (100/120) C_19_CHOP_MK.wav done.
    (101/120) C_19_ECHO_FG.wav done.
    (102/120) C_19_NOISE_FA.wav done.
    (103/120) C_20_CHOP_FA.wav done.
    (104/120) C_20_CHOP_ML.wav done.
    (105/120) C_20_NOISE_MK.wav done.
    (106/120) C_20_ECHO_MK.wav done.
    (107/120) C_21_CHOP_FG.wav done.
    (108/120) C_21_ECHO_FA.wav done.
    (109/120) C_21_NOISE_FA.wav done.
    (110/120) C_21_NOISE_ML.wav done.
    (111/120) C_22_CHOP_MK.wav done.
    (112/120) C_22_ECHO_MK.wav done.
    (113/120) C_22_NOISE_FG.wav done.
    (114/120) C_23_CHOP_FA.wav done.
    (115/120) C_23_ECHO_ML.wav done.
    (116/120) C_23_ECHO_FA.wav done.
    (117/120) C_24_NOISE_FA.wav done.
    (118/120) C_23_NOISE_MK.wav done.
    (119/120) C_24_ECHO_FG.wav done.
    (120/120) C_24_CHOP_MK.wav done.
  [Scenario: vss] Processing 120 samples (coverage 30%)...
    (1/120) C_01_CLIP_MK.wav done.
    (2/120) C_01_COMPSPKR_MK.wav done.
    (3/120) C_01_CHOP_FA.wav done.
    (4/120) C_01_CHOP_ML.wav done.
    (5/120) C_02_CHOP_FA.wav done.
    (6/120) C_01_ECHO_FG.wav done.
    (7/120) C_01_NOISE_FA.wav done.
    (8/120) C_02_CHOP_ML.wav done.
    (9/120) C_02_CLIP_MK.wav done.
    (10/120) C_02_ECHO_FG.wav done.
    (11/120) C_02_COMPSPKR_MK.wav done.
    (12/120) C_02_NOISE_FA.wav done.
    (13/120) C_03_CLIP_MK.wav done.
    (14/120) C_03_CHOP_ML.wav done.
    (15/120) C_03_COMPSPKR_MK.wav done.
    (16/120) C_03_CHOP_FA.wav done.
    (17/120) C_04_CHOP_FA.wav done.
    (18/120) C_03_ECHO_FG.wav done.
    (19/120) C_04_CHOP_ML.wav done.
    (20/120) C_03_NOISE_FA.wav done.
    (21/120) C_04_CLIP_MK.wav done.
    (22/120) C_04_ECHO_FG.wav done.
    (23/120) C_04_COMPSPKR_MK.wav done.
    (24/120) C_04_NOISE_FA.wav done.
    (25/120) C_05_CHOP_ML.wav done.
    (26/120) C_05_CLIP_MK.wav done.
    (27/120) C_05_CHOP_FA.wav done.
    (28/120) C_05_COMPSPKR_MK.wav done.
    (29/120) C_06_CHOP_ML.wav done.
    (30/120) C_05_ECHO_FG.wav done.
    (31/120) C_06_CHOP_FA.wav done.
    (32/120) C_05_NOISE_FA.wav done.
    (33/120) C_06_NOISE_FA.wav done.
    (34/120) C_06_COMPSPKR_MK.wav done.
    (35/120) C_06_CLIP_MK.wav done.
    (36/120) C_06_ECHO_FG.wav done.
    (37/120) C_07_CHOP_FA.wav done.
    (38/120) C_07_CLIP_MK.wav done.
    (39/120) C_07_CHOP_ML.wav done.
    (40/120) C_07_COMPSPKR_MK.wav done.
    (41/120) C_07_ECHO_FG.wav done.
    (42/120) C_08_CHOP_ML.wav done.
    (43/120) C_08_CHOP_FA.wav done.
    (44/120) C_07_NOISE_FA.wav done.
    (45/120) C_08_COMPSPKR_MK.wav done.
    (46/120) C_08_ECHO_FG.wav done.
    (47/120) C_08_NOISE_FA.wav done.
    (48/120) C_08_CLIP_MK.wav done.
    (49/120) C_09_CLIP_MK.wav done.
    (50/120) C_09_CHOP_FA.wav done.
    (51/120) C_09_CHOP_ML.wav done.
    (52/120) C_09_COMPSPKR_MK.wav done.
    (53/120) C_09_ECHO_FG.wav done.
    (54/120) C_10_CHOP_FA.wav done.
    (55/120) C_09_NOISE_FA.wav done.
    (56/120) C_10_CHOP_ML.wav done.
    (57/120) C_10_CLIP_MK.wav done.
    (58/120) C_10_COMPSPKR_MK.wav done.
    (59/120) C_10_ECHO_FG.wav done.
    (60/120) C_10_NOISE_FA.wav done.
    (61/120) C_11_CHOP_FA.wav done.
    (62/120) C_11_CHOP_ML.wav done.
    (63/120) C_11_CLIP_MK.wav done.
    (64/120) C_11_COMPSPKR_MK.wav done.
    (65/120) C_11_ECHO_FG.wav done.
    (66/120) C_11_NOISE_FA.wav done.
    (67/120) C_12_CHOP_FA.wav done.
    (68/120) C_12_CHOP_ML.wav done.
    (69/120) C_12_COMPSPKR_MK.wav done.
    (70/120) C_12_CLIP_MK.wav done.
    (71/120) C_12_ECHO_FG.wav done.
    (72/120) C_12_NOISE_FA.wav done.
    (73/120) C_13_CHOP_FA.wav done.
    (74/120) C_13_CLIP_MK.wav done.
    (75/120) C_13_CHOP_ML.wav done.
    (76/120) C_13_COMPSPKR_MK.wav done.
    (77/120) C_14_CHOP_FA.wav done.
    (78/120) C_13_ECHO_FG.wav done.
    (79/120) C_13_NOISE_FA.wav done.
    (80/120) C_14_CHOP_ML.wav done.
    (81/120) C_14_ECHO_FG.wav done.
    (82/120) C_14_CLIP_MK.wav done.
    (83/120) C_14_COMPSPKR_MK.wav done.
    (84/120) C_14_NOISE_FA.wav done.
    (85/120) C_15_ECHO_MK.wav done.
    (86/120) C_15_CHOP_ML.wav done.
    (87/120) C_15_CHOP_FA.wav done.
    (88/120) C_15_NOISE_MK.wav done.
    (89/120) C_16_NOISE_FA.wav done.
    (90/120) C_16_CHOP_FG.wav done.
    (91/120) C_16_ECHO_FA.wav done.
    (92/120) C_16_NOISE_ML.wav done.
    (93/120) C_17_NOISE_FG.wav done.
    (94/120) C_17_ECHO_MK.wav done.
    (95/120) C_17_CHOP_MK.wav done.
    (96/120) C_18_CHOP_FA.wav done.
    (97/120) C_18_NOISE_MK.wav done.
    (98/120) C_18_ECHO_ML.wav done.
    (99/120) C_18_ECHO_FA.wav done.
    (100/120) C_19_CHOP_MK.wav done.
    (101/120) C_19_NOISE_FA.wav done.
    (102/120) C_20_CHOP_FA.wav done.
    (103/120) C_19_ECHO_FG.wav done.
    (104/120) C_20_CHOP_ML.wav done.
    (105/120) C_20_NOISE_MK.wav done.
    (106/120) C_20_ECHO_MK.wav done.
    (107/120) C_21_CHOP_FG.wav done.
    (108/120) C_21_ECHO_FA.wav done.
    (109/120) C_21_NOISE_FA.wav done.
    (110/120) C_21_NOISE_ML.wav done.
    (111/120) C_22_CHOP_MK.wav done.
    (112/120) C_22_ECHO_MK.wav done.
    (113/120) C_23_CHOP_FA.wav done.
    (114/120) C_22_NOISE_FG.wav done.
    (115/120) C_23_ECHO_FA.wav done.
    (116/120) C_23_ECHO_ML.wav done.
    (117/120) C_23_NOISE_MK.wav done.
    (118/120) C_24_CHOP_MK.wav done.
    (119/120) C_24_ECHO_FG.wav done.
    (120/120) C_24_NOISE_FA.wav done.
  [Scenario: music_low] Processing 14 samples (coverage 30%)...
    (1/14) 12-German-male-speech.441.16b48k.wav done.
    (2/14) 4-Sound-English-male.441.16b48k.wav done.
    (3/14) 24-Greensleeves-Korean-male-speech.441.16b48k.wav done.
    (4/14) Can't Wait Until Tonight (Dry Wurlitzer Mix).16b48k.wav done.
    (5/14) Hotel California.16b48k.wav done.
    (6/14) Girl_In_The_Fire__Sample_.16b48k.wav done.
    (7/14) Only Time.16b48k.wav done.
    (8/14) Shinsho_pool_3min45_4min4.16b48k.wav done.
    (9/14) Through The Fire And Flames.16b48k.wav done.
    (10/14) With Love (Outro).16b48k.wav done.
    (11/14) clapton_44k.16b48k.wav done.
    (12/14) girl.16b48k.wav done.
    (13/14) lob.wav done.
    (14/14) sandman.16b48k.wav done.
  [Scenario: music_std] Processing 14 samples (coverage 30%)...
    (1/14) 12-German-male-speech.441.16b48k.wav done.
    (2/14) 24-Greensleeves-Korean-male-speech.441.16b48k.wav done.
    (3/14) 4-Sound-English-male.441.16b48k.wav done.
    (4/14) Can't Wait Until Tonight (Dry Wurlitzer Mix).16b48k.wav done.
    (5/14) Girl_In_The_Fire__Sample_.16b48k.wav done.
    (6/14) Hotel California.16b48k.wav done.
    (7/14) Only Time.16b48k.wav done.
    (8/14) Shinsho_pool_3min45_4min4.16b48k.wav done.
    (9/14) clapton_44k.16b48k.wav done.
    (10/14) With Love (Outro).16b48k.wav done.
    (11/14) Through The Fire And Flames.16b48k.wav done.
    (12/14) girl.16b48k.wav done.
    (13/14) lob.wav done.
    (14/14) sandman.16b48k.wav done.
  [Scenario: music_high] Processing 14 samples (coverage 30%)...
    (1/14) 24-Greensleeves-Korean-male-speech.441.16b48k.wav done.
    (2/14) 12-German-male-speech.441.16b48k.wav done.
    (3/14) 4-Sound-English-male.441.16b48k.wav done.
    (4/14) Can't Wait Until Tonight (Dry Wurlitzer Mix).16b48k.wav done.
    (5/14) Shinsho_pool_3min45_4min4.16b48k.wav done.
    (6/14) Hotel California.16b48k.wav done.
    (7/14) Only Time.16b48k.wav done.
    (8/14) Girl_In_The_Fire__Sample_.16b48k.wav done.
    (9/14) With Love (Outro).16b48k.wav done.
    (10/14) Through The Fire And Flames.16b48k.wav done.
    (11/14) girl.16b48k.wav done.
    (12/14) clapton_44k.16b48k.wav done.
    (13/14) lob.wav done.
    (14/14) sandman.16b48k.wav done.
Measuring throughput for d110_c030...
  Benchmarking throughput with noise.wav...
  Benchmarking throughput with silence.wav...
  Benchmarking throughput with sine.wav...
  Benchmarking throughput with sweep.wav...
Computing MOS for 282 samples using local ViSQOL (Binary, 4 cores)...
  (1/282) voip_C_01_CHOP_ML.wav: 3.98
  (2/282) voip_C_01_CLIP_MK.wav: 4.31
  (3/282) voip_C_01_COMPSPKR_MK.wav: 3.69
  (4/282) voip_C_01_CHOP_FA.wav: 3.53
  (5/282) voip_C_01_ECHO_FG.wav: 3.87
  (6/282) voip_C_02_CHOP_FA.wav: 4.03
  (7/282) voip_C_02_CHOP_ML.wav: 3.60
  (8/282) voip_C_01_NOISE_FA.wav: 3.84
  (9/282) voip_C_02_COMPSPKR_MK.wav: 3.57
  (10/282) voip_C_02_ECHO_FG.wav: 3.75
  (11/282) voip_C_02_CLIP_MK.wav: 3.87
  (12/282) voip_C_02_NOISE_FA.wav: 2.57
  (13/282) voip_C_03_CHOP_ML.wav: 4.15
  (14/282) voip_C_03_CHOP_FA.wav: 3.06
  (15/282) voip_C_03_ECHO_FG.wav: 3.77
  (16/282) voip_C_03_CLIP_MK.wav: 4.34
  (17/282) voip_C_03_COMPSPKR_MK.wav: 4.01
  (18/282) voip_C_03_NOISE_FA.wav: 2.00
  (19/282) voip_C_04_CHOP_ML.wav: 4.52
  (20/282) voip_C_04_CHOP_FA.wav: 3.13
  (21/282) voip_C_04_CLIP_MK.wav: 3.47
  (22/282) voip_C_04_ECHO_FG.wav: 3.82
  (23/282) voip_C_04_COMPSPKR_MK.wav: 3.73
  (24/282) voip_C_04_NOISE_FA.wav: 2.76
  (25/282) voip_C_05_CHOP_ML.wav: 4.24
  (26/282) voip_C_05_CHOP_FA.wav: 3.21
  (27/282) voip_C_05_CLIP_MK.wav: 3.61
  (28/282) voip_C_05_COMPSPKR_MK.wav: 4.18
  (29/282) voip_C_05_ECHO_FG.wav: 4.26
  (30/282) voip_C_06_CHOP_ML.wav: 4.32
  (31/282) voip_C_05_NOISE_FA.wav: 2.18
  (32/282) voip_C_06_CHOP_FA.wav: 3.01
  (33/282) voip_C_06_COMPSPKR_MK.wav: 4.21
  (34/282) voip_C_06_CLIP_MK.wav: 2.83
  (35/282) voip_C_06_ECHO_FG.wav: 3.85
  (36/282) voip_C_06_NOISE_FA.wav: 2.89
  (37/282) voip_C_07_CHOP_ML.wav: 4.28
  (38/282) voip_C_07_CHOP_FA.wav: 3.99
  (39/282) voip_C_07_CLIP_MK.wav: 3.69
  (40/282) voip_C_07_ECHO_FG.wav: 3.76
  (41/282) voip_C_07_COMPSPKR_MK.wav: 3.83
  (42/282) voip_C_08_CHOP_ML.wav: 4.25
  (43/282) voip_C_07_NOISE_FA.wav: 2.95
  (44/282) voip_C_08_CHOP_FA.wav: 3.99
  (45/282) voip_C_08_CLIP_MK.wav: 3.75
  (46/282) voip_C_08_COMPSPKR_MK.wav: 3.75
  (47/282) voip_C_08_ECHO_FG.wav: 3.51
  (48/282) voip_C_09_CHOP_ML.wav: 4.47
  (49/282) voip_C_09_CHOP_FA.wav: 3.82
  (50/282) voip_C_09_COMPSPKR_MK.wav: 4.07
  (51/282) voip_C_08_NOISE_FA.wav: 1.94
  (52/282) voip_C_09_ECHO_FG.wav: 3.53
  (53/282) voip_C_09_NOISE_FA.wav: 2.24
  (54/282) voip_C_09_CLIP_MK.wav: 4.09
  (55/282) voip_C_10_CHOP_FA.wav: 3.74
  (56/282) voip_C_10_CHOP_ML.wav: 4.28
  (57/282) voip_C_10_COMPSPKR_MK.wav: 2.59
  (58/282) voip_C_10_CLIP_MK.wav: 3.54
  (59/282) voip_C_10_ECHO_FG.wav: 3.71
  (60/282) voip_C_10_NOISE_FA.wav: 1.75
  (61/282) voip_C_11_CHOP_ML.wav: 4.12
  (62/282) voip_C_11_CHOP_FA.wav: 4.21
  (63/282) voip_C_11_CLIP_MK.wav: 3.96
  (64/282) voip_C_11_COMPSPKR_MK.wav: 4.25
  (65/282) voip_C_11_ECHO_FG.wav: 3.98
  (66/282) voip_C_11_NOISE_FA.wav: 2.50
  (67/282) voip_C_12_CHOP_ML.wav: 3.57
  (68/282) voip_C_12_CHOP_FA.wav: 4.18
  (69/282) voip_C_12_CLIP_MK.wav: 4.38
  (70/282) voip_C_12_COMPSPKR_MK.wav: 3.22
  (71/282) voip_C_12_ECHO_FG.wav: 3.38
  (72/282) voip_C_12_NOISE_FA.wav: 2.29
  (73/282) voip_C_13_CHOP_FA.wav: 3.19
  (74/282) voip_C_13_CHOP_ML.wav: 4.30
  (75/282) voip_C_13_COMPSPKR_MK.wav: 4.01
  (76/282) voip_C_13_CLIP_MK.wav: 4.33
  (77/282) voip_C_13_ECHO_FG.wav: 3.77
  (78/282) voip_C_14_CHOP_FA.wav: 4.01
  (79/282) voip_C_13_NOISE_FA.wav: 1.78
  (80/282) voip_C_14_CHOP_ML.wav: 4.06
  (81/282) voip_C_14_CLIP_MK.wav: 3.27
  (82/282) voip_C_14_COMPSPKR_MK.wav: 4.17
  (83/282) voip_C_14_ECHO_FG.wav: 3.73
  (84/282) voip_C_15_CHOP_ML.wav: 4.47
  (85/282) voip_C_14_NOISE_FA.wav: 2.15
  (86/282) voip_C_15_CHOP_FA.wav: 3.01
  (87/282) voip_C_15_ECHO_MK.wav: 4.29
  (88/282) voip_C_16_CHOP_FG.wav: 3.98
  (89/282) voip_C_15_NOISE_MK.wav: 1.64
  (90/282) voip_C_16_ECHO_FA.wav: 4.01
  (91/282) voip_C_16_NOISE_ML.wav: 2.71
  (92/282) voip_C_16_NOISE_FA.wav: 2.12
  (93/282) voip_C_17_CHOP_MK.wav: 4.37
  (94/282) voip_C_17_ECHO_MK.wav: 4.53
  (95/282) voip_C_17_NOISE_FG.wav: 2.54
  (96/282) voip_C_18_CHOP_FA.wav: 3.84
  (97/282) voip_C_18_ECHO_FA.wav: 2.82
  (98/282) voip_C_18_ECHO_ML.wav: 4.46
  (99/282) voip_C_19_CHOP_MK.wav: 3.77
  (100/282) voip_C_18_NOISE_MK.wav: 1.74
  (101/282) voip_C_19_ECHO_FG.wav: 4.08
  (102/282) voip_C_19_NOISE_FA.wav: 1.39
  (103/282) voip_C_20_CHOP_FA.wav: 4.04
  (104/282) voip_C_20_CHOP_ML.wav: 4.41
  (105/282) voip_C_20_NOISE_MK.wav: 2.05
  (106/282) voip_C_21_CHOP_FG.wav: 3.59
  (107/282) voip_C_20_ECHO_MK.wav: 3.28
  (108/282) voip_C_21_ECHO_FA.wav: 4.09
  (109/282) voip_C_21_NOISE_FA.wav: 3.12
  (110/282) voip_C_21_NOISE_ML.wav: 4.30
  (111/282) voip_C_22_CHOP_MK.wav: 4.05
  (112/282) voip_C_22_NOISE_FG.wav: 3.98
  (113/282) voip_C_22_ECHO_MK.wav: 3.56
  (114/282) voip_C_23_ECHO_ML.wav: 4.01
  (115/282) voip_C_23_CHOP_FA.wav: 3.42
  (116/282) voip_C_23_ECHO_FA.wav: 4.06
  (117/282) voip_C_24_NOISE_FA.wav: 2.52
  (118/282) voip_C_23_NOISE_MK.wav: 4.31
  (119/282) voip_C_24_ECHO_FG.wav: 3.53
  (120/282) voip_C_24_CHOP_MK.wav: 3.88
  (121/282) vss_C_01_CLIP_MK.wav: 4.57
  (122/282) vss_C_01_COMPSPKR_MK.wav: 3.72
  (123/282) vss_C_01_CHOP_FA.wav: 3.31
  (124/282) vss_C_01_CHOP_ML.wav: 4.01
  (125/282) vss_C_01_ECHO_FG.wav: 4.23
  (126/282) vss_C_02_CHOP_FA.wav: 4.15
  (127/282) vss_C_02_CHOP_ML.wav: 4.18
  (128/282) vss_C_01_NOISE_FA.wav: 3.46
  (129/282) vss_C_02_ECHO_FG.wav: 3.71
  (130/282) vss_C_02_CLIP_MK.wav: 3.93
  (131/282) vss_C_02_COMPSPKR_MK.wav: 3.37
  (132/282) vss_C_02_NOISE_FA.wav: 2.55
  (133/282) vss_C_03_CHOP_ML.wav: 4.14
  (134/282) vss_C_03_COMPSPKR_MK.wav: 2.99
  (135/282) vss_C_03_CLIP_MK.wav: 4.37
  (136/282) vss_C_04_CHOP_FA.wav: 3.54
  (137/282) vss_C_03_CHOP_FA.wav: 4.13
  (138/282) vss_C_03_ECHO_FG.wav: 4.35
  (139/282) vss_C_04_CHOP_ML.wav: 4.41
  (140/282) vss_C_03_NOISE_FA.wav: 2.51
  (141/282) vss_C_04_COMPSPKR_MK.wav: 3.73
  (142/282) vss_C_04_CLIP_MK.wav: 3.38
  (143/282) vss_C_04_ECHO_FG.wav: 4.37
  (144/282) vss_C_05_CHOP_ML.wav: 3.94
  (145/282) vss_C_04_NOISE_FA.wav: 2.86
  (146/282) vss_C_05_CHOP_FA.wav: 3.79
  (147/282) vss_C_05_CLIP_MK.wav: 3.22
  (148/282) vss_C_06_CHOP_ML.wav: 4.33
  (149/282) vss_C_05_ECHO_FG.wav: 4.20
  (150/282) vss_C_05_COMPSPKR_MK.wav: 3.05
  (151/282) vss_C_06_CHOP_FA.wav: 4.12
  (152/282) vss_C_05_NOISE_FA.wav: 2.44
  (153/282) vss_C_06_NOISE_FA.wav: 3.22
  (154/282) vss_C_06_COMPSPKR_MK.wav: 4.34
  (155/282) vss_C_06_CLIP_MK.wav: 2.88
  (156/282) vss_C_06_ECHO_FG.wav: 4.43
  (157/282) vss_C_07_CHOP_FA.wav: 3.60
  (158/282) vss_C_07_CLIP_MK.wav: 4.19
  (159/282) vss_C_07_CHOP_ML.wav: 4.30
  (160/282) vss_C_07_COMPSPKR_MK.wav: 4.09
  (161/282) vss_C_07_ECHO_FG.wav: 2.98
  (162/282) vss_C_08_CHOP_ML.wav: 4.24
  (163/282) vss_C_08_CHOP_FA.wav: 3.92
  (164/282) vss_C_07_NOISE_FA.wav: 3.38
  (165/282) vss_C_08_ECHO_FG.wav: 4.21
  (166/282) vss_C_08_COMPSPKR_MK.wav: 3.58
  (167/282) vss_C_08_NOISE_FA.wav: 2.27
  (168/282) vss_C_08_CLIP_MK.wav: 3.98
  (169/282) vss_C_09_CHOP_FA.wav: 4.30
  (170/282) vss_C_09_CLIP_MK.wav: 4.18
  (171/282) vss_C_09_COMPSPKR_MK.wav: 3.64
  (172/282) vss_C_09_ECHO_FG.wav: 4.08
  (173/282) vss_C_09_CHOP_ML.wav: 4.40
  (174/282) vss_C_10_CHOP_FA.wav: 3.87
  (175/282) vss_C_09_NOISE_FA.wav: 2.41
  (176/282) vss_C_10_CHOP_ML.wav: 3.93
  (177/282) vss_C_10_CLIP_MK.wav: 4.23
  (178/282) vss_C_10_COMPSPKR_MK.wav: 2.73
  (179/282) vss_C_10_ECHO_FG.wav: 3.98
  (180/282) vss_C_10_NOISE_FA.wav: 2.47
  (181/282) vss_C_11_CHOP_FA.wav: 3.49
  (182/282) vss_C_11_CHOP_ML.wav: 4.45
  (183/282) vss_C_11_ECHO_FG.wav: 4.32
  (184/282) vss_C_11_CLIP_MK.wav: 4.12
  (185/282) vss_C_11_COMPSPKR_MK.wav: 4.33
  (186/282) vss_C_11_NOISE_FA.wav: 2.74
  (187/282) vss_C_12_CHOP_ML.wav: 4.08
  (188/282) vss_C_12_CHOP_FA.wav: 4.35
  (189/282) vss_C_12_COMPSPKR_MK.wav: 4.31
  (190/282) vss_C_12_CLIP_MK.wav: 3.68
  (191/282) vss_C_12_ECHO_FG.wav: 4.57
  (192/282) vss_C_12_NOISE_FA.wav: 2.86
  (193/282) vss_C_13_CHOP_FA.wav: 4.08
  (194/282) vss_C_13_CHOP_ML.wav: 4.27
  (195/282) vss_C_13_CLIP_MK.wav: 3.76
  (196/282) vss_C_13_COMPSPKR_MK.wav: 3.54
  (197/282) vss_C_14_CHOP_FA.wav: 4.05
  (198/282) vss_C_13_ECHO_FG.wav: 4.12
  (199/282) vss_C_14_CHOP_ML.wav: 4.05
  (200/282) vss_C_13_NOISE_FA.wav: 2.14
  (201/282) vss_C_14_ECHO_FG.wav: 2.87
  (202/282) vss_C_14_CLIP_MK.wav: 4.03
  (203/282) vss_C_14_COMPSPKR_MK.wav: 3.50
  (204/282) vss_C_15_ECHO_MK.wav: 4.29
  (205/282) vss_C_15_CHOP_ML.wav: 4.43
  (206/282) vss_C_14_NOISE_FA.wav: 2.39
  (207/282) vss_C_15_NOISE_MK.wav: 1.75
  (208/282) vss_C_15_CHOP_FA.wav: 4.44
  (209/282) vss_C_16_CHOP_FG.wav: 4.43
  (210/282) vss_C_16_NOISE_FA.wav: 2.74
  (211/282) vss_C_16_NOISE_ML.wav: 3.94
  (212/282) vss_C_17_NOISE_FG.wav: 2.67
  (213/282) vss_C_16_ECHO_FA.wav: 4.19
  (214/282) vss_C_17_ECHO_MK.wav: 3.61
  (215/282) vss_C_17_CHOP_MK.wav: 4.46
  (216/282) vss_C_18_CHOP_FA.wav: 3.80
  (217/282) vss_C_18_NOISE_MK.wav: 1.85
  (218/282) vss_C_18_ECHO_ML.wav: 4.51
  (219/282) vss_C_19_CHOP_MK.wav: 4.04
  (220/282) vss_C_18_ECHO_FA.wav: 4.52
  (221/282) vss_C_19_ECHO_FG.wav: 4.26
  (222/282) vss_C_19_NOISE_FA.wav: 1.00
  (223/282) vss_C_20_CHOP_ML.wav: 4.35
  (224/282) vss_C_20_CHOP_FA.wav: 4.16
  (225/282) vss_C_20_NOISE_MK.wav: 2.82
  (226/282) vss_C_21_CHOP_FG.wav: 4.38
  (227/282) vss_C_21_ECHO_FA.wav: 3.40
  (228/282) vss_C_20_ECHO_MK.wav: 4.33
  (229/282) vss_C_21_NOISE_ML.wav: 4.31
  (230/282) vss_C_21_NOISE_FA.wav: 4.17
  (231/282) vss_C_22_CHOP_MK.wav: 3.13
  (232/282) vss_C_22_ECHO_MK.wav: 3.56
  (233/282) vss_C_23_CHOP_FA.wav: 3.39
  (234/282) vss_C_23_ECHO_ML.wav: 3.97
  (235/282) vss_C_22_NOISE_FG.wav: 3.17
  (236/282) vss_C_23_ECHO_FA.wav: 3.55
  (237/282) vss_C_23_NOISE_MK.wav: 3.80
  (238/282) vss_C_24_ECHO_FG.wav: 3.80
  (239/282) vss_C_24_CHOP_MK.wav: 3.51
  (240/282) vss_C_24_NOISE_FA.wav: 2.53
  (241/282) music_low_12-German-male-speech.441.16b48k.wav: 3.21
  (242/282) music_low_24-Greensleeves-Korean-male-speech.441.16b48k.wav: 3.27
  (243/282) music_low_4-Sound-English-male.441.16b48k.wav: 3.05
  (244/282) music_low_Can't Wait Until Tonight (Dry Wurlitzer Mix).16b48k.wav: 3.23
  (245/282) music_low_Hotel California.16b48k.wav: 3.26
  (246/282) music_low_Girl_In_The_Fire__Sample_.16b48k.wav: 3.27
  (247/282) music_low_Only Time.16b48k.wav: 3.14
  (248/282) music_low_Shinsho_pool_3min45_4min4.16b48k.wav: 4.34
  (249/282) music_low_Through The Fire And Flames.16b48k.wav: 3.20
  (250/282) music_low_clapton_44k.16b48k.wav: 2.97
  (251/282) music_low_With Love (Outro).16b48k.wav: 3.43
  (252/282) music_low_girl.16b48k.wav: 2.73
  (253/282) music_low_lob.wav: 3.18
  (254/282) music_std_12-German-male-speech.441.16b48k.wav: 4.35
  (255/282) music_low_sandman.16b48k.wav: 3.62
  (256/282) music_std_24-Greensleeves-Korean-male-speech.441.16b48k.wav: 3.99
  (257/282) music_std_4-Sound-English-male.441.16b48k.wav: 4.23
  (258/282) music_std_Can't Wait Until Tonight (Dry Wurlitzer Mix).16b48k.wav: 4.34
  (259/282) music_std_Hotel California.16b48k.wav: 4.34
  (260/282) music_std_Girl_In_The_Fire__Sample_.16b48k.wav: 4.09
  (261/282) music_std_Only Time.16b48k.wav: 4.07
  (262/282) music_std_Shinsho_pool_3min45_4min4.16b48k.wav: 4.36
  (263/282) music_std_clapton_44k.16b48k.wav: 4.38
  (264/282) music_std_With Love (Outro).16b48k.wav: 4.32
  (265/282) music_std_Through The Fire And Flames.16b48k.wav: 4.46
  (266/282) music_std_lob.wav: 3.87
  (267/282) music_std_girl.16b48k.wav: 3.65
  (268/282) music_std_sandman.16b48k.wav: 4.44
  (269/282) music_high_24-Greensleeves-Korean-male-speech.441.16b48k.wav: 3.99
  (270/282) music_high_12-German-male-speech.441.16b48k.wav: 4.37
  (271/282) music_high_4-Sound-English-male.441.16b48k.wav: 4.25
  (272/282) music_high_Can't Wait Until Tonight (Dry Wurlitzer Mix).16b48k.wav: 4.34
  (273/282) music_high_Shinsho_pool_3min45_4min4.16b48k.wav: 4.36
  (274/282) music_high_Hotel California.16b48k.wav: 4.34
  (275/282) music_high_Only Time.16b48k.wav: 4.09
  (276/282) music_high_Girl_In_The_Fire__Sample_.16b48k.wav: 4.10
  (277/282) music_high_With Love (Outro).16b48k.wav: 4.32
  (278/282) music_high_Through The Fire And Flames.16b48k.wav: 4.46
  (279/282) music_high_girl.16b48k.wav: 3.66
  (280/282) music_high_lob.wav: 3.91
  (281/282) music_high_clapton_44k.16b48k.wav: 4.37
  (282/282) music_high_sandman.16b48k.wav: 4.44
Phase 2 (MOS) complete.
>>> Phase 1: Encoding and Basic Metrics
>>> Phase 2: Perceptual Quality (MOS)
Found local visqol binary at: /opt/visqol/bazel-bin/visqol
Using local ViSQOL installation...
>>> Benchmark complete.
Starting Phase 1 (Encoding) for d110_c040...
Parallelizing across 4 threads.
  [Scenario: voip] Processing 120 samples (coverage 30%)...
    (1/120) C_01_CLIP_MK.wav done.
    (2/120) C_01_COMPSPKR_MK.wav done.
    (3/120) C_01_CHOP_ML.wav done.
    (4/120) C_01_ECHO_FG.wav done.
    (5/120) C_01_NOISE_FA.wav done.
    (6/120) C_01_CHOP_FA.wav done.
    (7/120) C_02_CHOP_ML.wav done.
    (8/120) C_02_CLIP_MK.wav done.
    (9/120) C_02_CHOP_FA.wav done.
    (10/120) C_02_ECHO_FG.wav done.
    (11/120) C_02_NOISE_FA.wav done.
    (12/120) C_02_COMPSPKR_MK.wav done.
    (13/120) C_03_CHOP_ML.wav done.
    (14/120) C_03_CLIP_MK.wav done.
    (15/120) C_03_CHOP_FA.wav done.
    (16/120) C_03_ECHO_FG.wav done.
    (17/120) C_03_COMPSPKR_MK.wav done.
    (18/120) C_03_NOISE_FA.wav done.
    (19/120) C_04_CHOP_ML.wav done.
    (20/120) C_04_COMPSPKR_MK.wav done.
    (21/120) C_04_CHOP_FA.wav done.
    (22/120) C_04_ECHO_FG.wav done.
    (23/120) C_04_CLIP_MK.wav done.
    (24/120) C_04_NOISE_FA.wav done.
    (25/120) C_05_CHOP_FA.wav done.
    (26/120) C_05_CHOP_ML.wav done.
    (27/120) C_05_COMPSPKR_MK.wav done.
    (28/120) C_05_ECHO_FG.wav done.
    (29/120) C_05_NOISE_FA.wav done.
    (30/120) C_05_CLIP_MK.wav done.
    (31/120) C_06_CHOP_FA.wav done.
    (32/120) C_06_CHOP_ML.wav done.
    (33/120) C_06_CLIP_MK.wav done.
    (34/120) C_06_ECHO_FG.wav done.
    (35/120) C_06_NOISE_FA.wav done.
    (36/120) C_07_CHOP_FA.wav done.
    (37/120) C_06_COMPSPKR_MK.wav done.
    (38/120) C_07_CHOP_ML.wav done.
    (39/120) C_07_CLIP_MK.wav done.
    (40/120) C_07_COMPSPKR_MK.wav done.
    (41/120) C_07_NOISE_FA.wav done.
    (42/120) C_08_CHOP_FA.wav done.
    (43/120) C_08_CHOP_ML.wav done.
    (44/120) C_07_ECHO_FG.wav done.
    (45/120) C_08_CLIP_MK.wav done.
    (46/120) C_08_COMPSPKR_MK.wav done.
    (47/120) C_08_ECHO_FG.wav done.
    (48/120) C_09_CHOP_FA.wav done.
    (49/120) C_09_CHOP_ML.wav done.
    (50/120) C_09_CLIP_MK.wav done.
    (51/120) C_08_NOISE_FA.wav done.
    (52/120) C_09_COMPSPKR_MK.wav done.
    (53/120) C_09_ECHO_FG.wav done.
    (54/120) C_09_NOISE_FA.wav done.
    (55/120) C_10_CHOP_ML.wav done.
    (56/120) C_10_CLIP_MK.wav done.
    (57/120) C_10_COMPSPKR_MK.wav done.
    (58/120) C_10_CHOP_FA.wav done.
    (59/120) C_10_ECHO_FG.wav done.
    (60/120) C_10_NOISE_FA.wav done.
    (61/120) C_11_CHOP_FA.wav done.
    (62/120) C_11_COMPSPKR_MK.wav done.
    (63/120) C_11_ECHO_FG.wav done.
    (64/120) C_11_CLIP_MK.wav done.
    (65/120) C_11_NOISE_FA.wav done.
    (66/120) C_12_CHOP_FA.wav done.
    (67/120) C_11_CHOP_ML.wav done.
    (68/120) C_12_CLIP_MK.wav done.
    (69/120) C_12_CHOP_ML.wav done.
    (70/120) C_12_COMPSPKR_MK.wav done.
    (71/120) C_12_NOISE_FA.wav done.
    (72/120) C_13_CHOP_ML.wav done.
    (73/120) C_13_CHOP_FA.wav done.
    (74/120) C_13_CLIP_MK.wav done.
    (75/120) C_12_ECHO_FG.wav done.
    (76/120) C_13_COMPSPKR_MK.wav done.
    (77/120) C_13_ECHO_FG.wav done.
    (78/120) C_13_NOISE_FA.wav done.
    (79/120) C_14_CHOP_ML.wav done.
    (80/120) C_14_CLIP_MK.wav done.
    (81/120) C_14_COMPSPKR_MK.wav done.
    (82/120) C_14_ECHO_FG.wav done.
    (83/120) C_14_NOISE_FA.wav done.
    (84/120) C_14_CHOP_FA.wav done.
    (85/120) C_15_CHOP_FA.wav done.
    (86/120) C_15_CHOP_ML.wav done.
    (87/120) C_15_ECHO_MK.wav done.
    (88/120) C_16_CHOP_FG.wav done.
    (89/120) C_16_NOISE_FA.wav done.
    (90/120) C_16_ECHO_FA.wav done.
    (91/120) C_15_NOISE_MK.wav done.
    (92/120) C_16_NOISE_ML.wav done.
    (93/120) C_17_ECHO_MK.wav done.
    (94/120) C_17_CHOP_MK.wav done.
    (95/120) C_18_CHOP_FA.wav done.
    (96/120) C_18_ECHO_ML.wav done.
    (97/120) C_18_ECHO_FA.wav done.
    (98/120) C_17_NOISE_FG.wav done.
    (99/120) C_18_NOISE_MK.wav done.
    (100/120) C_19_CHOP_MK.wav done.
    (101/120) C_19_ECHO_FG.wav done.
    (102/120) C_20_CHOP_FA.wav done.
    (103/120) C_20_CHOP_ML.wav done.
    (104/120) C_20_ECHO_MK.wav done.
    (105/120) C_19_NOISE_FA.wav done.
    (106/120) C_20_NOISE_MK.wav done.
    (107/120) C_21_CHOP_FG.wav done.
    (108/120) C_21_ECHO_FA.wav done.
    (109/120) C_21_NOISE_ML.wav done.
    (110/120) C_22_CHOP_MK.wav done.
    (111/120) C_22_ECHO_MK.wav done.
    (112/120) C_21_NOISE_FA.wav done.
    (113/120) C_23_CHOP_FA.wav done.
    (114/120) C_22_NOISE_FG.wav done.
    (115/120) C_23_ECHO_FA.wav done.
    (116/120) C_24_CHOP_MK.wav done.
    (117/120) C_23_NOISE_MK.wav done.
    (118/120) C_24_ECHO_FG.wav done.
    (119/120) C_23_ECHO_ML.wav done.
    (120/120) C_24_NOISE_FA.wav done.
  [Scenario: vss] Processing 120 samples (coverage 30%)...
    (1/120) C_01_CLIP_MK.wav done.
    (2/120) C_01_CHOP_FA.wav done.
    (3/120) C_01_COMPSPKR_MK.wav done.
    (4/120) C_01_ECHO_FG.wav done.
    (5/120) C_02_CHOP_FA.wav done.
    (6/120) C_01_NOISE_FA.wav done.
    (7/120) C_01_CHOP_ML.wav done.
    (8/120) C_02_CHOP_ML.wav done.
    (9/120) C_02_CLIP_MK.wav done.
    (10/120) C_02_COMPSPKR_MK.wav done.
    (11/120) C_03_CHOP_ML.wav done.
    (12/120) C_02_NOISE_FA.wav done.
    (13/120) C_03_CHOP_FA.wav done.
    (14/120) C_02_ECHO_FG.wav done.
    (15/120) C_03_ECHO_FG.wav done.
    (16/120) C_03_CLIP_MK.wav done.
    (17/120) C_03_COMPSPKR_MK.wav done.
    (18/120) C_04_CLIP_MK.wav done.
    (19/120) C_04_CHOP_ML.wav done.
    (20/120) C_04_CHOP_FA.wav done.
    (21/120) C_03_NOISE_FA.wav done.
    (22/120) C_04_ECHO_FG.wav done.
    (23/120) C_04_COMPSPKR_MK.wav done.
    (24/120) C_04_NOISE_FA.wav done.
    (25/120) C_05_CHOP_ML.wav done.
    (26/120) C_05_COMPSPKR_MK.wav done.
    (27/120) C_05_CLIP_MK.wav done.
    (28/120) C_05_CHOP_FA.wav done.
    (29/120) C_06_CHOP_FA.wav done.
    (30/120) C_05_ECHO_FG.wav done.
    (31/120) C_05_NOISE_FA.wav done.
    (32/120) C_06_CLIP_MK.wav done.
    (33/120) C_06_COMPSPKR_MK.wav done.
    (34/120) C_06_ECHO_FG.wav done.
    (35/120) C_06_CHOP_ML.wav done.
    (36/120) C_07_CHOP_ML.wav done.
    (37/120) C_07_CHOP_FA.wav done.
    (38/120) C_06_NOISE_FA.wav done.
    (39/120) C_07_ECHO_FG.wav done.
    (40/120) C_07_COMPSPKR_MK.wav done.
    (41/120) C_07_NOISE_FA.wav done.
    (42/120) C_07_CLIP_MK.wav done.
    (43/120) C_08_CHOP_ML.wav done.
    (44/120) C_08_CLIP_MK.wav done.
    (45/120) C_08_CHOP_FA.wav done.
    (46/120) C_09_CHOP_FA.wav done.
    (47/120) C_08_ECHO_FG.wav done.
    (48/120) C_08_NOISE_FA.wav done.
    (49/120) C_08_COMPSPKR_MK.wav done.
    (50/120) C_09_CHOP_ML.wav done.
    (51/120) C_09_COMPSPKR_MK.wav done.
    (52/120) C_09_CLIP_MK.wav done.
    (53/120) C_10_CHOP_ML.wav done.
    (54/120) C_09_NOISE_FA.wav done.
    (55/120) C_10_CHOP_FA.wav done.
    (56/120) C_09_ECHO_FG.wav done.
    (57/120) C_10_COMPSPKR_MK.wav done.
    (58/120) C_10_ECHO_FG.wav done.
    (59/120) C_10_CLIP_MK.wav done.
    (60/120) C_11_CHOP_FA.wav done.
    (61/120) C_11_CHOP_ML.wav done.
    (62/120) C_11_CLIP_MK.wav done.
    (63/120) C_10_NOISE_FA.wav done.
    (64/120) C_11_COMPSPKR_MK.wav done.
    (65/120) C_11_ECHO_FG.wav done.
    (66/120) C_11_NOISE_FA.wav done.
    (67/120) C_12_CLIP_MK.wav done.
    (68/120) C_12_CHOP_ML.wav done.
    (69/120) C_12_COMPSPKR_MK.wav done.
    (70/120) C_12_CHOP_FA.wav done.
    (71/120) C_12_ECHO_FG.wav done.
    (72/120) C_12_NOISE_FA.wav done.
    (73/120) C_13_CHOP_FA.wav done.
    (74/120) C_13_COMPSPKR_MK.wav done.
    (75/120) C_13_CLIP_MK.wav done.
    (76/120) C_13_ECHO_FG.wav done.
    (77/120) C_13_CHOP_ML.wav done.
    (78/120) C_14_CHOP_FA.wav done.
    (79/120) C_13_NOISE_FA.wav done.
    (80/120) C_14_CHOP_ML.wav done.
    (81/120) C_14_NOISE_FA.wav done.
    (82/120) C_14_ECHO_FG.wav done.
    (83/120) C_14_COMPSPKR_MK.wav done.
    (84/120) C_15_ECHO_MK.wav done.
    (85/120) C_15_CHOP_ML.wav done.
    (86/120) C_15_CHOP_FA.wav done.
    (87/120) C_14_CLIP_MK.wav done.
    (88/120) C_15_NOISE_MK.wav done.
    (89/120) C_16_CHOP_FG.wav done.
    (90/120) C_16_ECHO_FA.wav done.
    (91/120) C_16_NOISE_ML.wav done.
    (92/120) C_17_CHOP_MK.wav done.
    (93/120) C_17_ECHO_MK.wav done.
    (94/120) C_16_NOISE_FA.wav done.
    (95/120) C_17_NOISE_FG.wav done.
    (96/120) C_18_CHOP_FA.wav done.
    (97/120) C_18_ECHO_FA.wav done.
    (98/120) C_19_CHOP_MK.wav done.
    (99/120) C_18_NOISE_MK.wav done.
    (100/120) C_19_ECHO_FG.wav done.
    (101/120) C_18_ECHO_ML.wav done.
    (102/120) C_19_NOISE_FA.wav done.
    (103/120) C_20_CHOP_FA.wav done.
    (104/120) C_20_CHOP_ML.wav done.
    (105/120) C_20_NOISE_MK.wav done.
    (106/120) C_21_CHOP_FG.wav done.
    (107/120) C_21_ECHO_FA.wav done.
    (108/120) C_20_ECHO_MK.wav done.
    (109/120) C_21_NOISE_FA.wav done.
    (110/120) C_21_NOISE_ML.wav done.
    (111/120) C_22_CHOP_MK.wav done.
    (112/120) C_23_CHOP_FA.wav done.
    (113/120) C_22_NOISE_FG.wav done.
    (114/120) C_23_ECHO_FA.wav done.
    (115/120) C_22_ECHO_MK.wav done.
    (116/120) C_23_NOISE_MK.wav done.
    (117/120) C_23_ECHO_ML.wav done.
    (118/120) C_24_CHOP_MK.wav done.
    (119/120) C_24_NOISE_FA.wav done.
    (120/120) C_24_ECHO_FG.wav done.
  [Scenario: music_low] Processing 14 samples (coverage 30%)...
    (1/14) 24-Greensleeves-Korean-male-speech.441.16b48k.wav done.
    (2/14) 4-Sound-English-male.441.16b48k.wav done.
    (3/14) Can't Wait Until Tonight (Dry Wurlitzer Mix).16b48k.wav done.
    (4/14) Hotel California.16b48k.wav done.
    (5/14) Girl_In_The_Fire__Sample_.16b48k.wav done.
    (6/14) Only Time.16b48k.wav done.
    (7/14) 12-German-male-speech.441.16b48k.wav done.
    (8/14) Through The Fire And Flames.16b48k.wav done.
    (9/14) Shinsho_pool_3min45_4min4.16b48k.wav done.
    (10/14) With Love (Outro).16b48k.wav done.
    (11/14) lob.wav done.
    (12/14) sandman.16b48k.wav done.
    (13/14) girl.16b48k.wav done.
    (14/14) clapton_44k.16b48k.wav done.
  [Scenario: music_std] Processing 14 samples (coverage 30%)...
    (1/14) 4-Sound-English-male.441.16b48k.wav done.
    (2/14) 24-Greensleeves-Korean-male-speech.441.16b48k.wav done.
    (3/14) Can't Wait Until Tonight (Dry Wurlitzer Mix).16b48k.wav done.
    (4/14) Only Time.16b48k.wav done.
    (5/14) Hotel California.16b48k.wav done.
    (6/14) Girl_In_The_Fire__Sample_.16b48k.wav done.
    (7/14) 12-German-male-speech.441.16b48k.wav done.
    (8/14) Shinsho_pool_3min45_4min4.16b48k.wav done.
    (9/14) With Love (Outro).16b48k.wav done.
    (10/14) Through The Fire And Flames.16b48k.wav done.
    (11/14) lob.wav done.
    (12/14) girl.16b48k.wav done.
    (13/14) sandman.16b48k.wav done.
    (14/14) clapton_44k.16b48k.wav done.
  [Scenario: music_high] Processing 14 samples (coverage 30%)...
    (1/14) 24-Greensleeves-Korean-male-speech.441.16b48k.wav done.
    (2/14) 4-Sound-English-male.441.16b48k.wav done.
    (3/14) Can't Wait Until Tonight (Dry Wurlitzer Mix).16b48k.wav done.
    (4/14) Hotel California.16b48k.wav done.
    (5/14) Girl_In_The_Fire__Sample_.16b48k.wav done.
    (6/14) Only Time.16b48k.wav done.
    (7/14) 12-German-male-speech.441.16b48k.wav done.
    (8/14) Shinsho_pool_3min45_4min4.16b48k.wav done.
    (9/14) Through The Fire And Flames.16b48k.wav done.
    (10/14) With Love (Outro).16b48k.wav done.
    (11/14) lob.wav done.
    (12/14) girl.16b48k.wav done.
    (13/14) sandman.16b48k.wav done.
    (14/14) clapton_44k.16b48k.wav done.
Measuring throughput for d110_c040...
  Benchmarking throughput with noise.wav...
  Benchmarking throughput with silence.wav...
  Benchmarking throughput with sine.wav...
  Benchmarking throughput with sweep.wav...
Computing MOS for 282 samples using local ViSQOL (Binary, 4 cores)...
  (1/282) voip_C_01_ECHO_FG.wav: 3.87
  (2/282) voip_C_01_CHOP_ML.wav: 3.98
  (3/282) voip_C_01_CLIP_MK.wav: 4.31
  (4/282) voip_C_01_COMPSPKR_MK.wav: 3.69
  (5/282) voip_C_02_CHOP_ML.wav: 4.20
  (6/282) voip_C_01_CHOP_FA.wav: 4.10
  (7/282) voip_C_01_NOISE_FA.wav: 3.84
  (8/282) voip_C_02_CLIP_MK.wav: 3.87
  (9/282) voip_C_02_CHOP_FA.wav: 3.44
  (10/282) voip_C_02_ECHO_FG.wav: 3.75
  (11/282) voip_C_02_NOISE_FA.wav: 2.57
  (12/282) voip_C_02_COMPSPKR_MK.wav: 3.57
  (13/282) voip_C_03_CHOP_ML.wav: 4.15
  (14/282) voip_C_03_COMPSPKR_MK.wav: 4.01
  (15/282) voip_C_03_ECHO_FG.wav: 4.20
  (16/282) voip_C_03_CLIP_MK.wav: 4.34
  (17/282) voip_C_03_CHOP_FA.wav: 2.18
  (18/282) voip_C_04_CHOP_ML.wav: 4.52
  (19/282) voip_C_03_NOISE_FA.wav: 2.00
  (20/282) voip_C_04_COMPSPKR_MK.wav: 3.73
  (21/282) voip_C_04_CHOP_FA.wav: 3.43
  (22/282) voip_C_04_ECHO_FG.wav: 3.82
  (23/282) voip_C_04_CLIP_MK.wav: 3.47
  (24/282) voip_C_05_CHOP_FA.wav: 3.50
  (25/282) voip_C_04_NOISE_FA.wav: 2.76
  (26/282) voip_C_05_CHOP_ML.wav: 4.29
  (27/282) voip_C_05_COMPSPKR_MK.wav: 4.18
  (28/282) voip_C_05_ECHO_FG.wav: 4.26
  (29/282) voip_C_06_CHOP_ML.wav: 4.32
  (30/282) voip_C_05_NOISE_FA.wav: 2.18
  (31/282) voip_C_05_CLIP_MK.wav: 3.61
  (32/282) voip_C_06_CHOP_FA.wav: 4.03
  (33/282) voip_C_06_ECHO_FG.wav: 3.85
  (34/282) voip_C_06_CLIP_MK.wav: 2.83
  (35/282) voip_C_06_NOISE_FA.wav: 2.68
  (36/282) voip_C_07_CHOP_FA.wav: 3.99
  (37/282) voip_C_06_COMPSPKR_MK.wav: 4.21
  (38/282) voip_C_07_CHOP_ML.wav: 4.28
  (39/282) voip_C_07_CLIP_MK.wav: 4.12
  (40/282) voip_C_07_NOISE_FA.wav: 2.95
  (41/282) voip_C_07_COMPSPKR_MK.wav: 3.83
  (42/282) voip_C_08_CHOP_ML.wav: 4.25
  (43/282) voip_C_08_CHOP_FA.wav: 3.99
  (44/282) voip_C_07_ECHO_FG.wav: 3.76
  (45/282) voip_C_08_CLIP_MK.wav: 2.79
  (46/282) voip_C_08_COMPSPKR_MK.wav: 3.83
  (47/282) voip_C_08_ECHO_FG.wav: 3.51
  (48/282) voip_C_09_CHOP_FA.wav: 4.03
  (49/282) voip_C_09_CHOP_ML.wav: 4.47
  (50/282) voip_C_09_COMPSPKR_MK.wav: 4.07
  (51/282) voip_C_09_CLIP_MK.wav: 4.09
  (52/282) voip_C_08_NOISE_FA.wav: 2.09
  (53/282) voip_C_09_ECHO_FG.wav: 3.53
  (54/282) voip_C_09_NOISE_FA.wav: 2.24
  (55/282) voip_C_10_CHOP_ML.wav: 4.28
  (56/282) voip_C_10_COMPSPKR_MK.wav: 2.59
  (57/282) voip_C_10_CLIP_MK.wav: 3.54
  (58/282) voip_C_10_ECHO_FG.wav: 3.71
  (59/282) voip_C_10_CHOP_FA.wav: 3.74
  (60/282) voip_C_10_NOISE_FA.wav: 1.75
  (61/282) voip_C_11_CHOP_FA.wav: 4.21
  (62/282) voip_C_11_ECHO_FG.wav: 3.98
  (63/282) voip_C_11_COMPSPKR_MK.wav: 4.24
  (64/282) voip_C_11_CLIP_MK.wav: 3.96
  (65/282) voip_C_11_NOISE_FA.wav: 2.50
  (66/282) voip_C_11_CHOP_ML.wav: 4.12
  (67/282) voip_C_12_CHOP_FA.wav: 4.18
  (68/282) voip_C_12_CLIP_MK.wav: 4.38
  (69/282) voip_C_12_CHOP_ML.wav: 3.57
  (70/282) voip_C_12_COMPSPKR_MK.wav: 3.22
  (71/282) voip_C_12_NOISE_FA.wav: 2.29
  (72/282) voip_C_13_CHOP_ML.wav: 4.30
  (73/282) voip_C_13_CHOP_FA.wav: 3.19
  (74/282) voip_C_13_CLIP_MK.wav: 4.33
  (75/282) voip_C_12_ECHO_FG.wav: 3.38
  (76/282) voip_C_13_COMPSPKR_MK.wav: 4.01
  (77/282) voip_C_13_ECHO_FG.wav: 3.77
  (78/282) voip_C_14_CHOP_ML.wav: 4.06
  (79/282) voip_C_13_NOISE_FA.wav: 1.75
  (80/282) voip_C_14_CLIP_MK.wav: 3.27
  (81/282) voip_C_14_COMPSPKR_MK.wav: 4.17
  (82/282) voip_C_14_ECHO_FG.wav: 3.73
  (83/282) voip_C_14_CHOP_FA.wav: 4.01
  (84/282) voip_C_15_CHOP_ML.wav: 4.47
  (85/282) voip_C_14_NOISE_FA.wav: 2.10
  (86/282) voip_C_15_CHOP_FA.wav: 3.01
  (87/282) voip_C_15_ECHO_MK.wav: 4.29
  (88/282) voip_C_16_CHOP_FG.wav: 3.98
  (89/282) voip_C_16_NOISE_FA.wav: 2.22
  (90/282) voip_C_16_ECHO_FA.wav: 4.01
  (91/282) voip_C_16_NOISE_ML.wav: 2.71
  (92/282) voip_C_15_NOISE_MK.wav: 1.64
  (93/282) voip_C_17_CHOP_MK.wav: 4.37
  (94/282) voip_C_17_ECHO_MK.wav: 4.53
  (95/282) voip_C_18_ECHO_ML.wav: 3.12
  (96/282) voip_C_18_CHOP_FA.wav: 3.84
  (97/282) voip_C_17_NOISE_FG.wav: 2.54
  (98/282) voip_C_19_CHOP_MK.wav: 3.77
  (99/282) voip_C_18_ECHO_FA.wav: 2.82
  (100/282) voip_C_18_NOISE_MK.wav: 1.72
  (101/282) voip_C_19_ECHO_FG.wav: 2.89
  (102/282) voip_C_20_CHOP_ML.wav: 4.41
  (103/282) voip_C_20_CHOP_FA.wav: 4.04
  (104/282) voip_C_20_ECHO_MK.wav: 3.28
  (105/282) voip_C_19_NOISE_FA.wav: 1.20
  (106/282) voip_C_20_NOISE_MK.wav: 2.05
  (107/282) voip_C_21_CHOP_FG.wav: 3.59
  (108/282) voip_C_21_ECHO_FA.wav: 4.09
  (109/282) voip_C_21_NOISE_ML.wav: 4.30
  (110/282) voip_C_22_CHOP_MK.wav: 4.05
  (111/282) voip_C_22_ECHO_MK.wav: 3.41
  (112/282) voip_C_22_NOISE_FG.wav: 3.98
  (113/282) voip_C_23_CHOP_FA.wav: 3.31
  (114/282) voip_C_21_NOISE_FA.wav: 3.96
  (115/282) voip_C_23_ECHO_FA.wav: 4.06
  (116/282) voip_C_23_NOISE_MK.wav: 4.31
  (117/282) voip_C_24_ECHO_FG.wav: 2.24
  (118/282) voip_C_24_CHOP_MK.wav: 3.88
  (119/282) voip_C_23_ECHO_ML.wav: 4.01
  (120/282) vss_C_01_CLIP_MK.wav: 4.57
  (121/282) voip_C_24_NOISE_FA.wav: 2.52
  (122/282) vss_C_01_CHOP_FA.wav: 3.31
  (123/282) vss_C_01_COMPSPKR_MK.wav: 3.72
  (124/282) vss_C_01_ECHO_FG.wav: 4.23
  (125/282) vss_C_02_CHOP_FA.wav: 4.15
  (126/282) vss_C_01_CHOP_ML.wav: 4.01
  (127/282) vss_C_01_NOISE_FA.wav: 3.46
  (128/282) vss_C_02_CHOP_ML.wav: 4.18
  (129/282) vss_C_03_CHOP_ML.wav: 4.12
  (130/282) vss_C_02_COMPSPKR_MK.wav: 3.49
  (131/282) vss_C_02_CLIP_MK.wav: 3.75
  (132/282) vss_C_02_NOISE_FA.wav: 2.55
  (133/282) vss_C_02_ECHO_FG.wav: 3.71
  (134/282) vss_C_03_ECHO_FG.wav: 4.29
  (135/282) vss_C_03_CHOP_FA.wav: 4.13
  (136/282) vss_C_03_COMPSPKR_MK.wav: 2.99
  (137/282) vss_C_03_CLIP_MK.wav: 4.37
  (138/282) vss_C_04_CHOP_ML.wav: 4.41
  (139/282) vss_C_04_CLIP_MK.wav: 3.38
  (140/282) vss_C_04_CHOP_FA.wav: 3.85
  (141/282) vss_C_03_NOISE_FA.wav: 2.51
  (142/282) vss_C_04_COMPSPKR_MK.wav: 3.73
  (143/282) vss_C_04_ECHO_FG.wav: 3.26
  (144/282) vss_C_05_CHOP_ML.wav: 3.94
  (145/282) vss_C_04_NOISE_FA.wav: 3.11
  (146/282) vss_C_05_COMPSPKR_MK.wav: 3.05
  (147/282) vss_C_05_CLIP_MK.wav: 3.22
  (148/282) vss_C_05_CHOP_FA.wav: 3.79
  (149/282) vss_C_05_ECHO_FG.wav: 4.20
  (150/282) vss_C_06_CHOP_FA.wav: 3.11
  (151/282) vss_C_05_NOISE_FA.wav: 2.44
  (152/282) vss_C_06_COMPSPKR_MK.wav: 4.34
  (153/282) vss_C_06_ECHO_FG.wav: 4.43
  (154/282) vss_C_06_CLIP_MK.wav: 2.88
  (155/282) vss_C_06_CHOP_ML.wav: 4.33
  (156/282) vss_C_07_CHOP_ML.wav: 4.30
  (157/282) vss_C_07_ECHO_FG.wav: 2.98
  (158/282) vss_C_07_CHOP_FA.wav: 3.60
  (159/282) vss_C_06_NOISE_FA.wav: 3.22
  (160/282) vss_C_07_COMPSPKR_MK.wav: 4.09
  (161/282) vss_C_07_NOISE_FA.wav: 3.38
  (162/282) vss_C_08_CHOP_ML.wav: 4.24
  (163/282) vss_C_07_CLIP_MK.wav: 4.19
  (164/282) vss_C_08_CLIP_MK.wav: 3.98
  (165/282) vss_C_09_CHOP_FA.wav: 4.30
  (166/282) vss_C_08_CHOP_FA.wav: 3.92
  (167/282) vss_C_08_ECHO_FG.wav: 4.21
  (168/282) vss_C_09_CHOP_ML.wav: 4.40
  (169/282) vss_C_08_COMPSPKR_MK.wav: 3.58
  (170/282) vss_C_08_NOISE_FA.wav: 2.27
  (171/282) vss_C_09_COMPSPKR_MK.wav: 3.49
  (172/282) vss_C_10_CHOP_ML.wav: 4.23
  (173/282) vss_C_09_NOISE_FA.wav: 2.41
  (174/282) vss_C_09_CLIP_MK.wav: 4.18
  (175/282) vss_C_10_CHOP_FA.wav: 2.68
  (176/282) vss_C_09_ECHO_FG.wav: 4.08
  (177/282) vss_C_10_ECHO_FG.wav: 3.98
  (178/282) vss_C_10_COMPSPKR_MK.wav: 2.73
  (179/282) vss_C_10_CLIP_MK.wav: 3.05
  (180/282) vss_C_11_CHOP_FA.wav: 3.33
  (181/282) vss_C_11_CHOP_ML.wav: 4.45
  (182/282) vss_C_11_CLIP_MK.wav: 4.12
  (183/282) vss_C_11_ECHO_FG.wav: 4.32
  (184/282) vss_C_11_COMPSPKR_MK.wav: 4.33
  (185/282) vss_C_10_NOISE_FA.wav: 2.47
  (186/282) vss_C_11_NOISE_FA.wav: 2.74
  (187/282) vss_C_12_CLIP_MK.wav: 3.68
  (188/282) vss_C_12_CHOP_ML.wav: 3.42
  (189/282) vss_C_12_COMPSPKR_MK.wav: 4.31
  (190/282) vss_C_12_CHOP_FA.wav: 4.48
  (191/282) vss_C_12_ECHO_FG.wav: 3.09
  (192/282) vss_C_12_NOISE_FA.wav: 2.86
  (193/282) vss_C_13_CHOP_FA.wav: 4.08
  (194/282) vss_C_13_COMPSPKR_MK.wav: 4.05
  (195/282) vss_C_13_CLIP_MK.wav: 3.76
  (196/282) vss_C_13_ECHO_FG.wav: 4.12
  (197/282) vss_C_13_CHOP_ML.wav: 4.27
  (198/282) vss_C_14_CHOP_FA.wav: 4.05
  (199/282) vss_C_14_CHOP_ML.wav: 4.05
  (200/282) vss_C_13_NOISE_FA.wav: 2.17
  (201/282) vss_C_14_ECHO_FG.wav: 2.87
  (202/282) vss_C_14_NOISE_FA.wav: 2.39
  (203/282) vss_C_14_COMPSPKR_MK.wav: 3.50
  (204/282) vss_C_15_CHOP_ML.wav: 4.43
  (205/282) vss_C_15_ECHO_MK.wav: 4.48
  (206/282) vss_C_15_CHOP_FA.wav: 4.39
  (207/282) vss_C_14_CLIP_MK.wav: 4.03
  (208/282) vss_C_16_CHOP_FG.wav: 3.70
  (209/282) vss_C_15_NOISE_MK.wav: 1.93
  (210/282) vss_C_16_NOISE_ML.wav: 3.94
  (211/282) vss_C_17_CHOP_MK.wav: 4.46
  (212/282) vss_C_16_ECHO_FA.wav: 4.19
  (213/282) vss_C_17_ECHO_MK.wav: 3.61
  (214/282) vss_C_17_NOISE_FG.wav: 2.74
  (215/282) vss_C_16_NOISE_FA.wav: 2.74
  (216/282) vss_C_18_CHOP_FA.wav: 3.80
  (217/282) vss_C_18_ECHO_FA.wav: 4.52
  (218/282) vss_C_19_CHOP_MK.wav: 4.04
  (219/282) vss_C_19_ECHO_FG.wav: 4.26
  (220/282) vss_C_18_NOISE_MK.wav: 1.85
  (221/282) vss_C_18_ECHO_ML.wav: 4.51
  (222/282) vss_C_19_NOISE_FA.wav: 1.00
  (223/282) vss_C_20_CHOP_FA.wav: 4.16
  (224/282) vss_C_20_CHOP_ML.wav: 4.35
  (225/282) vss_C_20_NOISE_MK.wav: 2.66
  (226/282) vss_C_21_CHOP_FG.wav: 3.28
  (227/282) vss_C_21_ECHO_FA.wav: 4.25
  (228/282) vss_C_20_ECHO_MK.wav: 4.34
  (229/282) vss_C_21_NOISE_FA.wav: 4.17
  (230/282) vss_C_21_NOISE_ML.wav: 4.31
  (231/282) vss_C_22_CHOP_MK.wav: 3.13
  (232/282) vss_C_23_CHOP_FA.wav: 3.39
  (233/282) vss_C_22_NOISE_FG.wav: 3.17
  (234/282) vss_C_23_ECHO_FA.wav: 3.55
  (235/282) vss_C_22_ECHO_MK.wav: 3.56
  (236/282) vss_C_23_ECHO_ML.wav: 4.25
  (237/282) vss_C_23_NOISE_MK.wav: 3.80
  (238/282) vss_C_24_CHOP_MK.wav: 3.51
  (239/282) vss_C_24_ECHO_FG.wav: 3.80
  (240/282) vss_C_24_NOISE_FA.wav: 2.53
  (241/282) music_low_24-Greensleeves-Korean-male-speech.441.16b48k.wav: 3.27
  (242/282) music_low_4-Sound-English-male.441.16b48k.wav: 3.05
  (243/282) music_low_Can't Wait Until Tonight (Dry Wurlitzer Mix).16b48k.wav: 3.23
  (244/282) music_low_Hotel California.16b48k.wav: 3.26
  (245/282) music_low_12-German-male-speech.441.16b48k.wav: 3.21
  (246/282) music_low_Girl_In_The_Fire__Sample_.16b48k.wav: 3.27
  (247/282) music_low_Only Time.16b48k.wav: 3.14
  (248/282) music_low_Through The Fire And Flames.16b48k.wav: 3.20
  (249/282) music_low_lob.wav: 3.18
  (250/282) music_low_Shinsho_pool_3min45_4min4.16b48k.wav: 4.34
  (251/282) music_low_With Love (Outro).16b48k.wav: 3.43
  (252/282) music_low_sandman.16b48k.wav: 3.62
  (253/282) music_low_girl.16b48k.wav: 2.73
  (254/282) music_std_4-Sound-English-male.441.16b48k.wav: 4.23
  (255/282) music_low_clapton_44k.16b48k.wav: 2.96
  (256/282) music_std_24-Greensleeves-Korean-male-speech.441.16b48k.wav: 3.99
  (257/282) music_std_Can't Wait Until Tonight (Dry Wurlitzer Mix).16b48k.wav: 4.33
  (258/282) music_std_Only Time.16b48k.wav: 4.08
  (259/282) music_std_Hotel California.16b48k.wav: 4.34
  (260/282) music_std_Girl_In_The_Fire__Sample_.16b48k.wav: 4.09
  (261/282) music_std_12-German-male-speech.441.16b48k.wav: 4.35
  (262/282) music_std_Shinsho_pool_3min45_4min4.16b48k.wav: 4.36
  (263/282) music_std_With Love (Outro).16b48k.wav: 4.32
  (264/282) music_std_Through The Fire And Flames.16b48k.wav: 4.46
  (265/282) music_std_lob.wav: 3.87
  (266/282) music_std_girl.16b48k.wav: 3.65
  (267/282) music_high_24-Greensleeves-Korean-male-speech.441.16b48k.wav: 3.99
  (268/282) music_std_sandman.16b48k.wav: 4.44
  (269/282) music_std_clapton_44k.16b48k.wav: 4.38
  (270/282) music_high_4-Sound-English-male.441.16b48k.wav: 4.25
  (271/282) music_high_Can't Wait Until Tonight (Dry Wurlitzer Mix).16b48k.wav: 4.34
  (272/282) music_high_Hotel California.16b48k.wav: 4.34
  (273/282) music_high_Girl_In_The_Fire__Sample_.16b48k.wav: 4.10
  (274/282) music_high_12-German-male-speech.441.16b48k.wav: 4.37
  (275/282) music_high_Only Time.16b48k.wav: 4.09
  (276/282) music_high_Shinsho_pool_3min45_4min4.16b48k.wav: 4.35
  (277/282) music_high_Through The Fire And Flames.16b48k.wav: 4.46
  (278/282) music_high_lob.wav: 3.91
  (279/282) music_high_With Love (Outro).16b48k.wav: 4.32
  (280/282) music_high_girl.16b48k.wav: 3.66
  (281/282) music_high_sandman.16b48k.wav: 4.44
  (282/282) music_high_clapton_44k.16b48k.wav: 4.37
Phase 2 (MOS) complete.
>>> Phase 1: Encoding and Basic Metrics
>>> Phase 2: Perceptual Quality (MOS)
Found local visqol binary at: /opt/visqol/bazel-bin/visqol
Using local ViSQOL installation...
>>> Benchmark complete.
Starting Phase 1 (Encoding) for d110_c050...
Parallelizing across 4 threads.
  [Scenario: voip] Processing 120 samples (coverage 30%)...
    (1/120) C_01_CLIP_MK.wav done.
    (2/120) C_01_CHOP_FA.wav done.
    (3/120) C_01_CHOP_ML.wav done.
    (4/120) C_01_COMPSPKR_MK.wav done.
    (5/120) C_01_ECHO_FG.wav done.
    (6/120) C_02_CHOP_ML.wav done.
    (7/120) C_02_CHOP_FA.wav done.
    (8/120) C_01_NOISE_FA.wav done.
    (9/120) C_02_CLIP_MK.wav done.
    (10/120) C_02_ECHO_FG.wav done.
    (11/120) C_02_COMPSPKR_MK.wav done.
    (12/120) C_02_NOISE_FA.wav done.
    (13/120) C_03_CHOP_ML.wav done.
    (14/120) C_03_CHOP_FA.wav done.
    (15/120) C_03_CLIP_MK.wav done.
    (16/120) C_03_COMPSPKR_MK.wav done.
    (17/120) C_04_CHOP_ML.wav done.
    (18/120) C_04_CHOP_FA.wav done.
    (19/120) C_03_NOISE_FA.wav done.
    (20/120) C_03_ECHO_FG.wav done.
    (21/120) C_04_NOISE_FA.wav done.
    (22/120) C_04_CLIP_MK.wav done.
    (23/120) C_04_ECHO_FG.wav done.
    (24/120) C_04_COMPSPKR_MK.wav done.
    (25/120) C_05_CHOP_FA.wav done.
    (26/120) C_05_COMPSPKR_MK.wav done.
    (27/120) C_05_CLIP_MK.wav done.
    (28/120) C_05_CHOP_ML.wav done.
    (29/120) C_05_ECHO_FG.wav done.
    (30/120) C_05_NOISE_FA.wav done.
    (31/120) C_06_CHOP_FA.wav done.
    (32/120) C_06_CHOP_ML.wav done.
    (33/120) C_06_COMPSPKR_MK.wav done.
    (34/120) C_07_CHOP_FA.wav done.
    (35/120) C_06_ECHO_FG.wav done.
    (36/120) C_06_NOISE_FA.wav done.
    (37/120) C_06_CLIP_MK.wav done.
    (38/120) C_07_CHOP_ML.wav done.
    (39/120) C_07_NOISE_FA.wav done.
    (40/120) C_07_CLIP_MK.wav done.
    (41/120) C_07_COMPSPKR_MK.wav done.
    (42/120) C_08_CHOP_FA.wav done.
    (43/120) C_07_ECHO_FG.wav done.
    (44/120) C_08_CHOP_ML.wav done.
    (45/120) C_08_CLIP_MK.wav done.
    (46/120) C_08_COMPSPKR_MK.wav done.
    (47/120) C_08_ECHO_FG.wav done.
    (48/120) C_08_NOISE_FA.wav done.
    (49/120) C_09_CHOP_FA.wav done.
    (50/120) C_09_CHOP_ML.wav done.
    (51/120) C_09_CLIP_MK.wav done.
    (52/120) C_09_COMPSPKR_MK.wav done.
    (53/120) C_09_ECHO_FG.wav done.
    (54/120) C_09_NOISE_FA.wav done.
    (55/120) C_10_CHOP_FA.wav done.
    (56/120) C_10_CHOP_ML.wav done.
    (57/120) C_10_CLIP_MK.wav done.
    (58/120) C_10_COMPSPKR_MK.wav done.
    (59/120) C_10_ECHO_FG.wav done.
    (60/120) C_10_NOISE_FA.wav done.
    (61/120) C_11_CHOP_FA.wav done.
    (62/120) C_11_CLIP_MK.wav done.
    (63/120) C_11_CHOP_ML.wav done.
    (64/120) C_11_COMPSPKR_MK.wav done.
    (65/120) C_11_ECHO_FG.wav done.
    (66/120) C_12_CHOP_ML.wav done.
    (67/120) C_11_NOISE_FA.wav done.
    (68/120) C_12_CHOP_FA.wav done.
    (69/120) C_12_COMPSPKR_MK.wav done.
    (70/120) C_12_CLIP_MK.wav done.
    (71/120) C_12_ECHO_FG.wav done.
    (72/120) C_12_NOISE_FA.wav done.
    (73/120) C_13_CHOP_FA.wav done.
    (74/120) C_13_CHOP_ML.wav done.
    (75/120) C_13_CLIP_MK.wav done.
    (76/120) C_13_COMPSPKR_MK.wav done.
    (77/120) C_13_ECHO_FG.wav done.
    (78/120) C_13_NOISE_FA.wav done.
    (79/120) C_14_CHOP_FA.wav done.
    (80/120) C_14_CHOP_ML.wav done.
    (81/120) C_14_CLIP_MK.wav done.
    (82/120) C_14_COMPSPKR_MK.wav done.
    (83/120) C_14_ECHO_FG.wav done.
    (84/120) C_14_NOISE_FA.wav done.
    (85/120) C_15_CHOP_FA.wav done.
    (86/120) C_15_CHOP_ML.wav done.
    (87/120) C_15_ECHO_MK.wav done.
    (88/120) C_15_NOISE_MK.wav done.
    (89/120) C_16_CHOP_FG.wav done.
    (90/120) C_16_NOISE_FA.wav done.
    (91/120) C_16_ECHO_FA.wav done.
    (92/120) C_16_NOISE_ML.wav done.
    (93/120) C_17_ECHO_MK.wav done.
    (94/120) C_17_CHOP_MK.wav done.
    (95/120) C_17_NOISE_FG.wav done.
    (96/120) C_18_CHOP_FA.wav done.
    (97/120) C_18_ECHO_ML.wav done.
    (98/120) C_18_NOISE_MK.wav done.
    (99/120) C_18_ECHO_FA.wav done.
    (100/120) C_19_CHOP_MK.wav done.
    (101/120) C_19_NOISE_FA.wav done.
    (102/120) C_19_ECHO_FG.wav done.
    (103/120) C_20_CHOP_FA.wav done.
    (104/120) C_20_CHOP_ML.wav done.
    (105/120) C_20_ECHO_MK.wav done.
    (106/120) C_20_NOISE_MK.wav done.
    (107/120) C_21_CHOP_FG.wav done.
    (108/120) C_21_NOISE_FA.wav done.
    (109/120) C_21_ECHO_FA.wav done.
    (110/120) C_22_CHOP_MK.wav done.
    (111/120) C_21_NOISE_ML.wav done.
    (112/120) C_22_ECHO_MK.wav done.
    (113/120) C_22_NOISE_FG.wav done.
    (114/120) C_23_CHOP_FA.wav done.
    (115/120) C_23_ECHO_FA.wav done.
    (116/120) C_23_ECHO_ML.wav done.
    (117/120) C_23_NOISE_MK.wav done.
    (118/120) C_24_CHOP_MK.wav done.
    (119/120) C_24_NOISE_FA.wav done.
    (120/120) C_24_ECHO_FG.wav done.
  [Scenario: vss] Processing 120 samples (coverage 30%)...
    (1/120) C_01_CHOP_FA.wav done.
    (2/120) C_01_CLIP_MK.wav done.
    (3/120) C_01_CHOP_ML.wav done.
    (4/120) C_01_COMPSPKR_MK.wav done.
    (5/120) C_01_ECHO_FG.wav done.
    (6/120) C_02_CHOP_FA.wav done.
    (7/120) C_01_NOISE_FA.wav done.
    (8/120) C_02_CHOP_ML.wav done.
    (9/120) C_02_CLIP_MK.wav done.
    (10/120) C_02_COMPSPKR_MK.wav done.
    (11/120) C_02_ECHO_FG.wav done.
    (12/120) C_02_NOISE_FA.wav done.
    (13/120) C_03_CHOP_ML.wav done.
    (14/120) C_03_CHOP_FA.wav done.
    (15/120) C_03_CLIP_MK.wav done.
    (16/120) C_03_COMPSPKR_MK.wav done.
    (17/120) C_03_ECHO_FG.wav done.
    (18/120) C_04_CHOP_FA.wav done.
    (19/120) C_03_NOISE_FA.wav done.
    (20/120) C_04_CHOP_ML.wav done.
    (21/120) C_04_COMPSPKR_MK.wav done.
    (22/120) C_04_CLIP_MK.wav done.
    (23/120) C_04_ECHO_FG.wav done.
    (24/120) C_04_NOISE_FA.wav done.
    (25/120) C_05_CLIP_MK.wav done.
    (26/120) C_05_CHOP_ML.wav done.
    (27/120) C_05_CHOP_FA.wav done.
    (28/120) C_05_COMPSPKR_MK.wav done.
    (29/120) C_05_ECHO_FG.wav done.
    (30/120) C_05_NOISE_FA.wav done.
    (31/120) C_06_CHOP_FA.wav done.
    (32/120) C_06_CHOP_ML.wav done.
    (33/120) C_06_ECHO_FG.wav done.
    (34/120) C_06_CLIP_MK.wav done.
    (35/120) C_06_COMPSPKR_MK.wav done.
    (36/120) C_06_NOISE_FA.wav done.
    (37/120) C_07_CHOP_FA.wav done.
    (38/120) C_07_CHOP_ML.wav done.
    (39/120) C_07_CLIP_MK.wav done.
    (40/120) C_07_COMPSPKR_MK.wav done.
    (41/120) C_07_ECHO_FG.wav done.
    (42/120) C_07_NOISE_FA.wav done.
    (43/120) C_08_CHOP_FA.wav done.
    (44/120) C_08_CHOP_ML.wav done.
    (45/120) C_08_COMPSPKR_MK.wav done.
    (46/120) C_08_CLIP_MK.wav done.
    (47/120) C_08_ECHO_FG.wav done.
    (48/120) C_08_NOISE_FA.wav done.
    (49/120) C_09_CHOP_FA.wav done.
    (50/120) C_09_CHOP_ML.wav done.
    (51/120) C_09_CLIP_MK.wav done.
    (52/120) C_09_COMPSPKR_MK.wav done.
    (53/120) C_09_ECHO_FG.wav done.
    (54/120) C_09_NOISE_FA.wav done.
    (55/120) C_10_CHOP_FA.wav done.
    (56/120) C_10_CHOP_ML.wav done.
    (57/120) C_10_COMPSPKR_MK.wav done.
    (58/120) C_10_CLIP_MK.wav done.
    (59/120) C_10_ECHO_FG.wav done.
    (60/120) C_10_NOISE_FA.wav done.
    (61/120) C_11_CHOP_FA.wav done.
    (62/120) C_11_CHOP_ML.wav done.
    (63/120) C_11_CLIP_MK.wav done.
    (64/120) C_11_COMPSPKR_MK.wav done.
    (65/120) C_11_NOISE_FA.wav done.
    (66/120) C_11_ECHO_FG.wav done.
    (67/120) C_12_CHOP_FA.wav done.
    (68/120) C_12_COMPSPKR_MK.wav done.
    (69/120) C_12_CHOP_ML.wav done.
    (70/120) C_12_ECHO_FG.wav done.
    (71/120) C_12_NOISE_FA.wav done.
    (72/120) C_12_CLIP_MK.wav done.
    (73/120) C_13_CLIP_MK.wav done.
    (74/120) C_13_CHOP_FA.wav done.
    (75/120) C_13_CHOP_ML.wav done.
    (76/120) C_13_ECHO_FG.wav done.
    (77/120) C_14_CHOP_ML.wav done.
    (78/120) C_13_COMPSPKR_MK.wav done.
    (79/120) C_13_NOISE_FA.wav done.
    (80/120) C_14_CHOP_FA.wav done.
    (81/120) C_14_CLIP_MK.wav done.
    (82/120) C_15_CHOP_FA.wav done.
    (83/120) C_14_ECHO_FG.wav done.
    (84/120) C_14_NOISE_FA.wav done.
    (85/120) C_14_COMPSPKR_MK.wav done.
    (86/120) C_15_CHOP_ML.wav done.
    (87/120) C_15_ECHO_MK.wav done.
    (88/120) C_16_NOISE_FA.wav done.
    (89/120) C_16_CHOP_FG.wav done.
    (90/120) C_16_ECHO_FA.wav done.
    (91/120) C_15_NOISE_MK.wav done.
    (92/120) C_16_NOISE_ML.wav done.
    (93/120) C_17_ECHO_MK.wav done.
    (94/120) C_17_CHOP_MK.wav done.
    (95/120) C_17_NOISE_FG.wav done.
    (96/120) C_18_CHOP_FA.wav done.
    (97/120) C_18_ECHO_FA.wav done.
    (98/120) C_18_ECHO_ML.wav done.
    (99/120) C_19_ECHO_FG.wav done.
    (100/120) C_19_CHOP_MK.wav done.
    (101/120) C_18_NOISE_MK.wav done.
    (102/120) C_20_CHOP_FA.wav done.
    (103/120) C_19_NOISE_FA.wav done.
    (104/120) C_20_NOISE_MK.wav done.
    (105/120) C_20_CHOP_ML.wav done.
    (106/120) C_20_ECHO_MK.wav done.
    (107/120) C_21_CHOP_FG.wav done.
    (108/120) C_21_ECHO_FA.wav done.
    (109/120) C_21_NOISE_FA.wav done.
    (110/120) C_21_NOISE_ML.wav done.
    (111/120) C_22_CHOP_MK.wav done.
    (112/120) C_22_ECHO_MK.wav done.
    (113/120) C_22_NOISE_FG.wav done.
    (114/120) C_23_CHOP_FA.wav done.
    (115/120) C_23_ECHO_FA.wav done.
    (116/120) C_23_ECHO_ML.wav done.
    (117/120) C_23_NOISE_MK.wav done.
    (118/120) C_24_CHOP_MK.wav done.
    (119/120) C_24_NOISE_FA.wav done.
    (120/120) C_24_ECHO_FG.wav done.
  [Scenario: music_low] Processing 14 samples (coverage 30%)...
    (1/14) 12-German-male-speech.441.16b48k.wav done.
    (2/14) 4-Sound-English-male.441.16b48k.wav done.
    (3/14) Can't Wait Until Tonight (Dry Wurlitzer Mix).16b48k.wav done.
    (4/14) 24-Greensleeves-Korean-male-speech.441.16b48k.wav done.
    (5/14) Girl_In_The_Fire__Sample_.16b48k.wav done.
    (6/14) Shinsho_pool_3min45_4min4.16b48k.wav done.
    (7/14) Only Time.16b48k.wav done.
    (8/14) Hotel California.16b48k.wav done.
    (9/14) Through The Fire And Flames.16b48k.wav done.
    (10/14) girl.16b48k.wav done.
    (11/14) clapton_44k.16b48k.wav done.
    (12/14) With Love (Outro).16b48k.wav done.
    (13/14) sandman.16b48k.wav done.
    (14/14) lob.wav done.
  [Scenario: music_std] Processing 14 samples (coverage 30%)...
    (1/14) 12-German-male-speech.441.16b48k.wav done.
    (2/14) 24-Greensleeves-Korean-male-speech.441.16b48k.wav done.
    (3/14) 4-Sound-English-male.441.16b48k.wav done.
    (4/14) Can't Wait Until Tonight (Dry Wurlitzer Mix).16b48k.wav done.
    (5/14) Girl_In_The_Fire__Sample_.16b48k.wav done.
    (6/14) Hotel California.16b48k.wav done.
    (7/14) Shinsho_pool_3min45_4min4.16b48k.wav done.
    (8/14) Only Time.16b48k.wav done.
    (9/14) Through The Fire And Flames.16b48k.wav done.
    (10/14) clapton_44k.16b48k.wav done.
    (11/14) With Love (Outro).16b48k.wav done.
    (12/14) girl.16b48k.wav done.
    (13/14) sandman.16b48k.wav done.
    (14/14) lob.wav done.
  [Scenario: music_high] Processing 14 samples (coverage 30%)...
    (1/14) 12-German-male-speech.441.16b48k.wav done.
    (2/14) 24-Greensleeves-Korean-male-speech.441.16b48k.wav done.
    (3/14) 4-Sound-English-male.441.16b48k.wav done.
    (4/14) Can't Wait Until Tonight (Dry Wurlitzer Mix).16b48k.wav done.
    (5/14) Girl_In_The_Fire__Sample_.16b48k.wav done.
    (6/14) Only Time.16b48k.wav done.
    (7/14) Hotel California.16b48k.wav done.
    (8/14) Shinsho_pool_3min45_4min4.16b48k.wav done.
    (9/14) Through The Fire And Flames.16b48k.wav done.
    (10/14) clapton_44k.16b48k.wav done.
    (11/14) With Love (Outro).16b48k.wav done.
    (12/14) girl.16b48k.wav done.
    (13/14) lob.wav done.
    (14/14) sandman.16b48k.wav done.
Measuring throughput for d110_c050...
  Benchmarking throughput with noise.wav...
  Benchmarking throughput with silence.wav...
  Benchmarking throughput with sine.wav...
  Benchmarking throughput with sweep.wav...
Computing MOS for 282 samples using local ViSQOL (Binary, 4 cores)...
  (1/282) voip_C_01_CHOP_ML.wav: 3.98
  (2/282) voip_C_01_CLIP_MK.wav: 4.31
  (3/282) voip_C_01_COMPSPKR_MK.wav: 3.69
  (4/282) voip_C_01_CHOP_FA.wav: 4.10
  (5/282) voip_C_01_ECHO_FG.wav: 3.87
  (6/282) voip_C_02_CHOP_ML.wav: 4.20
  (7/282) voip_C_02_CHOP_FA.wav: 3.44
  (8/282) voip_C_01_NOISE_FA.wav: 3.84
  (9/282) voip_C_02_ECHO_FG.wav: 3.75
  (10/282) voip_C_02_CLIP_MK.wav: 3.87
  (11/282) voip_C_02_COMPSPKR_MK.wav: 3.57
  (12/282) voip_C_03_CHOP_ML.wav: 4.15
  (13/282) voip_C_02_NOISE_FA.wav: 2.57
  (14/282) voip_C_03_CHOP_FA.wav: 2.18
  (15/282) voip_C_03_CLIP_MK.wav: 3.15
  (16/282) voip_C_04_CHOP_ML.wav: 3.51
  (17/282) voip_C_03_COMPSPKR_MK.wav: 4.01
  (18/282) voip_C_04_CHOP_FA.wav: 3.43
  (19/282) voip_C_03_ECHO_FG.wav: 4.20
  (20/282) voip_C_03_NOISE_FA.wav: 2.00
  (21/282) voip_C_04_NOISE_FA.wav: 2.76
  (22/282) voip_C_04_ECHO_FG.wav: 3.82
  (23/282) voip_C_04_COMPSPKR_MK.wav: 3.73
  (24/282) voip_C_04_CLIP_MK.wav: 3.29
  (25/282) voip_C_05_CHOP_FA.wav: 3.50
  (26/282) voip_C_05_COMPSPKR_MK.wav: 4.18
  (27/282) voip_C_05_CLIP_MK.wav: 2.51
  (28/282) voip_C_05_CHOP_ML.wav: 4.29
  (29/282) voip_C_05_ECHO_FG.wav: 4.26
  (30/282) voip_C_06_CHOP_ML.wav: 4.32
  (31/282) voip_C_05_NOISE_FA.wav: 2.18
  (32/282) voip_C_06_CHOP_FA.wav: 3.43
  (33/282) voip_C_06_COMPSPKR_MK.wav: 4.21
  (34/282) voip_C_06_ECHO_FG.wav: 3.85
  (35/282) voip_C_07_CHOP_FA.wav: 3.99
  (36/282) voip_C_06_NOISE_FA.wav: 2.68
  (37/282) voip_C_07_CHOP_ML.wav: 4.28
  (38/282) voip_C_06_CLIP_MK.wav: 2.83
  (39/282) voip_C_07_NOISE_FA.wav: 2.95
  (40/282) voip_C_07_CLIP_MK.wav: 4.12
  (41/282) voip_C_07_ECHO_FG.wav: 3.76
  (42/282) voip_C_07_COMPSPKR_MK.wav: 2.85
  (43/282) voip_C_08_CHOP_FA.wav: 3.99
  (44/282) voip_C_08_CHOP_ML.wav: 3.74
  (45/282) voip_C_08_COMPSPKR_MK.wav: 3.83
  (46/282) voip_C_08_CLIP_MK.wav: 2.86
  (47/282) voip_C_08_ECHO_FG.wav: 2.14
  (48/282) voip_C_08_NOISE_FA.wav: 2.09
  (49/282) voip_C_09_CHOP_FA.wav: 4.03
  (50/282) voip_C_09_CHOP_ML.wav: 4.47
  (51/282) voip_C_09_CLIP_MK.wav: 4.09
  (52/282) voip_C_09_COMPSPKR_MK.wav: 4.07
  (53/282) voip_C_09_ECHO_FG.wav: 2.07
  (54/282) voip_C_09_NOISE_FA.wav: 2.24
  (55/282) voip_C_10_CHOP_ML.wav: 3.88
  (56/282) voip_C_10_CHOP_FA.wav: 3.74
  (57/282) voip_C_10_COMPSPKR_MK.wav: 2.59
  (58/282) voip_C_10_CLIP_MK.wav: 3.54
  (59/282) voip_C_10_ECHO_FG.wav: 3.71
  (60/282) voip_C_11_CHOP_FA.wav: 4.21
  (61/282) voip_C_10_NOISE_FA.wav: 1.75
  (62/282) voip_C_11_CLIP_MK.wav: 3.96
  (63/282) voip_C_11_CHOP_ML.wav: 4.12
  (64/282) voip_C_11_ECHO_FG.wav: 3.98
  (65/282) voip_C_12_CHOP_ML.wav: 3.57
  (66/282) voip_C_11_COMPSPKR_MK.wav: 4.24
  (67/282) voip_C_11_NOISE_FA.wav: 2.50
  (68/282) voip_C_12_COMPSPKR_MK.wav: 3.22
  (69/282) voip_C_12_CHOP_FA.wav: 4.18
  (70/282) voip_C_12_CLIP_MK.wav: 4.38
  (71/282) voip_C_12_ECHO_FG.wav: 3.38
  (72/282) voip_C_13_CHOP_ML.wav: 4.30
  (73/282) voip_C_12_NOISE_FA.wav: 2.29
  (74/282) voip_C_13_CHOP_FA.wav: 3.19
  (75/282) voip_C_13_CLIP_MK.wav: 4.33
  (76/282) voip_C_13_ECHO_FG.wav: 3.77
  (77/282) voip_C_13_COMPSPKR_MK.wav: 4.01
  (78/282) voip_C_14_CHOP_FA.wav: 4.01
  (79/282) voip_C_13_NOISE_FA.wav: 1.75
  (80/282) voip_C_14_CHOP_ML.wav: 4.06
  (81/282) voip_C_14_CLIP_MK.wav: 2.63
  (82/282) voip_C_14_COMPSPKR_MK.wav: 4.17
  (83/282) voip_C_14_ECHO_FG.wav: 3.73
  (84/282) voip_C_14_NOISE_FA.wav: 2.10
  (85/282) voip_C_15_CHOP_ML.wav: 4.21
  (86/282) voip_C_15_ECHO_MK.wav: 4.29
  (87/282) voip_C_15_CHOP_FA.wav: 3.01
  (88/282) voip_C_16_CHOP_FG.wav: 3.98
  (89/282) voip_C_15_NOISE_MK.wav: 1.64
  (90/282) voip_C_16_NOISE_FA.wav: 2.22
  (91/282) voip_C_16_NOISE_ML.wav: 2.71
  (92/282) voip_C_16_ECHO_FA.wav: 4.01
  (93/282) voip_C_17_ECHO_MK.wav: 3.25
  (94/282) voip_C_17_CHOP_MK.wav: 4.37
  (95/282) voip_C_17_NOISE_FG.wav: 2.54
  (96/282) voip_C_18_CHOP_FA.wav: 3.84
  (97/282) voip_C_18_ECHO_ML.wav: 3.12
  (98/282) voip_C_19_CHOP_MK.wav: 3.77
  (99/282) voip_C_18_NOISE_MK.wav: 1.72
  (100/282) voip_C_18_ECHO_FA.wav: 2.82
  (101/282) voip_C_19_NOISE_FA.wav: 1.20
  (102/282) voip_C_19_ECHO_FG.wav: 2.89
  (103/282) voip_C_20_CHOP_ML.wav: 4.41
  (104/282) voip_C_20_CHOP_FA.wav: 4.04
  (105/282) voip_C_20_NOISE_MK.wav: 2.05
  (106/282) voip_C_20_ECHO_MK.wav: 3.28
  (107/282) voip_C_21_CHOP_FG.wav: 3.59
  (108/282) voip_C_21_NOISE_FA.wav: 3.96
  (109/282) voip_C_22_CHOP_MK.wav: 4.05
  (110/282) voip_C_21_ECHO_FA.wav: 2.92
  (111/282) voip_C_21_NOISE_ML.wav: 4.30
  (112/282) voip_C_22_ECHO_MK.wav: 3.41
  (113/282) voip_C_22_NOISE_FG.wav: 3.98
  (114/282) voip_C_23_CHOP_FA.wav: 3.31
  (115/282) voip_C_23_ECHO_FA.wav: 4.06
  (116/282) voip_C_23_ECHO_ML.wav: 4.01
  (117/282) voip_C_23_NOISE_MK.wav: 4.31
  (118/282) voip_C_24_CHOP_MK.wav: 3.88
  (119/282) voip_C_24_ECHO_FG.wav: 2.24
  (120/282) voip_C_24_NOISE_FA.wav: 1.96
  (121/282) vss_C_01_CLIP_MK.wav: 4.57
  (122/282) vss_C_01_CHOP_FA.wav: 3.68
  (123/282) vss_C_01_CHOP_ML.wav: 4.01
  (124/282) vss_C_01_COMPSPKR_MK.wav: 3.72
  (125/282) vss_C_01_ECHO_FG.wav: 4.23
  (126/282) vss_C_02_CHOP_FA.wav: 4.15
  (127/282) vss_C_02_CHOP_ML.wav: 4.18
  (128/282) vss_C_01_NOISE_FA.wav: 3.46
  (129/282) vss_C_02_COMPSPKR_MK.wav: 3.49
  (130/282) vss_C_02_CLIP_MK.wav: 3.75
  (131/282) vss_C_02_ECHO_FG.wav: 3.71
  (132/282) vss_C_03_CHOP_ML.wav: 4.12
  (133/282) vss_C_02_NOISE_FA.wav: 2.55
  (134/282) vss_C_03_CHOP_FA.wav: 4.13
  (135/282) vss_C_03_COMPSPKR_MK.wav: 2.99
  (136/282) vss_C_03_ECHO_FG.wav: 4.29
  (137/282) vss_C_03_CLIP_MK.wav: 4.37
  (138/282) vss_C_04_CHOP_FA.wav: 3.85
  (139/282) vss_C_04_CHOP_ML.wav: 3.57
  (140/282) vss_C_03_NOISE_FA.wav: 2.51
  (141/282) vss_C_04_COMPSPKR_MK.wav: 3.73
  (142/282) vss_C_04_CLIP_MK.wav: 3.38
  (143/282) vss_C_04_ECHO_FG.wav: 3.26
  (144/282) vss_C_05_CLIP_MK.wav: 3.22
  (145/282) vss_C_04_NOISE_FA.wav: 3.11
  (146/282) vss_C_05_CHOP_ML.wav: 3.63
  (147/282) vss_C_05_CHOP_FA.wav: 3.79
  (148/282) vss_C_05_COMPSPKR_MK.wav: 3.05
  (149/282) vss_C_05_ECHO_FG.wav: 3.07
  (150/282) vss_C_06_CHOP_ML.wav: 3.84
  (151/282) vss_C_05_NOISE_FA.wav: 2.44
  (152/282) vss_C_06_CHOP_FA.wav: 3.11
  (153/282) vss_C_06_ECHO_FG.wav: 4.43
  (154/282) vss_C_06_COMPSPKR_MK.wav: 4.34
  (155/282) vss_C_06_CLIP_MK.wav: 2.88
  (156/282) vss_C_06_NOISE_FA.wav: 3.22
  (157/282) vss_C_07_CHOP_FA.wav: 3.60
  (158/282) vss_C_07_CHOP_ML.wav: 4.30
  (159/282) vss_C_07_ECHO_FG.wav: 2.98
  (160/282) vss_C_07_COMPSPKR_MK.wav: 4.09
  (161/282) vss_C_07_CLIP_MK.wav: 4.19
  (162/282) vss_C_07_NOISE_FA.wav: 3.38
  (163/282) vss_C_08_CHOP_ML.wav: 4.24
  (164/282) vss_C_08_COMPSPKR_MK.wav: 3.96
  (165/282) vss_C_08_CHOP_FA.wav: 3.92
  (166/282) vss_C_08_CLIP_MK.wav: 3.98
  (167/282) vss_C_08_ECHO_FG.wav: 4.21
  (168/282) vss_C_09_CHOP_FA.wav: 4.30
  (169/282) vss_C_08_NOISE_FA.wav: 2.27
  (170/282) vss_C_09_CHOP_ML.wav: 4.40
  (171/282) vss_C_09_COMPSPKR_MK.wav: 3.70
  (172/282) vss_C_09_CLIP_MK.wav: 4.18
  (173/282) vss_C_09_ECHO_FG.wav: 4.08
  (174/282) vss_C_09_NOISE_FA.wav: 2.41
  (175/282) vss_C_10_CHOP_ML.wav: 4.23
  (176/282) vss_C_10_COMPSPKR_MK.wav: 1.89
  (177/282) vss_C_10_CHOP_FA.wav: 2.68
  (178/282) vss_C_10_CLIP_MK.wav: 3.05
  (179/282) vss_C_10_ECHO_FG.wav: 3.98
  (180/282) vss_C_11_CHOP_ML.wav: 4.45
  (181/282) vss_C_11_CHOP_FA.wav: 3.33
  (182/282) vss_C_10_NOISE_FA.wav: 2.47
  (183/282) vss_C_11_CLIP_MK.wav: 4.12
  (184/282) vss_C_11_ECHO_FG.wav: 4.32
  (185/282) vss_C_11_COMPSPKR_MK.wav: 4.33
  (186/282) vss_C_11_NOISE_FA.wav: 2.62
  (187/282) vss_C_12_CHOP_FA.wav: 4.48
  (188/282) vss_C_12_COMPSPKR_MK.wav: 4.31
  (189/282) vss_C_12_CHOP_ML.wav: 3.36
  (190/282) vss_C_12_ECHO_FG.wav: 3.09
  (191/282) vss_C_12_NOISE_FA.wav: 2.86
  (192/282) vss_C_12_CLIP_MK.wav: 3.68
  (193/282) vss_C_13_CLIP_MK.wav: 3.76
  (194/282) vss_C_13_CHOP_FA.wav: 4.08
  (195/282) vss_C_13_CHOP_ML.wav: 4.27
  (196/282) vss_C_13_ECHO_FG.wav: 4.12
  (197/282) vss_C_14_CHOP_ML.wav: 4.05
  (198/282) vss_C_13_COMPSPKR_MK.wav: 4.05
  (199/282) vss_C_14_CHOP_FA.wav: 4.05
  (200/282) vss_C_14_CLIP_MK.wav: 4.03
  (201/282) vss_C_13_NOISE_FA.wav: 2.17
  (202/282) vss_C_15_CHOP_FA.wav: 4.39
  (203/282) vss_C_14_ECHO_FG.wav: 2.87
  (204/282) vss_C_14_COMPSPKR_MK.wav: 3.50
  (205/282) vss_C_15_CHOP_ML.wav: 4.43
  (206/282) vss_C_15_ECHO_MK.wav: 4.48
  (207/282) vss_C_14_NOISE_FA.wav: 2.39
  (208/282) vss_C_16_CHOP_FG.wav: 3.70
  (209/282) vss_C_16_NOISE_FA.wav: 2.74
  (210/282) vss_C_15_NOISE_MK.wav: 1.64
  (211/282) vss_C_16_ECHO_FA.wav: 4.19
  (212/282) vss_C_16_NOISE_ML.wav: 3.94
  (213/282) vss_C_17_CHOP_MK.wav: 4.46
  (214/282) vss_C_17_ECHO_MK.wav: 3.61
  (215/282) vss_C_17_NOISE_FG.wav: 2.74
  (216/282) vss_C_18_CHOP_FA.wav: 3.80
  (217/282) vss_C_18_ECHO_ML.wav: 4.51
  (218/282) vss_C_19_ECHO_FG.wav: 4.26
  (219/282) vss_C_18_ECHO_FA.wav: 4.52
  (220/282) vss_C_19_CHOP_MK.wav: 4.04
  (221/282) vss_C_20_NOISE_MK.wav: 2.66
  (222/282) vss_C_20_CHOP_FA.wav: 4.16
  (223/282) vss_C_18_NOISE_MK.wav: 1.85
  (224/282) vss_C_19_NOISE_FA.wav: 1.00
  (225/282) vss_C_20_CHOP_ML.wav: 4.10
  (226/282) vss_C_21_CHOP_FG.wav: 3.28
  (227/282) vss_C_20_ECHO_MK.wav: 4.34
  (228/282) vss_C_21_ECHO_FA.wav: 4.25
  (229/282) vss_C_21_NOISE_ML.wav: 3.61
  (230/282) vss_C_21_NOISE_FA.wav: 4.17
  (231/282) vss_C_22_CHOP_MK.wav: 3.13
  (232/282) vss_C_22_ECHO_MK.wav: 3.56
  (233/282) vss_C_22_NOISE_FG.wav: 3.17
  (234/282) vss_C_23_CHOP_FA.wav: 3.39
  (235/282) vss_C_23_ECHO_ML.wav: 4.25
  (236/282) vss_C_23_ECHO_FA.wav: 3.55
  (237/282) vss_C_23_NOISE_MK.wav: 3.80
  (238/282) vss_C_24_CHOP_MK.wav: 3.51
  (239/282) vss_C_24_ECHO_FG.wav: 3.80
  (240/282) vss_C_24_NOISE_FA.wav: 2.53
  (241/282) music_low_12-German-male-speech.441.16b48k.wav: 3.21
  (242/282) music_low_4-Sound-English-male.441.16b48k.wav: 3.05
  (243/282) music_low_24-Greensleeves-Korean-male-speech.441.16b48k.wav: 3.27
  (244/282) music_low_Can't Wait Until Tonight (Dry Wurlitzer Mix).16b48k.wav: 3.23
  (245/282) music_low_Girl_In_The_Fire__Sample_.16b48k.wav: 3.27
  (246/282) music_low_Shinsho_pool_3min45_4min4.16b48k.wav: 4.34
  (247/282) music_low_Only Time.16b48k.wav: 3.14
  (248/282) music_low_Hotel California.16b48k.wav: 3.26
  (249/282) music_low_Through The Fire And Flames.16b48k.wav: 3.20
  (250/282) music_low_girl.16b48k.wav: 2.73
  (251/282) music_low_clapton_44k.16b48k.wav: 2.96
  (252/282) music_low_With Love (Outro).16b48k.wav: 3.42
  (253/282) music_low_lob.wav: 3.18
  (254/282) music_std_12-German-male-speech.441.16b48k.wav: 4.35
  (255/282) music_low_sandman.16b48k.wav: 3.62
  (256/282) music_std_24-Greensleeves-Korean-male-speech.441.16b48k.wav: 3.99
  (257/282) music_std_4-Sound-English-male.441.16b48k.wav: 4.23
  (258/282) music_std_Girl_In_The_Fire__Sample_.16b48k.wav: 4.09
  (259/282) music_std_Can't Wait Until Tonight (Dry Wurlitzer Mix).16b48k.wav: 4.33
  (260/282) music_std_Hotel California.16b48k.wav: 4.34
  (261/282) music_std_Shinsho_pool_3min45_4min4.16b48k.wav: 4.36
  (262/282) music_std_Through The Fire And Flames.16b48k.wav: 4.46
  (263/282) music_std_Only Time.16b48k.wav: 4.08
  (264/282) music_std_clapton_44k.16b48k.wav: 4.38
  (265/282) music_std_With Love (Outro).16b48k.wav: 4.32
  (266/282) music_std_lob.wav: 3.88
  (267/282) music_std_sandman.16b48k.wav: 4.44
  (268/282) music_std_girl.16b48k.wav: 3.65
  (269/282) music_high_12-German-male-speech.441.16b48k.wav: 4.33
  (270/282) music_high_24-Greensleeves-Korean-male-speech.441.16b48k.wav: 3.99
  (271/282) music_high_4-Sound-English-male.441.16b48k.wav: 4.25
  (272/282) music_high_Can't Wait Until Tonight (Dry Wurlitzer Mix).16b48k.wav: 4.34
  (273/282) music_high_Girl_In_The_Fire__Sample_.16b48k.wav: 4.10
  (274/282) music_high_Only Time.16b48k.wav: 4.09
  (275/282) music_high_Hotel California.16b48k.wav: 4.34
  (276/282) music_high_Shinsho_pool_3min45_4min4.16b48k.wav: 4.35
  (277/282) music_high_Through The Fire And Flames.16b48k.wav: 4.46
  (278/282) music_high_clapton_44k.16b48k.wav: 4.37
  (279/282) music_high_With Love (Outro).16b48k.wav: 4.32
  (280/282) music_high_girl.16b48k.wav: 3.66
  (281/282) music_high_lob.wav: 3.91
  (282/282) music_high_sandman.16b48k.wav: 4.44
Phase 2 (MOS) complete.
>>> Phase 1: Encoding and Basic Metrics
>>> Phase 2: Perceptual Quality (MOS)
Found local visqol binary at: /opt/visqol/bazel-bin/visqol
Using local ViSQOL installation...
>>> Benchmark complete.
Starting Phase 1 (Encoding) for d110_c060...
Parallelizing across 4 threads.
  [Scenario: voip] Processing 120 samples (coverage 30%)...
    (1/120) C_01_CLIP_MK.wav done.
    (2/120) C_01_COMPSPKR_MK.wav done.
    (3/120) C_01_CHOP_FA.wav done.
    (4/120) C_02_CHOP_FA.wav done.
    (5/120) C_01_ECHO_FG.wav done.
    (6/120) C_01_NOISE_FA.wav done.
    (7/120) C_01_CHOP_ML.wav done.
    (8/120) C_02_CLIP_MK.wav done.
    (9/120) C_02_COMPSPKR_MK.wav done.
    (10/120) C_02_CHOP_ML.wav done.
    (11/120) C_03_CHOP_ML.wav done.
    (12/120) C_03_CHOP_FA.wav done.
    (13/120) C_02_NOISE_FA.wav done.
    (14/120) C_02_ECHO_FG.wav done.
    (15/120) C_03_CLIP_MK.wav done.
    (16/120) C_03_ECHO_FG.wav done.
    (17/120) C_03_COMPSPKR_MK.wav done.
    (18/120) C_04_CLIP_MK.wav done.
    (19/120) C_04_CHOP_ML.wav done.
    (20/120) C_04_CHOP_FA.wav done.
    (21/120) C_03_NOISE_FA.wav done.
    (22/120) C_04_COMPSPKR_MK.wav done.
    (23/120) C_04_ECHO_FG.wav done.
    (24/120) C_04_NOISE_FA.wav done.
    (25/120) C_05_CHOP_ML.wav done.
    (26/120) C_05_COMPSPKR_MK.wav done.
    (27/120) C_05_CLIP_MK.wav done.
    (28/120) C_05_CHOP_FA.wav done.
    (29/120) C_05_ECHO_FG.wav done.
    (30/120) C_06_CHOP_FA.wav done.
    (31/120) C_05_NOISE_FA.wav done.
    (32/120) C_06_ECHO_FG.wav done.
    (33/120) C_06_CLIP_MK.wav done.
    (34/120) C_06_COMPSPKR_MK.wav done.
    (35/120) C_06_CHOP_ML.wav done.
    (36/120) C_07_CHOP_FA.wav done.
    (37/120) C_07_CHOP_ML.wav done.
    (38/120) C_06_NOISE_FA.wav done.
    (39/120) C_07_COMPSPKR_MK.wav done.
    (40/120) C_07_ECHO_FG.wav done.
    (41/120) C_07_NOISE_FA.wav done.
    (42/120) C_07_CLIP_MK.wav done.
    (43/120) C_08_CHOP_ML.wav done.
    (44/120) C_08_CHOP_FA.wav done.
    (45/120) C_08_CLIP_MK.wav done.
    (46/120) C_09_CHOP_FA.wav done.
    (47/120) C_08_ECHO_FG.wav done.
    (48/120) C_08_NOISE_FA.wav done.
    (49/120) C_08_COMPSPKR_MK.wav done.
    (50/120) C_09_CHOP_ML.wav done.
    (51/120) C_09_CLIP_MK.wav done.
    (52/120) C_09_COMPSPKR_MK.wav done.
    (53/120) C_10_CHOP_ML.wav done.
    (54/120) C_10_CHOP_FA.wav done.
    (55/120) C_09_NOISE_FA.wav done.
    (56/120) C_09_ECHO_FG.wav done.
    (57/120) C_10_CLIP_MK.wav done.
    (58/120) C_10_COMPSPKR_MK.wav done.
    (59/120) C_10_ECHO_FG.wav done.
    (60/120) C_11_CHOP_FA.wav done.
    (61/120) C_11_CHOP_ML.wav done.
    (62/120) C_11_CLIP_MK.wav done.
    (63/120) C_10_NOISE_FA.wav done.
    (64/120) C_11_ECHO_FG.wav done.
    (65/120) C_11_NOISE_FA.wav done.
    (66/120) C_11_COMPSPKR_MK.wav done.
    (67/120) C_12_CLIP_MK.wav done.
    (68/120) C_12_COMPSPKR_MK.wav done.
    (69/120) C_12_CHOP_ML.wav done.
    (70/120) C_12_CHOP_FA.wav done.
    (71/120) C_13_CHOP_FA.wav done.
    (72/120) C_12_ECHO_FG.wav done.
    (73/120) C_12_NOISE_FA.wav done.
    (74/120) C_13_ECHO_FG.wav done.
    (75/120) C_13_CLIP_MK.wav done.
    (76/120) C_13_COMPSPKR_MK.wav done.
    (77/120) C_13_CHOP_ML.wav done.
    (78/120) C_14_CHOP_FA.wav done.
    (79/120) C_13_NOISE_FA.wav done.
    (80/120) C_14_CHOP_ML.wav done.
    (81/120) C_14_NOISE_FA.wav done.
    (82/120) C_14_COMPSPKR_MK.wav done.
    (83/120) C_14_ECHO_FG.wav done.
    (84/120) C_14_CLIP_MK.wav done.
    (85/120) C_15_CHOP_FA.wav done.
    (86/120) C_15_CHOP_ML.wav done.
    (87/120) C_15_ECHO_MK.wav done.
    (88/120) C_16_CHOP_FG.wav done.
    (89/120) C_16_ECHO_FA.wav done.
    (90/120) C_16_NOISE_FA.wav done.
    (91/120) C_15_NOISE_MK.wav done.
    (92/120) C_16_NOISE_ML.wav done.
    (93/120) C_17_ECHO_MK.wav done.
    (94/120) C_17_CHOP_MK.wav done.
    (95/120) C_18_CHOP_FA.wav done.
    (96/120) C_18_ECHO_FA.wav done.
    (97/120) C_18_ECHO_ML.wav done.
    (98/120) C_17_NOISE_FG.wav done.
    (99/120) C_18_NOISE_MK.wav done.
    (100/120) C_19_ECHO_FG.wav done.
    (101/120) C_19_CHOP_MK.wav done.
    (102/120) C_20_CHOP_FA.wav done.
    (103/120) C_20_CHOP_ML.wav done.
    (104/120) C_20_ECHO_MK.wav done.
    (105/120) C_19_NOISE_FA.wav done.
    (106/120) C_20_NOISE_MK.wav done.
    (107/120) C_21_CHOP_FG.wav done.
    (108/120) C_21_ECHO_FA.wav done.
    (109/120) C_22_ECHO_MK.wav done.
    (110/120) C_21_NOISE_ML.wav done.
    (111/120) C_22_CHOP_MK.wav done.
    (112/120) C_21_NOISE_FA.wav done.
    (113/120) C_23_CHOP_FA.wav done.
    (114/120) C_23_ECHO_FA.wav done.
    (115/120) C_22_NOISE_FG.wav done.
    (116/120) C_24_CHOP_MK.wav done.
    (117/120) C_23_NOISE_MK.wav done.
    (118/120) C_24_ECHO_FG.wav done.
    (119/120) C_23_ECHO_ML.wav done.
    (120/120) C_24_NOISE_FA.wav done.
  [Scenario: vss] Processing 120 samples (coverage 30%)...
    (1/120) C_01_COMPSPKR_MK.wav done.
    (2/120) C_01_CHOP_ML.wav done.
    (3/120) C_01_CLIP_MK.wav done.
    (4/120) C_02_CHOP_FA.wav done.
    (5/120) C_01_ECHO_FG.wav done.
    (6/120) C_01_NOISE_FA.wav done.
    (7/120) C_01_CHOP_FA.wav done.
    (8/120) C_02_CHOP_ML.wav done.
    (9/120) C_02_CLIP_MK.wav done.
    (10/120) C_02_COMPSPKR_MK.wav done.
    (11/120) C_03_CHOP_FA.wav done.
    (12/120) C_02_NOISE_FA.wav done.
    (13/120) C_03_CHOP_ML.wav done.
    (14/120) C_02_ECHO_FG.wav done.
    (15/120) C_03_CLIP_MK.wav done.
    (16/120) C_03_COMPSPKR_MK.wav done.
    (17/120) C_03_ECHO_FG.wav done.
    (18/120) C_04_CLIP_MK.wav done.
    (19/120) C_04_CHOP_FA.wav done.
    (20/120) C_04_CHOP_ML.wav done.
    (21/120) C_03_NOISE_FA.wav done.
    (22/120) C_04_ECHO_FG.wav done.
    (23/120) C_04_COMPSPKR_MK.wav done.
    (24/120) C_04_NOISE_FA.wav done.
    (25/120) C_05_CHOP_ML.wav done.
    (26/120) C_05_CLIP_MK.wav done.
    (27/120) C_05_COMPSPKR_MK.wav done.
    (28/120) C_05_CHOP_FA.wav done.
    (29/120) C_05_ECHO_FG.wav done.
    (30/120) C_06_CHOP_FA.wav done.
    (31/120) C_05_NOISE_FA.wav done.
    (32/120) C_06_ECHO_FG.wav done.
    (33/120) C_06_COMPSPKR_MK.wav done.
    (34/120) C_06_CLIP_MK.wav done.
    (35/120) C_06_CHOP_ML.wav done.
    (36/120) C_07_CHOP_FA.wav done.
    (37/120) C_06_NOISE_FA.wav done.
    (38/120) C_07_CHOP_ML.wav done.
    (39/120) C_07_ECHO_FG.wav done.
    (40/120) C_07_COMPSPKR_MK.wav done.
    (41/120) C_07_NOISE_FA.wav done.
    (42/120) C_07_CLIP_MK.wav done.
    (43/120) C_08_CLIP_MK.wav done.
    (44/120) C_08_CHOP_FA.wav done.
    (45/120) C_08_CHOP_ML.wav done.
    (46/120) C_09_CHOP_FA.wav done.
    (47/120) C_08_ECHO_FG.wav done.
    (48/120) C_08_NOISE_FA.wav done.
    (49/120) C_08_COMPSPKR_MK.wav done.
    (50/120) C_09_COMPSPKR_MK.wav done.
    (51/120) C_09_CHOP_ML.wav done.
    (52/120) C_09_CLIP_MK.wav done.
    (53/120) C_10_CHOP_FA.wav done.
    (54/120) C_09_NOISE_FA.wav done.
    (55/120) C_10_CHOP_ML.wav done.
    (56/120) C_09_ECHO_FG.wav done.
    (57/120) C_10_CLIP_MK.wav done.
    (58/120) C_10_COMPSPKR_MK.wav done.
    (59/120) C_10_ECHO_FG.wav done.
    (60/120) C_11_CLIP_MK.wav done.
    (61/120) C_11_CHOP_FA.wav done.
    (62/120) C_11_CHOP_ML.wav done.
    (63/120) C_10_NOISE_FA.wav done.
    (64/120) C_11_ECHO_FG.wav done.
    (65/120) C_11_NOISE_FA.wav done.
    (66/120) C_11_COMPSPKR_MK.wav done.
    (67/120) C_12_CLIP_MK.wav done.
    (68/120) C_12_CHOP_ML.wav done.
    (69/120) C_12_COMPSPKR_MK.wav done.
    (70/120) C_12_CHOP_FA.wav done.
    (71/120) C_12_ECHO_FG.wav done.
    (72/120) C_12_NOISE_FA.wav done.
    (73/120) C_13_CHOP_FA.wav done.
    (74/120) C_13_ECHO_FG.wav done.
    (75/120) C_13_CLIP_MK.wav done.
    (76/120) C_13_COMPSPKR_MK.wav done.
    (77/120) C_13_CHOP_ML.wav done.
    (78/120) C_13_NOISE_FA.wav done.
    (79/120) C_14_CHOP_ML.wav done.
    (80/120) C_14_CHOP_FA.wav done.
    (81/120) C_14_NOISE_FA.wav done.
    (82/120) C_14_ECHO_FG.wav done.
    (83/120) C_14_COMPSPKR_MK.wav done.
    (84/120) C_14_CLIP_MK.wav done.
    (85/120) C_15_ECHO_MK.wav done.
    (86/120) C_15_CHOP_ML.wav done.
    (87/120) C_15_CHOP_FA.wav done.
    (88/120) C_16_NOISE_FA.wav done.
    (89/120) C_16_ECHO_FA.wav done.
    (90/120) C_16_CHOP_FG.wav done.
    (91/120) C_15_NOISE_MK.wav done.
    (92/120) C_17_ECHO_MK.wav done.
    (93/120) C_16_NOISE_ML.wav done.
    (94/120) C_17_CHOP_MK.wav done.
    (95/120) C_18_CHOP_FA.wav done.
    (96/120) C_18_ECHO_FA.wav done.
    (97/120) C_18_ECHO_ML.wav done.
    (98/120) C_17_NOISE_FG.wav done.
    (99/120) C_18_NOISE_MK.wav done.
    (100/120) C_19_ECHO_FG.wav done.
    (101/120) C_19_CHOP_MK.wav done.
    (102/120) C_20_CHOP_ML.wav done.
    (103/120) C_20_ECHO_MK.wav done.
    (104/120) C_20_CHOP_FA.wav done.
    (105/120) C_19_NOISE_FA.wav done.
    (106/120) C_20_NOISE_MK.wav done.
    (107/120) C_21_ECHO_FA.wav done.
    (108/120) C_21_CHOP_FG.wav done.
    (109/120) C_22_ECHO_MK.wav done.
    (110/120) C_21_NOISE_ML.wav done.
    (111/120) C_22_CHOP_MK.wav done.
    (112/120) C_21_NOISE_FA.wav done.
    (113/120) C_22_NOISE_FG.wav done.
    (114/120) C_23_CHOP_FA.wav done.
    (115/120) C_23_ECHO_FA.wav done.
    (116/120) C_24_CHOP_MK.wav done.
    (117/120) C_24_ECHO_FG.wav done.
    (118/120) C_23_NOISE_MK.wav done.
    (119/120) C_23_ECHO_ML.wav done.
    (120/120) C_24_NOISE_FA.wav done.
  [Scenario: music_low] Processing 14 samples (coverage 30%)...
    (1/14) 12-German-male-speech.441.16b48k.wav done.
    (2/14) 24-Greensleeves-Korean-male-speech.441.16b48k.wav done.
    (3/14) Can't Wait Until Tonight (Dry Wurlitzer Mix).16b48k.wav done.
    (4/14) Girl_In_The_Fire__Sample_.16b48k.wav done.
    (5/14) Hotel California.16b48k.wav done.
    (6/14) Only Time.16b48k.wav done.
    (7/14) 4-Sound-English-male.441.16b48k.wav done.
    (8/14) Shinsho_pool_3min45_4min4.16b48k.wav done.
    (9/14) Through The Fire And Flames.16b48k.wav done.
    (10/14) With Love (Outro).16b48k.wav done.
    (11/14) girl.16b48k.wav done.
    (12/14) lob.wav done.
    (13/14) sandman.16b48k.wav done.
    (14/14) clapton_44k.16b48k.wav done.
  [Scenario: music_std] Processing 14 samples (coverage 30%)...
    (1/14) 4-Sound-English-male.441.16b48k.wav done.
    (2/14) 24-Greensleeves-Korean-male-speech.441.16b48k.wav done.
    (3/14) Can't Wait Until Tonight (Dry Wurlitzer Mix).16b48k.wav done.
    (4/14) Hotel California.16b48k.wav done.
    (5/14) Girl_In_The_Fire__Sample_.16b48k.wav done.
    (6/14) Only Time.16b48k.wav done.
    (7/14) 12-German-male-speech.441.16b48k.wav done.
    (8/14) Shinsho_pool_3min45_4min4.16b48k.wav done.
    (9/14) Through The Fire And Flames.16b48k.wav done.
    (10/14) With Love (Outro).16b48k.wav done.
    (11/14) lob.wav done.
    (12/14) girl.16b48k.wav done.
    (13/14) sandman.16b48k.wav done.
    (14/14) clapton_44k.16b48k.wav done.
  [Scenario: music_high] Processing 14 samples (coverage 30%)...
    (1/14) 12-German-male-speech.441.16b48k.wav done.
    (2/14) 4-Sound-English-male.441.16b48k.wav done.
    (3/14) Can't Wait Until Tonight (Dry Wurlitzer Mix).16b48k.wav done.
    (4/14) Girl_In_The_Fire__Sample_.16b48k.wav done.
    (5/14) Only Time.16b48k.wav done.
    (6/14) Hotel California.16b48k.wav done.
    (7/14) 24-Greensleeves-Korean-male-speech.441.16b48k.wav done.
    (8/14) Shinsho_pool_3min45_4min4.16b48k.wav done.
    (9/14) Through The Fire And Flames.16b48k.wav done.
    (10/14) With Love (Outro).16b48k.wav done.
    (11/14) girl.16b48k.wav done.
    (12/14) lob.wav done.
    (13/14) sandman.16b48k.wav done.
    (14/14) clapton_44k.16b48k.wav done.
Measuring throughput for d110_c060...
  Benchmarking throughput with noise.wav...
  Benchmarking throughput with silence.wav...
  Benchmarking throughput with sine.wav...
  Benchmarking throughput with sweep.wav...
Computing MOS for 282 samples using local ViSQOL (Binary, 4 cores)...
  (1/282) voip_C_01_COMPSPKR_MK.wav: 3.69
  (2/282) voip_C_01_CLIP_MK.wav: 4.31
  (3/282) voip_C_02_CHOP_FA.wav: 3.44
  (4/282) voip_C_01_CHOP_FA.wav: 4.10
  (5/282) voip_C_01_ECHO_FG.wav: 3.87
  (6/282) voip_C_01_CHOP_ML.wav: 3.98
  (7/282) voip_C_01_NOISE_FA.wav: 3.84
  (8/282) voip_C_02_CLIP_MK.wav: 3.87
  (9/282) voip_C_02_COMPSPKR_MK.wav: 3.57
  (10/282) voip_C_03_CHOP_ML.wav: 4.15
  (11/282) voip_C_02_CHOP_ML.wav: 4.20
  (12/282) voip_C_03_CHOP_FA.wav: 2.18
  (13/282) voip_C_02_ECHO_FG.wav: 3.75
  (14/282) voip_C_02_NOISE_FA.wav: 2.57
  (15/282) voip_C_03_CLIP_MK.wav: 3.15
  (16/282) voip_C_03_COMPSPKR_MK.wav: 4.01
  (17/282) voip_C_03_ECHO_FG.wav: 4.20
  (18/282) voip_C_04_CLIP_MK.wav: 3.29
  (19/282) voip_C_04_CHOP_ML.wav: 3.58
  (20/282) voip_C_04_CHOP_FA.wav: 3.43
  (21/282) voip_C_03_NOISE_FA.wav: 2.00
  (22/282) voip_C_04_COMPSPKR_MK.wav: 3.73
  (23/282) voip_C_04_ECHO_FG.wav: 3.82
  (24/282) voip_C_04_NOISE_FA.wav: 2.76
  (25/282) voip_C_05_CHOP_ML.wav: 4.29
  (26/282) voip_C_05_COMPSPKR_MK.wav: 4.18
  (27/282) voip_C_05_CLIP_MK.wav: 2.51
  (28/282) voip_C_05_CHOP_FA.wav: 3.50
  (29/282) voip_C_05_ECHO_FG.wav: 4.26
  (30/282) voip_C_06_CHOP_FA.wav: 3.43
  (31/282) voip_C_06_ECHO_FG.wav: 3.85
  (32/282) voip_C_05_NOISE_FA.wav: 2.27
  (33/282) voip_C_06_CLIP_MK.wav: 2.83
  (34/282) voip_C_06_COMPSPKR_MK.wav: 4.21
  (35/282) voip_C_06_CHOP_ML.wav: 4.32
  (36/282) voip_C_07_CHOP_ML.wav: 4.28
  (37/282) voip_C_07_CHOP_FA.wav: 3.99
  (38/282) voip_C_07_COMPSPKR_MK.wav: 2.85
  (39/282) voip_C_06_NOISE_FA.wav: 2.68
  (40/282) voip_C_07_NOISE_FA.wav: 2.95
  (41/282) voip_C_07_ECHO_FG.wav: 3.76
  (42/282) voip_C_08_CHOP_ML.wav: 3.74
  (43/282) voip_C_07_CLIP_MK.wav: 4.12
  (44/282) voip_C_08_CLIP_MK.wav: 2.86
  (45/282) voip_C_08_CHOP_FA.wav: 3.99
  (46/282) voip_C_09_CHOP_FA.wav: 4.03
  (47/282) voip_C_08_ECHO_FG.wav: 2.14
  (48/282) voip_C_08_COMPSPKR_MK.wav: 3.83
  (49/282) voip_C_09_CHOP_ML.wav: 4.47
  (50/282) voip_C_08_NOISE_FA.wav: 2.09
  (51/282) voip_C_10_CHOP_ML.wav: 3.88
  (52/282) voip_C_09_COMPSPKR_MK.wav: 4.07
  (53/282) voip_C_09_CLIP_MK.wav: 4.09
  (54/282) voip_C_10_CHOP_FA.wav: 3.74
  (55/282) voip_C_09_NOISE_FA.wav: 2.24
  (56/282) voip_C_09_ECHO_FG.wav: 2.07
  (57/282) voip_C_10_CLIP_MK.wav: 3.54
  (58/282) voip_C_10_COMPSPKR_MK.wav: 2.59
  (59/282) voip_C_10_ECHO_FG.wav: 3.71
  (60/282) voip_C_11_CHOP_ML.wav: 4.12
  (61/282) voip_C_11_CLIP_MK.wav: 3.96
  (62/282) voip_C_11_CHOP_FA.wav: 4.21
  (63/282) voip_C_11_ECHO_FG.wav: 3.98
  (64/282) voip_C_10_NOISE_FA.wav: 1.75
  (65/282) voip_C_11_COMPSPKR_MK.wav: 4.24
  (66/282) voip_C_11_NOISE_FA.wav: 2.50
  (67/282) voip_C_12_CLIP_MK.wav: 4.38
  (68/282) voip_C_12_CHOP_ML.wav: 3.57
  (69/282) voip_C_12_COMPSPKR_MK.wav: 3.22
  (70/282) voip_C_12_CHOP_FA.wav: 4.18
  (71/282) voip_C_12_ECHO_FG.wav: 3.38
  (72/282) voip_C_13_CHOP_FA.wav: 3.19
  (73/282) voip_C_12_NOISE_FA.wav: 2.40
  (74/282) voip_C_13_ECHO_FG.wav: 3.77
  (75/282) voip_C_13_CLIP_MK.wav: 4.33
  (76/282) voip_C_13_CHOP_ML.wav: 4.30
  (77/282) voip_C_13_COMPSPKR_MK.wav: 4.01
  (78/282) voip_C_14_CHOP_FA.wav: 4.01
  (79/282) voip_C_14_CHOP_ML.wav: 4.06
  (80/282) voip_C_13_NOISE_FA.wav: 1.75
  (81/282) voip_C_14_COMPSPKR_MK.wav: 4.17
  (82/282) voip_C_14_NOISE_FA.wav: 2.10
  (83/282) voip_C_14_ECHO_FG.wav: 1.11
  (84/282) voip_C_15_CHOP_ML.wav: 4.21
  (85/282) voip_C_15_CHOP_FA.wav: 3.01
  (86/282) voip_C_14_CLIP_MK.wav: 2.63
  (87/282) voip_C_15_ECHO_MK.wav: 4.29
  (88/282) voip_C_16_CHOP_FG.wav: 3.98
  (89/282) voip_C_15_NOISE_MK.wav: 1.64
  (90/282) voip_C_16_ECHO_FA.wav: 4.01
  (91/282) voip_C_16_NOISE_FA.wav: 2.22
  (92/282) voip_C_16_NOISE_ML.wav: 2.71
  (93/282) voip_C_17_CHOP_MK.wav: 4.37
  (94/282) voip_C_17_ECHO_MK.wav: 3.25
  (95/282) voip_C_18_CHOP_FA.wav: 3.03
  (96/282) voip_C_18_ECHO_FA.wav: 2.82
  (97/282) voip_C_18_ECHO_ML.wav: 3.12
  (98/282) voip_C_17_NOISE_FG.wav: 2.54
  (99/282) voip_C_19_ECHO_FG.wav: 2.89
  (100/282) voip_C_18_NOISE_MK.wav: 1.72
  (101/282) voip_C_19_CHOP_MK.wav: 3.77
  (102/282) voip_C_20_CHOP_FA.wav: 4.04
  (103/282) voip_C_20_CHOP_ML.wav: 4.41
  (104/282) voip_C_20_ECHO_MK.wav: 3.28
  (105/282) voip_C_19_NOISE_FA.wav: 1.12
  (106/282) voip_C_20_NOISE_MK.wav: 2.05
  (107/282) voip_C_21_CHOP_FG.wav: 3.59
  (108/282) voip_C_21_ECHO_FA.wav: 2.92
  (109/282) voip_C_22_ECHO_MK.wav: 3.41
  (110/282) voip_C_21_NOISE_ML.wav: 4.30
  (111/282) voip_C_22_CHOP_MK.wav: 4.05
  (112/282) voip_C_21_NOISE_FA.wav: 3.96
  (113/282) voip_C_23_CHOP_FA.wav: 3.31
  (114/282) voip_C_22_NOISE_FG.wav: 3.98
  (115/282) voip_C_23_ECHO_FA.wav: 4.06
  (116/282) voip_C_24_CHOP_MK.wav: 3.88
  (117/282) voip_C_23_ECHO_ML.wav: 3.79
  (118/282) voip_C_24_ECHO_FG.wav: 2.24
  (119/282) voip_C_23_NOISE_MK.wav: 3.05
  (120/282) vss_C_01_CHOP_ML.wav: 4.01
  (121/282) vss_C_01_CLIP_MK.wav: 4.57
  (122/282) vss_C_01_COMPSPKR_MK.wav: 3.72
  (123/282) voip_C_24_NOISE_FA.wav: 1.96
  (124/282) vss_C_01_ECHO_FG.wav: 3.28
  (125/282) vss_C_02_CHOP_FA.wav: 4.15
  (126/282) vss_C_01_CHOP_FA.wav: 3.68
  (127/282) vss_C_01_NOISE_FA.wav: 3.46
  (128/282) vss_C_02_CHOP_ML.wav: 4.18
  (129/282) vss_C_02_CLIP_MK.wav: 3.75
  (130/282) vss_C_02_COMPSPKR_MK.wav: 3.49
  (131/282) vss_C_03_CHOP_FA.wav: 4.13
  (132/282) vss_C_02_NOISE_FA.wav: 2.55
  (133/282) vss_C_03_CHOP_ML.wav: 3.95
  (134/282) vss_C_02_ECHO_FG.wav: 3.71
  (135/282) vss_C_03_COMPSPKR_MK.wav: 2.99
  (136/282) vss_C_03_ECHO_FG.wav: 4.29
  (137/282) vss_C_03_CLIP_MK.wav: 4.37
  (138/282) vss_C_04_CLIP_MK.wav: 3.38
  (139/282) vss_C_04_CHOP_ML.wav: 3.57
  (140/282) vss_C_04_CHOP_FA.wav: 3.85
  (141/282) vss_C_03_NOISE_FA.wav: 2.51
  (142/282) vss_C_04_COMPSPKR_MK.wav: 3.73
  (143/282) vss_C_04_ECHO_FG.wav: 3.26
  (144/282) vss_C_04_NOISE_FA.wav: 3.11
  (145/282) vss_C_05_CHOP_ML.wav: 3.63
  (146/282) vss_C_05_COMPSPKR_MK.wav: 2.85
  (147/282) vss_C_05_CLIP_MK.wav: 3.22
  (148/282) vss_C_05_ECHO_FG.wav: 3.07
  (149/282) vss_C_05_CHOP_FA.wav: 3.79
  (150/282) vss_C_06_CHOP_FA.wav: 3.11
  (151/282) vss_C_06_ECHO_FG.wav: 4.43
  (152/282) vss_C_06_COMPSPKR_MK.wav: 4.34
  (153/282) vss_C_05_NOISE_FA.wav: 2.44
  (154/282) vss_C_06_CHOP_ML.wav: 3.46
  (155/282) vss_C_07_CHOP_FA.wav: 3.60
  (156/282) vss_C_06_CLIP_MK.wav: 2.88
  (157/282) vss_C_06_NOISE_FA.wav: 3.22
  (158/282) vss_C_07_CHOP_ML.wav: 4.30
  (159/282) vss_C_07_ECHO_FG.wav: 2.98
  (160/282) vss_C_07_NOISE_FA.wav: 3.38
  (161/282) vss_C_07_COMPSPKR_MK.wav: 4.09
  (162/282) vss_C_07_CLIP_MK.wav: 4.19
  (163/282) vss_C_08_CHOP_ML.wav: 4.24
  (164/282) vss_C_08_CLIP_MK.wav: 3.98
  (165/282) vss_C_08_CHOP_FA.wav: 3.92
  (166/282) vss_C_09_CHOP_FA.wav: 4.30
  (167/282) vss_C_08_NOISE_FA.wav: 2.27
  (168/282) vss_C_08_ECHO_FG.wav: 4.21
  (169/282) vss_C_08_COMPSPKR_MK.wav: 3.96
  (170/282) vss_C_09_COMPSPKR_MK.wav: 3.70
  (171/282) vss_C_09_CHOP_ML.wav: 4.40
  (172/282) vss_C_09_NOISE_FA.wav: 2.41
  (173/282) vss_C_10_CHOP_FA.wav: 2.68
  (174/282) vss_C_09_CLIP_MK.wav: 3.05
  (175/282) vss_C_10_CHOP_ML.wav: 4.23
  (176/282) vss_C_09_ECHO_FG.wav: 4.08
  (177/282) vss_C_10_CLIP_MK.wav: 3.05
  (178/282) vss_C_10_COMPSPKR_MK.wav: 1.89
  (179/282) vss_C_10_ECHO_FG.wav: 3.98
  (180/282) vss_C_11_CLIP_MK.wav: 4.12
  (181/282) vss_C_11_CHOP_ML.wav: 4.45
  (182/282) vss_C_11_CHOP_FA.wav: 3.33
  (183/282) vss_C_10_NOISE_FA.wav: 2.47
  (184/282) vss_C_11_ECHO_FG.wav: 4.32
  (185/282) vss_C_11_COMPSPKR_MK.wav: 4.33
  (186/282) vss_C_11_NOISE_FA.wav: 2.62
  (187/282) vss_C_12_CHOP_ML.wav: 3.36
  (188/282) vss_C_12_CLIP_MK.wav: 3.68
  (189/282) vss_C_12_COMPSPKR_MK.wav: 4.31
  (190/282) vss_C_12_ECHO_FG.wav: 3.09
  (191/282) vss_C_12_NOISE_FA.wav: 2.86
  (192/282) vss_C_12_CHOP_FA.wav: 4.48
  (193/282) vss_C_13_ECHO_FG.wav: 4.12
  (194/282) vss_C_13_CHOP_FA.wav: 4.08
  (195/282) vss_C_13_CLIP_MK.wav: 3.76
  (196/282) vss_C_13_COMPSPKR_MK.wav: 4.05
  (197/282) vss_C_13_CHOP_ML.wav: 3.70
  (198/282) vss_C_14_CHOP_ML.wav: 4.05
  (199/282) vss_C_13_NOISE_FA.wav: 2.15
  (200/282) vss_C_14_CHOP_FA.wav: 4.05
  (201/282) vss_C_14_ECHO_FG.wav: 1.22
  (202/282) vss_C_14_NOISE_FA.wav: 2.39
  (203/282) vss_C_14_COMPSPKR_MK.wav: 2.31
  (204/282) vss_C_14_CLIP_MK.wav: 2.70
  (205/282) vss_C_15_CHOP_ML.wav: 4.43
  (206/282) vss_C_15_ECHO_MK.wav: 4.48
  (207/282) vss_C_15_CHOP_FA.wav: 4.39
  (208/282) vss_C_16_CHOP_FG.wav: 3.70
  (209/282) vss_C_16_NOISE_FA.wav: 2.74
  (210/282) vss_C_16_ECHO_FA.wav: 4.19
  (211/282) vss_C_15_NOISE_MK.wav: 1.64
  (212/282) vss_C_16_NOISE_ML.wav: 3.94
  (213/282) vss_C_17_ECHO_MK.wav: 3.61
  (214/282) vss_C_17_CHOP_MK.wav: 3.64
  (215/282) vss_C_18_CHOP_FA.wav: 3.80
  (216/282) vss_C_18_ECHO_ML.wav: 4.51
  (217/282) vss_C_18_ECHO_FA.wav: 4.52
  (218/282) vss_C_17_NOISE_FG.wav: 2.74
  (219/282) vss_C_19_ECHO_FG.wav: 3.04
  (220/282) vss_C_19_CHOP_MK.wav: 4.04
  (221/282) vss_C_18_NOISE_MK.wav: 1.87
  (222/282) vss_C_20_CHOP_ML.wav: 4.10
  (223/282) vss_C_20_ECHO_MK.wav: 4.34
  (224/282) vss_C_20_NOISE_MK.wav: 2.66
  (225/282) vss_C_20_CHOP_FA.wav: 4.16
  (226/282) vss_C_19_NOISE_FA.wav: 1.00
  (227/282) vss_C_21_ECHO_FA.wav: 2.81
  (228/282) vss_C_21_CHOP_FG.wav: 3.28
  (229/282) vss_C_21_NOISE_ML.wav: 3.61
  (230/282) vss_C_22_ECHO_MK.wav: 3.56
  (231/282) vss_C_22_CHOP_MK.wav: 3.13
  (232/282) vss_C_21_NOISE_FA.wav: 4.17
  (233/282) vss_C_22_NOISE_FG.wav: 3.17
  (234/282) vss_C_23_CHOP_FA.wav: 3.39
  (235/282) vss_C_23_ECHO_FA.wav: 3.55
  (236/282) vss_C_24_CHOP_MK.wav: 3.51
  (237/282) vss_C_24_ECHO_FG.wav: 3.80
  (238/282) vss_C_23_NOISE_MK.wav: 3.80
  (239/282) vss_C_23_ECHO_ML.wav: 4.25
  (240/282) vss_C_24_NOISE_FA.wav: 2.53
  (241/282) music_low_12-German-male-speech.441.16b48k.wav: 3.21
  (242/282) music_low_24-Greensleeves-Korean-male-speech.441.16b48k.wav: 3.27
  (243/282) music_low_Can't Wait Until Tonight (Dry Wurlitzer Mix).16b48k.wav: 3.24
  (244/282) music_low_Girl_In_The_Fire__Sample_.16b48k.wav: 3.27
  (245/282) music_low_Hotel California.16b48k.wav: 3.26
  (246/282) music_low_Only Time.16b48k.wav: 3.14
  (247/282) music_low_4-Sound-English-male.441.16b48k.wav: 3.05
  (248/282) music_low_Shinsho_pool_3min45_4min4.16b48k.wav: 4.34
  (249/282) music_low_Through The Fire And Flames.16b48k.wav: 3.20
  (250/282) music_low_With Love (Outro).16b48k.wav: 3.42
  (251/282) music_low_lob.wav: 3.18
  (252/282) music_low_girl.16b48k.wav: 2.73
  (253/282) music_std_4-Sound-English-male.441.16b48k.wav: 4.22
  (254/282) music_low_sandman.16b48k.wav: 3.62
  (255/282) music_std_24-Greensleeves-Korean-male-speech.441.16b48k.wav: 3.98
  (256/282) music_low_clapton_44k.16b48k.wav: 2.96
  (257/282) music_std_Can't Wait Until Tonight (Dry Wurlitzer Mix).16b48k.wav: 4.33
  (258/282) music_std_Hotel California.16b48k.wav: 4.34
  (259/282) music_std_Girl_In_The_Fire__Sample_.16b48k.wav: 4.09
  (260/282) music_std_Only Time.16b48k.wav: 4.08
  (261/282) music_std_12-German-male-speech.441.16b48k.wav: 4.35
  (262/282) music_std_Shinsho_pool_3min45_4min4.16b48k.wav: 4.36
  (263/282) music_std_Through The Fire And Flames.16b48k.wav: 4.46
  (264/282) music_std_With Love (Outro).16b48k.wav: 4.32
  (265/282) music_std_lob.wav: 3.88
  (266/282) music_std_girl.16b48k.wav: 3.65
  (267/282) music_std_sandman.16b48k.wav: 4.44
  (268/282) music_std_clapton_44k.16b48k.wav: 4.38
  (269/282) music_high_12-German-male-speech.441.16b48k.wav: 4.33
  (270/282) music_high_4-Sound-English-male.441.16b48k.wav: 4.25
  (271/282) music_high_Can't Wait Until Tonight (Dry Wurlitzer Mix).16b48k.wav: 4.34
  (272/282) music_high_Girl_In_The_Fire__Sample_.16b48k.wav: 4.10
  (273/282) music_high_Only Time.16b48k.wav: 4.09
  (274/282) music_high_Hotel California.16b48k.wav: 4.34
  (275/282) music_high_24-Greensleeves-Korean-male-speech.441.16b48k.wav: 3.99
  (276/282) music_high_Shinsho_pool_3min45_4min4.16b48k.wav: 4.35
  (277/282) music_high_Through The Fire And Flames.16b48k.wav: 4.46
  (278/282) music_high_With Love (Outro).16b48k.wav: 4.32
  (279/282) music_high_lob.wav: 3.91
  (280/282) music_high_girl.16b48k.wav: 3.66
  (281/282) music_high_sandman.16b48k.wav: 4.44
  (282/282) music_high_clapton_44k.16b48k.wav: 4.37
Phase 2 (MOS) complete.
>>> Phase 1: Encoding and Basic Metrics
>>> Phase 2: Perceptual Quality (MOS)
Found local visqol binary at: /opt/visqol/bazel-bin/visqol
Using local ViSQOL installation...
>>> Benchmark complete.
Starting Phase 1 (Encoding) for d115_c010...
Parallelizing across 4 threads.
  [Scenario: voip] Processing 120 samples (coverage 30%)...
    (1/120) C_01_CLIP_MK.wav done.
    (2/120) C_01_CHOP_ML.wav done.
    (3/120) C_01_COMPSPKR_MK.wav done.
    (4/120) C_01_CHOP_FA.wav done.
    (5/120) C_02_CHOP_ML.wav done.
    (6/120) C_02_CHOP_FA.wav done.
    (7/120) C_01_ECHO_FG.wav done.
    (8/120) C_01_NOISE_FA.wav done.
    (9/120) C_02_CLIP_MK.wav done.
    (10/120) C_02_COMPSPKR_MK.wav done.
    (11/120) C_02_NOISE_FA.wav done.
    (12/120) C_02_ECHO_FG.wav done.
    (13/120) C_03_CHOP_FA.wav done.
    (14/120) C_03_CHOP_ML.wav done.
    (15/120) C_03_CLIP_MK.wav done.
    (16/120) C_03_COMPSPKR_MK.wav done.
    (17/120) C_03_ECHO_FG.wav done.
    (18/120) C_04_CHOP_ML.wav done.
    (19/120) C_04_CHOP_FA.wav done.
    (20/120) C_03_NOISE_FA.wav done.
    (21/120) C_04_CLIP_MK.wav done.
    (22/120) C_04_COMPSPKR_MK.wav done.
    (23/120) C_04_ECHO_FG.wav done.
    (24/120) C_04_NOISE_FA.wav done.
    (25/120) C_05_CHOP_ML.wav done.
    (26/120) C_05_CHOP_FA.wav done.
    (27/120) C_05_COMPSPKR_MK.wav done.
    (28/120) C_05_CLIP_MK.wav done.
    (29/120) C_05_ECHO_FG.wav done.
    (30/120) C_06_CHOP_ML.wav done.
    (31/120) C_06_CHOP_FA.wav done.
    (32/120) C_05_NOISE_FA.wav done.
    (33/120) C_06_NOISE_FA.wav done.
    (34/120) C_06_CLIP_MK.wav done.
    (35/120) C_06_COMPSPKR_MK.wav done.
    (36/120) C_06_ECHO_FG.wav done.
    (37/120) C_07_CHOP_ML.wav done.
    (38/120) C_07_CLIP_MK.wav done.
    (39/120) C_07_COMPSPKR_MK.wav done.
    (40/120) C_07_CHOP_FA.wav done.
    (41/120) C_08_CHOP_ML.wav done.
    (42/120) C_08_CHOP_FA.wav done.
    (43/120) C_07_ECHO_FG.wav done.
    (44/120) C_07_NOISE_FA.wav done.
    (45/120) C_08_ECHO_FG.wav done.
    (46/120) C_08_COMPSPKR_MK.wav done.
    (47/120) C_08_CLIP_MK.wav done.
    (48/120) C_08_NOISE_FA.wav done.
    (49/120) C_09_CHOP_FA.wav done.
    (50/120) C_09_CHOP_ML.wav done.
    (51/120) C_09_CLIP_MK.wav done.
    (52/120) C_09_COMPSPKR_MK.wav done.
    (53/120) C_09_ECHO_FG.wav done.
    (54/120) C_10_CHOP_ML.wav done.
    (55/120) C_10_CHOP_FA.wav done.
    (56/120) C_09_NOISE_FA.wav done.
    (57/120) C_10_NOISE_FA.wav done.
    (58/120) C_10_CLIP_MK.wav done.
    (59/120) C_10_COMPSPKR_MK.wav done.
    (60/120) C_10_ECHO_FG.wav done.
    (61/120) C_11_CLIP_MK.wav done.
    (62/120) C_11_COMPSPKR_MK.wav done.
    (63/120) C_11_CHOP_ML.wav done.
    (64/120) C_11_CHOP_FA.wav done.
    (65/120) C_11_NOISE_FA.wav done.
    (66/120) C_12_CHOP_FA.wav done.
    (67/120) C_11_ECHO_FG.wav done.
    (68/120) C_12_CHOP_ML.wav done.
    (69/120) C_12_CLIP_MK.wav done.
    (70/120) C_12_ECHO_FG.wav done.
    (71/120) C_12_COMPSPKR_MK.wav done.
    (72/120) C_12_NOISE_FA.wav done.
    (73/120) C_13_COMPSPKR_MK.wav done.
    (74/120) C_13_CHOP_ML.wav done.
    (75/120) C_13_CLIP_MK.wav done.
    (76/120) C_13_CHOP_FA.wav done.
    (77/120) C_13_NOISE_FA.wav done.
    (78/120) C_14_CHOP_FA.wav done.
    (79/120) C_14_CHOP_ML.wav done.
    (80/120) C_13_ECHO_FG.wav done.
    (81/120) C_14_NOISE_FA.wav done.
    (82/120) C_14_CLIP_MK.wav done.
    (83/120) C_14_COMPSPKR_MK.wav done.
    (84/120) C_14_ECHO_FG.wav done.
    (85/120) C_15_ECHO_MK.wav done.
    (86/120) C_15_CHOP_ML.wav done.
    (87/120) C_15_NOISE_MK.wav done.
    (88/120) C_15_CHOP_FA.wav done.
    (89/120) C_16_NOISE_ML.wav done.
    (90/120) C_16_NOISE_FA.wav done.
    (91/120) C_16_ECHO_FA.wav done.
    (92/120) C_16_CHOP_FG.wav done.
    (93/120) C_17_NOISE_FG.wav done.
    (94/120) C_17_ECHO_MK.wav done.
    (95/120) C_18_CHOP_FA.wav done.
    (96/120) C_17_CHOP_MK.wav done.
    (97/120) C_18_ECHO_ML.wav done.
    (98/120) C_18_NOISE_MK.wav done.
    (99/120) C_18_ECHO_FA.wav done.
    (100/120) C_19_CHOP_MK.wav done.
    (101/120) C_19_NOISE_FA.wav done.
    (102/120) C_19_ECHO_FG.wav done.
    (103/120) C_20_CHOP_ML.wav done.
    (104/120) C_20_CHOP_FA.wav done.
    (105/120) C_20_NOISE_MK.wav done.
    (106/120) C_20_ECHO_MK.wav done.
    (107/120) C_21_ECHO_FA.wav done.
    (108/120) C_21_CHOP_FG.wav done.
    (109/120) C_21_NOISE_FA.wav done.
    (110/120) C_21_NOISE_ML.wav done.
    (111/120) C_22_CHOP_MK.wav done.
    (112/120) C_22_ECHO_MK.wav done.
    (113/120) C_23_CHOP_FA.wav done.
    (114/120) C_23_ECHO_FA.wav done.
    (115/120) C_22_NOISE_FG.wav done.
    (116/120) C_23_ECHO_ML.wav done.
    (117/120) C_24_ECHO_FG.wav done.
    (118/120) C_23_NOISE_MK.wav done.
    (119/120) C_24_NOISE_FA.wav done.
    (120/120) C_24_CHOP_MK.wav done.
  [Scenario: vss] Processing 120 samples (coverage 30%)...
    (1/120) C_01_CLIP_MK.wav done.
    (2/120) C_01_CHOP_ML.wav done.
    (3/120) C_01_CHOP_FA.wav done.
    (4/120) C_01_COMPSPKR_MK.wav done.
    (5/120) C_01_ECHO_FG.wav done.
    (6/120) C_01_NOISE_FA.wav done.
    (7/120) C_02_CHOP_FA.wav done.
    (8/120) C_02_CHOP_ML.wav done.
    (9/120) C_02_COMPSPKR_MK.wav done.
    (10/120) C_02_CLIP_MK.wav done.
    (11/120) C_02_ECHO_FG.wav done.
    (12/120) C_02_NOISE_FA.wav done.
    (13/120) C_03_CLIP_MK.wav done.
    (14/120) C_03_CHOP_FA.wav done.
    (15/120) C_03_CHOP_ML.wav done.
    (16/120) C_03_COMPSPKR_MK.wav done.
    (17/120) C_04_CHOP_FA.wav done.
    (18/120) C_03_ECHO_FG.wav done.
    (19/120) C_03_NOISE_FA.wav done.
    (20/120) C_04_CHOP_ML.wav done.
    (21/120) C_04_COMPSPKR_MK.wav done.
    (22/120) C_04_CLIP_MK.wav done.
    (23/120) C_04_ECHO_FG.wav done.
    (24/120) C_04_NOISE_FA.wav done.
    (25/120) C_05_CHOP_ML.wav done.
    (26/120) C_05_CLIP_MK.wav done.
    (27/120) C_05_CHOP_FA.wav done.
    (28/120) C_05_COMPSPKR_MK.wav done.
    (29/120) C_05_ECHO_FG.wav done.
    (30/120) C_06_CHOP_FA.wav done.
    (31/120) C_05_NOISE_FA.wav done.
    (32/120) C_06_CHOP_ML.wav done.
    (33/120) C_06_ECHO_FG.wav done.
    (34/120) C_06_CLIP_MK.wav done.
    (35/120) C_06_COMPSPKR_MK.wav done.
    (36/120) C_06_NOISE_FA.wav done.
    (37/120) C_07_CHOP_ML.wav done.
    (38/120) C_07_CLIP_MK.wav done.
    (39/120) C_07_CHOP_FA.wav done.
    (40/120) C_07_COMPSPKR_MK.wav done.
    (41/120) C_08_CHOP_FA.wav done.
    (42/120) C_07_ECHO_FG.wav done.
    (43/120) C_07_NOISE_FA.wav done.
    (44/120) C_08_CHOP_ML.wav done.
    (45/120) C_08_ECHO_FG.wav done.
    (46/120) C_08_CLIP_MK.wav done.
    (47/120) C_08_COMPSPKR_MK.wav done.
    (48/120) C_08_NOISE_FA.wav done.
    (49/120) C_09_CHOP_ML.wav done.
    (50/120) C_09_CHOP_FA.wav done.
    (51/120) C_09_CLIP_MK.wav done.
    (52/120) C_09_COMPSPKR_MK.wav done.
    (53/120) C_09_ECHO_FG.wav done.
    (54/120) C_10_CHOP_FA.wav done.
    (55/120) C_09_NOISE_FA.wav done.
    (56/120) C_10_CHOP_ML.wav done.
    (57/120) C_10_CLIP_MK.wav done.
    (58/120) C_10_ECHO_FG.wav done.
    (59/120) C_10_COMPSPKR_MK.wav done.
    (60/120) C_10_NOISE_FA.wav done.
    (61/120) C_11_CHOP_FA.wav done.
    (62/120) C_11_CHOP_ML.wav done.
    (63/120) C_11_CLIP_MK.wav done.
    (64/120) C_11_COMPSPKR_MK.wav done.
    (65/120) C_11_ECHO_FG.wav done.
    (66/120) C_11_NOISE_FA.wav done.
    (67/120) C_12_CHOP_FA.wav done.
    (68/120) C_12_CHOP_ML.wav done.
    (69/120) C_12_CLIP_MK.wav done.
    (70/120) C_12_COMPSPKR_MK.wav done.
    (71/120) C_12_ECHO_FG.wav done.
    (72/120) C_12_NOISE_FA.wav done.
    (73/120) C_13_CHOP_FA.wav done.
    (74/120) C_13_CHOP_ML.wav done.
    (75/120) C_13_CLIP_MK.wav done.
    (76/120) C_13_COMPSPKR_MK.wav done.
    (77/120) C_13_NOISE_FA.wav done.
    (78/120) C_13_ECHO_FG.wav done.
    (79/120) C_14_CHOP_FA.wav done.
    (80/120) C_14_CHOP_ML.wav done.
    (81/120) C_14_CLIP_MK.wav done.
    (82/120) C_14_COMPSPKR_MK.wav done.
    (83/120) C_14_ECHO_FG.wav done.
    (84/120) C_14_NOISE_FA.wav done.
    (85/120) C_15_CHOP_ML.wav done.
    (86/120) C_15_CHOP_FA.wav done.
    (87/120) C_15_ECHO_MK.wav done.
    (88/120) C_15_NOISE_MK.wav done.
    (89/120) C_16_CHOP_FG.wav done.
    (90/120) C_16_ECHO_FA.wav done.
    (91/120) C_16_NOISE_FA.wav done.
    (92/120) C_16_NOISE_ML.wav done.
    (93/120) C_17_ECHO_MK.wav done.
    (94/120) C_17_CHOP_MK.wav done.
    (95/120) C_17_NOISE_FG.wav done.
    (96/120) C_18_CHOP_FA.wav done.
    (97/120) C_18_ECHO_ML.wav done.
    (98/120) C_18_ECHO_FA.wav done.
    (99/120) C_18_NOISE_MK.wav done.
    (100/120) C_19_CHOP_MK.wav done.
    (101/120) C_19_NOISE_FA.wav done.
    (102/120) C_19_ECHO_FG.wav done.
    (103/120) C_20_CHOP_FA.wav done.
    (104/120) C_20_CHOP_ML.wav done.
    (105/120) C_20_NOISE_MK.wav done.
    (106/120) C_20_ECHO_MK.wav done.
    (107/120) C_21_CHOP_FG.wav done.
    (108/120) C_21_ECHO_FA.wav done.
    (109/120) C_21_NOISE_ML.wav done.
    (110/120) C_21_NOISE_FA.wav done.
    (111/120) C_22_CHOP_MK.wav done.
    (112/120) C_22_ECHO_MK.wav done.
    (113/120) C_22_NOISE_FG.wav done.
    (114/120) C_23_CHOP_FA.wav done.
    (115/120) C_23_ECHO_FA.wav done.
    (116/120) C_23_NOISE_MK.wav done.
    (117/120) C_23_ECHO_ML.wav done.
    (118/120) C_24_CHOP_MK.wav done.
    (119/120) C_24_ECHO_FG.wav done.
    (120/120) C_24_NOISE_FA.wav done.
  [Scenario: music_low] Processing 14 samples (coverage 30%)...
    (1/14) 12-German-male-speech.441.16b48k.wav done.
    (2/14) 24-Greensleeves-Korean-male-speech.441.16b48k.wav done.
    (3/14) 4-Sound-English-male.441.16b48k.wav done.
    (4/14) Can't Wait Until Tonight (Dry Wurlitzer Mix).16b48k.wav done.
    (5/14) Girl_In_The_Fire__Sample_.16b48k.wav done.
    (6/14) Only Time.16b48k.wav done.
    (7/14) Hotel California.16b48k.wav done.
    (8/14) Shinsho_pool_3min45_4min4.16b48k.wav done.
    (9/14) Through The Fire And Flames.16b48k.wav done.
    (10/14) clapton_44k.16b48k.wav done.
    (11/14) With Love (Outro).16b48k.wav done.
    (12/14) girl.16b48k.wav done.
    (13/14) lob.wav done.
    (14/14) sandman.16b48k.wav done.
  [Scenario: music_std] Processing 14 samples (coverage 30%)...
    (1/14) 12-German-male-speech.441.16b48k.wav done.
    (2/14) 24-Greensleeves-Korean-male-speech.441.16b48k.wav done.
    (3/14) 4-Sound-English-male.441.16b48k.wav done.
    (4/14) Can't Wait Until Tonight (Dry Wurlitzer Mix).16b48k.wav done.
    (5/14) Girl_In_The_Fire__Sample_.16b48k.wav done.
    (6/14) Only Time.16b48k.wav done.
    (7/14) Hotel California.16b48k.wav done.
    (8/14) Shinsho_pool_3min45_4min4.16b48k.wav done.
    (9/14) clapton_44k.16b48k.wav done.
    (10/14) Through The Fire And Flames.16b48k.wav done.
    (11/14) With Love (Outro).16b48k.wav done.
    (12/14) girl.16b48k.wav done.
    (13/14) lob.wav done.
    (14/14) sandman.16b48k.wav done.
  [Scenario: music_high] Processing 14 samples (coverage 30%)...
    (1/14) 12-German-male-speech.441.16b48k.wav done.
    (2/14) 24-Greensleeves-Korean-male-speech.441.16b48k.wav done.
    (3/14) 4-Sound-English-male.441.16b48k.wav done.
    (4/14) Can't Wait Until Tonight (Dry Wurlitzer Mix).16b48k.wav done.
    (5/14) Girl_In_The_Fire__Sample_.16b48k.wav done.
    (6/14) Only Time.16b48k.wav done.
    (7/14) Hotel California.16b48k.wav done.
    (8/14) Shinsho_pool_3min45_4min4.16b48k.wav done.
    (9/14) Through The Fire And Flames.16b48k.wav done.
    (10/14) clapton_44k.16b48k.wav done.
    (11/14) With Love (Outro).16b48k.wav done.
    (12/14) girl.16b48k.wav done.
    (13/14) lob.wav done.
    (14/14) sandman.16b48k.wav done.
Measuring throughput for d115_c010...
  Benchmarking throughput with noise.wav...
  Benchmarking throughput with silence.wav...
  Benchmarking throughput with sine.wav...
  Benchmarking throughput with sweep.wav...
Computing MOS for 282 samples using local ViSQOL (Binary, 4 cores)...
  (1/282) voip_C_01_CLIP_MK.wav: 4.50
  (2/282) voip_C_01_CHOP_ML.wav: 3.14
  (3/282) voip_C_01_COMPSPKR_MK.wav: 3.69
  (4/282) voip_C_01_CHOP_FA.wav: 2.55
  (5/282) voip_C_02_CHOP_ML.wav: 4.13
  (6/282) voip_C_02_CHOP_FA.wav: 3.44
  (7/282) voip_C_01_ECHO_FG.wav: 3.87
  (8/282) voip_C_01_NOISE_FA.wav: 3.84
  (9/282) voip_C_02_COMPSPKR_MK.wav: 3.57
  (10/282) voip_C_02_CLIP_MK.wav: 3.87
  (11/282) voip_C_02_NOISE_FA.wav: 2.57
  (12/282) voip_C_02_ECHO_FG.wav: 3.75
  (13/282) voip_C_03_CHOP_ML.wav: 4.15
  (14/282) voip_C_03_CHOP_FA.wav: 3.80
  (15/282) voip_C_03_CLIP_MK.wav: 3.15
  (16/282) voip_C_03_COMPSPKR_MK.wav: 4.01
  (17/282) voip_C_03_ECHO_FG.wav: 3.76
  (18/282) voip_C_04_CHOP_ML.wav: 3.58
  (19/282) voip_C_04_CHOP_FA.wav: 3.43
  (20/282) voip_C_03_NOISE_FA.wav: 2.00
  (21/282) voip_C_04_CLIP_MK.wav: 3.29
  (22/282) voip_C_04_COMPSPKR_MK.wav: 3.73
  (23/282) voip_C_04_ECHO_FG.wav: 3.94
  (24/282) voip_C_05_CHOP_ML.wav: 4.24
  (25/282) voip_C_05_CHOP_FA.wav: 3.24
  (26/282) voip_C_04_NOISE_FA.wav: 2.80
  (27/282) voip_C_05_COMPSPKR_MK.wav: 4.18
  (28/282) voip_C_06_CHOP_ML.wav: 4.32
  (29/282) voip_C_05_ECHO_FG.wav: 4.26
  (30/282) voip_C_05_CLIP_MK.wav: 2.51
  (31/282) voip_C_06_CHOP_FA.wav: 3.43
  (32/282) voip_C_06_NOISE_FA.wav: 2.68
  (33/282) voip_C_05_NOISE_FA.wav: 2.27
  (34/282) voip_C_06_COMPSPKR_MK.wav: 4.21
  (35/282) voip_C_06_CLIP_MK.wav: 2.64
  (36/282) voip_C_06_ECHO_FG.wav: 3.85
  (37/282) voip_C_07_CHOP_ML.wav: 4.28
  (38/282) voip_C_07_COMPSPKR_MK.wav: 2.85
  (39/282) voip_C_07_CLIP_MK.wav: 3.14
  (40/282) voip_C_07_CHOP_FA.wav: 3.99
  (41/282) voip_C_08_CHOP_ML.wav: 3.74
  (42/282) voip_C_07_ECHO_FG.wav: 3.76
  (43/282) voip_C_08_CHOP_FA.wav: 3.99
  (44/282) voip_C_07_NOISE_FA.wav: 2.96
  (45/282) voip_C_08_ECHO_FG.wav: 2.14
  (46/282) voip_C_08_COMPSPKR_MK.wav: 3.75
  (47/282) voip_C_08_CLIP_MK.wav: 2.86
  (48/282) voip_C_09_CHOP_FA.wav: 4.03
  (49/282) voip_C_08_NOISE_FA.wav: 1.94
  (50/282) voip_C_09_CHOP_ML.wav: 4.47
  (51/282) voip_C_09_CLIP_MK.wav: 3.00
  (52/282) voip_C_09_ECHO_FG.wav: 2.07
  (53/282) voip_C_10_CHOP_ML.wav: 3.88
  (54/282) voip_C_09_COMPSPKR_MK.wav: 4.07
  (55/282) voip_C_10_CHOP_FA.wav: 3.74
  (56/282) voip_C_09_NOISE_FA.wav: 2.24
  (57/282) voip_C_10_NOISE_FA.wav: 1.70
  (58/282) voip_C_10_CLIP_MK.wav: 3.54
  (59/282) voip_C_10_COMPSPKR_MK.wav: 1.75
  (60/282) voip_C_10_ECHO_FG.wav: 3.71
  (61/282) voip_C_11_CLIP_MK.wav: 3.96
  (62/282) voip_C_11_COMPSPKR_MK.wav: 3.90
  (63/282) voip_C_11_CHOP_ML.wav: 4.12
  (64/282) voip_C_11_CHOP_FA.wav: 4.21
  (65/282) voip_C_11_ECHO_FG.wav: 2.63
  (66/282) voip_C_11_NOISE_FA.wav: 2.50
  (67/282) voip_C_12_CHOP_FA.wav: 4.18
  (68/282) voip_C_12_CHOP_ML.wav: 3.57
  (69/282) voip_C_12_CLIP_MK.wav: 2.32
  (70/282) voip_C_12_ECHO_FG.wav: 4.04
  (71/282) voip_C_12_COMPSPKR_MK.wav: 3.22
  (72/282) voip_C_12_NOISE_FA.wav: 2.40
  (73/282) voip_C_13_COMPSPKR_MK.wav: 4.01
  (74/282) voip_C_13_CHOP_ML.wav: 4.30
  (75/282) voip_C_13_CLIP_MK.wav: 4.33
  (76/282) voip_C_13_CHOP_FA.wav: 2.25
  (77/282) voip_C_14_CHOP_FA.wav: 4.01
  (78/282) voip_C_14_CHOP_ML.wav: 4.06
  (79/282) voip_C_13_ECHO_FG.wav: 3.29
  (80/282) voip_C_13_NOISE_FA.wav: 1.75
  (81/282) voip_C_14_CLIP_MK.wav: 2.63
  (82/282) voip_C_14_ECHO_FG.wav: 1.11
  (83/282) voip_C_14_COMPSPKR_MK.wav: 4.17
  (84/282) voip_C_14_NOISE_FA.wav: 2.10
  (85/282) voip_C_15_CHOP_ML.wav: 4.21
  (86/282) voip_C_15_ECHO_MK.wav: 4.29
  (87/282) voip_C_15_NOISE_MK.wav: 1.68
  (88/282) voip_C_15_CHOP_FA.wav: 3.01
  (89/282) voip_C_16_NOISE_ML.wav: 2.71
  (90/282) voip_C_16_CHOP_FG.wav: 3.98
  (91/282) voip_C_16_NOISE_FA.wav: 2.12
  (92/282) voip_C_16_ECHO_FA.wav: 4.01
  (93/282) voip_C_17_NOISE_FG.wav: 2.54
  (94/282) voip_C_17_ECHO_MK.wav: 3.11
  (95/282) voip_C_17_CHOP_MK.wav: 4.21
  (96/282) voip_C_18_CHOP_FA.wav: 3.03
  (97/282) voip_C_18_ECHO_ML.wav: 3.12
  (98/282) voip_C_19_CHOP_MK.wav: 3.77
  (99/282) voip_C_18_NOISE_MK.wav: 1.72
  (100/282) voip_C_18_ECHO_FA.wav: 2.82
  (101/282) voip_C_19_NOISE_FA.wav: 1.12
  (102/282) voip_C_19_ECHO_FG.wav: 2.89
  (103/282) voip_C_20_CHOP_ML.wav: 4.37
  (104/282) voip_C_20_CHOP_FA.wav: 4.04
  (105/282) voip_C_20_NOISE_MK.wav: 2.05
  (106/282) voip_C_20_ECHO_MK.wav: 3.28
  (107/282) voip_C_21_ECHO_FA.wav: 2.92
  (108/282) voip_C_21_CHOP_FG.wav: 3.59
  (109/282) voip_C_21_NOISE_ML.wav: 4.30
  (110/282) voip_C_21_NOISE_FA.wav: 3.12
  (111/282) voip_C_22_CHOP_MK.wav: 3.69
  (112/282) voip_C_22_ECHO_MK.wav: 3.41
  (113/282) voip_C_23_CHOP_FA.wav: 3.31
  (114/282) voip_C_23_ECHO_FA.wav: 2.57
  (115/282) voip_C_22_NOISE_FG.wav: 3.32
  (116/282) voip_C_23_ECHO_ML.wav: 3.79
  (117/282) voip_C_24_ECHO_FG.wav: 4.10
  (118/282) voip_C_23_NOISE_MK.wav: 3.05
  (119/282) voip_C_24_CHOP_MK.wav: 3.88
  (120/282) voip_C_24_NOISE_FA.wav: 1.96
  (121/282) vss_C_01_CLIP_MK.wav: 4.57
  (122/282) vss_C_01_CHOP_ML.wav: 4.01
  (123/282) vss_C_01_COMPSPKR_MK.wav: 3.72
  (124/282) vss_C_01_ECHO_FG.wav: 3.28
  (125/282) vss_C_01_CHOP_FA.wav: 3.68
  (126/282) vss_C_01_NOISE_FA.wav: 3.46
  (127/282) vss_C_02_CHOP_ML.wav: 4.18
  (128/282) vss_C_02_CHOP_FA.wav: 2.83
  (129/282) vss_C_02_COMPSPKR_MK.wav: 3.45
  (130/282) vss_C_02_CLIP_MK.wav: 3.75
  (131/282) vss_C_02_ECHO_FG.wav: 3.71
  (132/282) vss_C_02_NOISE_FA.wav: 3.07
  (133/282) vss_C_03_CLIP_MK.wav: 4.37
  (134/282) vss_C_03_CHOP_ML.wav: 3.95
  (135/282) vss_C_03_COMPSPKR_MK.wav: 2.99
  (136/282) vss_C_03_CHOP_FA.wav: 4.13
  (137/282) vss_C_04_CHOP_FA.wav: 3.85
  (138/282) vss_C_03_ECHO_FG.wav: 4.29
  (139/282) vss_C_04_CHOP_ML.wav: 3.57
  (140/282) vss_C_03_NOISE_FA.wav: 2.51
  (141/282) vss_C_04_COMPSPKR_MK.wav: 3.73
  (142/282) vss_C_04_CLIP_MK.wav: 3.38
  (143/282) vss_C_04_ECHO_FG.wav: 4.36
  (144/282) vss_C_05_CHOP_ML.wav: 3.63
  (145/282) vss_C_04_NOISE_FA.wav: 2.84
  (146/282) vss_C_05_CHOP_FA.wav: 3.79
  (147/282) vss_C_05_CLIP_MK.wav: 3.22
  (148/282) vss_C_05_COMPSPKR_MK.wav: 2.85
  (149/282) vss_C_05_ECHO_FG.wav: 3.07
  (150/282) vss_C_06_CHOP_ML.wav: 3.46
  (151/282) vss_C_06_ECHO_FG.wav: 4.23
  (152/282) vss_C_06_CHOP_FA.wav: 3.11
  (153/282) vss_C_05_NOISE_FA.wav: 2.44
  (154/282) vss_C_06_COMPSPKR_MK.wav: 4.34
  (155/282) vss_C_06_CLIP_MK.wav: 2.88
  (156/282) vss_C_07_CHOP_ML.wav: 4.30
  (157/282) vss_C_06_NOISE_FA.wav: 3.22
  (158/282) vss_C_07_COMPSPKR_MK.wav: 4.09
  (159/282) vss_C_07_CHOP_FA.wav: 3.60
  (160/282) vss_C_07_CLIP_MK.wav: 4.19
  (161/282) vss_C_08_CHOP_FA.wav: 3.92
  (162/282) vss_C_07_ECHO_FG.wav: 2.98
  (163/282) vss_C_08_CHOP_ML.wav: 4.24
  (164/282) vss_C_07_NOISE_FA.wav: 3.38
  (165/282) vss_C_08_ECHO_FG.wav: 4.21
  (166/282) vss_C_08_COMPSPKR_MK.wav: 3.96
  (167/282) vss_C_08_CLIP_MK.wav: 3.51
  (168/282) vss_C_08_NOISE_FA.wav: 2.27
  (169/282) vss_C_09_CHOP_ML.wav: 4.40
  (170/282) vss_C_09_CHOP_FA.wav: 4.30
  (171/282) vss_C_09_ECHO_FG.wav: 4.08
  (172/282) vss_C_09_COMPSPKR_MK.wav: 3.70
  (173/282) vss_C_09_CLIP_MK.wav: 3.05
  (174/282) vss_C_10_CHOP_ML.wav: 4.23
  (175/282) vss_C_10_CHOP_FA.wav: 3.90
  (176/282) vss_C_09_NOISE_FA.wav: 2.41
  (177/282) vss_C_10_CLIP_MK.wav: 4.23
  (178/282) vss_C_10_ECHO_FG.wav: 3.98
  (179/282) vss_C_10_COMPSPKR_MK.wav: 1.89
  (180/282) vss_C_10_NOISE_FA.wav: 2.08
  (181/282) vss_C_11_CHOP_FA.wav: 3.33
  (182/282) vss_C_11_CHOP_ML.wav: 4.40
  (183/282) vss_C_11_CLIP_MK.wav: 4.12
  (184/282) vss_C_11_COMPSPKR_MK.wav: 4.33
  (185/282) vss_C_11_ECHO_FG.wav: 3.91
  (186/282) vss_C_11_NOISE_FA.wav: 2.62
  (187/282) vss_C_12_CHOP_FA.wav: 4.30
  (188/282) vss_C_12_CHOP_ML.wav: 3.36
  (189/282) vss_C_12_CLIP_MK.wav: 3.68
  (190/282) vss_C_12_COMPSPKR_MK.wav: 4.31
  (191/282) vss_C_12_ECHO_FG.wav: 4.56
  (192/282) vss_C_12_NOISE_FA.wav: 2.86
  (193/282) vss_C_13_CHOP_FA.wav: 3.40
  (194/282) vss_C_13_CHOP_ML.wav: 3.70
  (195/282) vss_C_13_CLIP_MK.wav: 3.76
  (196/282) vss_C_13_COMPSPKR_MK.wav: 3.54
  (197/282) vss_C_13_NOISE_FA.wav: 2.15
  (198/282) vss_C_13_ECHO_FG.wav: 4.12
  (199/282) vss_C_14_CHOP_ML.wav: 4.05
  (200/282) vss_C_14_CHOP_FA.wav: 4.05
  (201/282) vss_C_14_ECHO_FG.wav: 1.22
  (202/282) vss_C_14_COMPSPKR_MK.wav: 2.31
  (203/282) vss_C_14_CLIP_MK.wav: 2.70
  (204/282) vss_C_14_NOISE_FA.wav: 2.39
  (205/282) vss_C_15_CHOP_ML.wav: 4.43
  (206/282) vss_C_15_ECHO_MK.wav: 4.29
  (207/282) vss_C_15_CHOP_FA.wav: 4.39
  (208/282) vss_C_16_CHOP_FG.wav: 3.70
  (209/282) vss_C_15_NOISE_MK.wav: 1.64
  (210/282) vss_C_16_ECHO_FA.wav: 4.19
  (211/282) vss_C_16_NOISE_ML.wav: 3.94
  (212/282) vss_C_16_NOISE_FA.wav: 2.74
  (213/282) vss_C_17_ECHO_MK.wav: 3.61
  (214/282) vss_C_17_CHOP_MK.wav: 3.64
  (215/282) vss_C_17_NOISE_FG.wav: 2.74
  (216/282) vss_C_18_CHOP_FA.wav: 3.80
  (217/282) vss_C_18_ECHO_ML.wav: 4.51
  (218/282) vss_C_18_ECHO_FA.wav: 4.52
  (219/282) vss_C_19_CHOP_MK.wav: 4.04
  (220/282) vss_C_18_NOISE_MK.wav: 1.87
  (221/282) vss_C_19_NOISE_FA.wav: 1.00
  (222/282) vss_C_19_ECHO_FG.wav: 3.04
  (223/282) vss_C_20_CHOP_FA.wav: 4.16
  (224/282) vss_C_20_CHOP_ML.wav: 4.10
  (225/282) vss_C_20_NOISE_MK.wav: 2.43
  (226/282) vss_C_20_ECHO_MK.wav: 4.35
  (227/282) vss_C_21_CHOP_FG.wav: 3.28
  (228/282) vss_C_21_NOISE_ML.wav: 4.31
  (229/282) vss_C_21_ECHO_FA.wav: 2.81
  (230/282) vss_C_22_CHOP_MK.wav: 3.13
  (231/282) vss_C_21_NOISE_FA.wav: 4.17
  (232/282) vss_C_22_NOISE_FG.wav: 3.17
  (233/282) vss_C_22_ECHO_MK.wav: 3.56
  (234/282) vss_C_23_CHOP_FA.wav: 3.39
  (235/282) vss_C_23_ECHO_FA.wav: 3.55
  (236/282) vss_C_23_ECHO_ML.wav: 4.25
  (237/282) vss_C_23_NOISE_MK.wav: 3.80
  (238/282) vss_C_24_CHOP_MK.wav: 3.51
  (239/282) vss_C_24_ECHO_FG.wav: 3.80
  (240/282) vss_C_24_NOISE_FA.wav: 2.53
  (241/282) music_low_12-German-male-speech.441.16b48k.wav: 3.21
  (242/282) music_low_24-Greensleeves-Korean-male-speech.441.16b48k.wav: 3.27
  (243/282) music_low_4-Sound-English-male.441.16b48k.wav: 3.05
  (244/282) music_low_Can't Wait Until Tonight (Dry Wurlitzer Mix).16b48k.wav: 3.24
  (245/282) music_low_Girl_In_The_Fire__Sample_.16b48k.wav: 3.27
  (246/282) music_low_Only Time.16b48k.wav: 3.14
  (247/282) music_low_Hotel California.16b48k.wav: 3.26
  (248/282) music_low_Shinsho_pool_3min45_4min4.16b48k.wav: 4.34
  (249/282) music_low_Through The Fire And Flames.16b48k.wav: 3.20
  (250/282) music_low_clapton_44k.16b48k.wav: 2.97
  (251/282) music_low_With Love (Outro).16b48k.wav: 3.42
  (252/282) music_low_girl.16b48k.wav: 2.73
  (253/282) music_low_lob.wav: 3.18
  (254/282) music_std_12-German-male-speech.441.16b48k.wav: 4.35
  (255/282) music_low_sandman.16b48k.wav: 3.63
  (256/282) music_std_24-Greensleeves-Korean-male-speech.441.16b48k.wav: 3.98
  (257/282) music_std_4-Sound-English-male.441.16b48k.wav: 4.22
  (258/282) music_std_Can't Wait Until Tonight (Dry Wurlitzer Mix).16b48k.wav: 4.33
  (259/282) music_std_Girl_In_The_Fire__Sample_.16b48k.wav: 4.09
  (260/282) music_std_Only Time.16b48k.wav: 4.08
  (261/282) music_std_Hotel California.16b48k.wav: 4.34
  (262/282) music_std_Shinsho_pool_3min45_4min4.16b48k.wav: 4.36
  (263/282) music_std_clapton_44k.16b48k.wav: 4.38
  (264/282) music_std_Through The Fire And Flames.16b48k.wav: 4.46
  (265/282) music_std_With Love (Outro).16b48k.wav: 4.31
  (266/282) music_std_lob.wav: 3.88
  (267/282) music_std_girl.16b48k.wav: 3.65
  (268/282) music_std_sandman.16b48k.wav: 4.44
  (269/282) music_high_12-German-male-speech.441.16b48k.wav: 4.33
  (270/282) music_high_24-Greensleeves-Korean-male-speech.441.16b48k.wav: 3.99
  (271/282) music_high_4-Sound-English-male.441.16b48k.wav: 4.25
  (272/282) music_high_Can't Wait Until Tonight (Dry Wurlitzer Mix).16b48k.wav: 4.34
  (273/282) music_high_Girl_In_The_Fire__Sample_.16b48k.wav: 4.10
  (274/282) music_high_Only Time.16b48k.wav: 4.09
  (275/282) music_high_Hotel California.16b48k.wav: 4.34
  (276/282) music_high_Shinsho_pool_3min45_4min4.16b48k.wav: 4.35
  (277/282) music_high_Through The Fire And Flames.16b48k.wav: 4.46
  (278/282) music_high_clapton_44k.16b48k.wav: 4.37
  (279/282) music_high_With Love (Outro).16b48k.wav: 4.30
  (280/282) music_high_lob.wav: 3.91
  (281/282) music_high_girl.16b48k.wav: 3.66
  (282/282) music_high_sandman.16b48k.wav: 4.44
Phase 2 (MOS) complete.
>>> Phase 1: Encoding and Basic Metrics
>>> Phase 2: Perceptual Quality (MOS)
Found local visqol binary at: /opt/visqol/bazel-bin/visqol
Using local ViSQOL installation...
>>> Benchmark complete.
Starting Phase 1 (Encoding) for d115_c020...
Parallelizing across 4 threads.
  [Scenario: voip] Processing 120 samples (coverage 30%)...
    (1/120) C_01_CHOP_FA.wav done.
    (2/120) C_01_CLIP_MK.wav done.
    (3/120) C_01_CHOP_ML.wav done.
    (4/120) C_01_COMPSPKR_MK.wav done.
    (5/120) C_01_NOISE_FA.wav done.
    (6/120) C_01_ECHO_FG.wav done.
    (7/120) C_02_CHOP_FA.wav done.
    (8/120) C_02_CHOP_ML.wav done.
    (9/120) C_02_CLIP_MK.wav done.
    (10/120) C_02_COMPSPKR_MK.wav done.
    (11/120) C_02_ECHO_FG.wav done.
    (12/120) C_02_NOISE_FA.wav done.
    (13/120) C_03_CHOP_FA.wav done.
    (14/120) C_03_CHOP_ML.wav done.
    (15/120) C_03_CLIP_MK.wav done.
    (16/120) C_03_COMPSPKR_MK.wav done.
    (17/120) C_03_ECHO_FG.wav done.
    (18/120) C_04_CHOP_FA.wav done.
    (19/120) C_03_NOISE_FA.wav done.
    (20/120) C_04_CHOP_ML.wav done.
    (21/120) C_04_CLIP_MK.wav done.
    (22/120) C_04_COMPSPKR_MK.wav done.
    (23/120) C_04_ECHO_FG.wav done.
    (24/120) C_04_NOISE_FA.wav done.
    (25/120) C_05_CHOP_FA.wav done.
    (26/120) C_05_CLIP_MK.wav done.
    (27/120) C_05_CHOP_ML.wav done.
    (28/120) C_05_COMPSPKR_MK.wav done.
    (29/120) C_05_ECHO_FG.wav done.
    (30/120) C_06_CHOP_FA.wav done.
    (31/120) C_05_NOISE_FA.wav done.
    (32/120) C_06_CHOP_ML.wav done.
    (33/120) C_06_ECHO_FG.wav done.
    (34/120) C_06_CLIP_MK.wav done.
    (35/120) C_06_COMPSPKR_MK.wav done.
    (36/120) C_06_NOISE_FA.wav done.
    (37/120) C_07_CHOP_ML.wav done.
    (38/120) C_07_CHOP_FA.wav done.
    (39/120) C_07_CLIP_MK.wav done.
    (40/120) C_07_COMPSPKR_MK.wav done.
    (41/120) C_07_ECHO_FG.wav done.
    (42/120) C_08_CHOP_FA.wav done.
    (43/120) C_07_NOISE_FA.wav done.
    (44/120) C_08_CHOP_ML.wav done.
    (45/120) C_08_CLIP_MK.wav done.
    (46/120) C_08_ECHO_FG.wav done.
    (47/120) C_08_COMPSPKR_MK.wav done.
    (48/120) C_08_NOISE_FA.wav done.
    (49/120) C_09_CHOP_FA.wav done.
    (50/120) C_09_CHOP_ML.wav done.
    (51/120) C_09_CLIP_MK.wav done.
    (52/120) C_09_COMPSPKR_MK.wav done.
    (53/120) C_09_ECHO_FG.wav done.
    (54/120) C_09_NOISE_FA.wav done.
    (55/120) C_10_CHOP_FA.wav done.
    (56/120) C_10_CHOP_ML.wav done.
    (57/120) C_10_CLIP_MK.wav done.
    (58/120) C_10_COMPSPKR_MK.wav done.
    (59/120) C_10_ECHO_FG.wav done.
    (60/120) C_10_NOISE_FA.wav done.
    (61/120) C_11_CHOP_FA.wav done.
    (62/120) C_11_CHOP_ML.wav done.
    (63/120) C_11_CLIP_MK.wav done.
    (64/120) C_11_COMPSPKR_MK.wav done.
    (65/120) C_11_ECHO_FG.wav done.
    (66/120) C_11_NOISE_FA.wav done.
    (67/120) C_12_CHOP_FA.wav done.
    (68/120) C_12_CHOP_ML.wav done.
    (69/120) C_12_CLIP_MK.wav done.
    (70/120) C_12_COMPSPKR_MK.wav done.
    (71/120) C_12_ECHO_FG.wav done.
    (72/120) C_12_NOISE_FA.wav done.
    (73/120) C_13_CHOP_ML.wav done.
    (74/120) C_13_CHOP_FA.wav done.
    (75/120) C_13_CLIP_MK.wav done.
    (76/120) C_13_COMPSPKR_MK.wav done.
    (77/120) C_13_NOISE_FA.wav done.
    (78/120) C_13_ECHO_FG.wav done.
    (79/120) C_14_CHOP_FA.wav done.
    (80/120) C_14_CHOP_ML.wav done.
    (81/120) C_14_COMPSPKR_MK.wav done.
    (82/120) C_14_CLIP_MK.wav done.
    (83/120) C_14_ECHO_FG.wav done.
    (84/120) C_14_NOISE_FA.wav done.
    (85/120) C_15_CHOP_FA.wav done.
    (86/120) C_15_CHOP_ML.wav done.
    (87/120) C_15_ECHO_MK.wav done.
    (88/120) C_15_NOISE_MK.wav done.
    (89/120) C_16_CHOP_FG.wav done.
    (90/120) C_16_ECHO_FA.wav done.
    (91/120) C_16_NOISE_FA.wav done.
    (92/120) C_16_NOISE_ML.wav done.
    (93/120) C_17_ECHO_MK.wav done.
    (94/120) C_17_CHOP_MK.wav done.
    (95/120) C_17_NOISE_FG.wav done.
    (96/120) C_18_CHOP_FA.wav done.
    (97/120) C_18_ECHO_ML.wav done.
    (98/120) C_18_ECHO_FA.wav done.
    (99/120) C_18_NOISE_MK.wav done.
    (100/120) C_19_CHOP_MK.wav done.
    (101/120) C_19_NOISE_FA.wav done.
    (102/120) C_19_ECHO_FG.wav done.
    (103/120) C_20_CHOP_FA.wav done.
    (104/120) C_20_CHOP_ML.wav done.
    (105/120) C_20_NOISE_MK.wav done.
    (106/120) C_20_ECHO_MK.wav done.
    (107/120) C_21_CHOP_FG.wav done.
    (108/120) C_21_ECHO_FA.wav done.
    (109/120) C_21_NOISE_FA.wav done.
    (110/120) C_21_NOISE_ML.wav done.
    (111/120) C_22_CHOP_MK.wav done.
    (112/120) C_22_ECHO_MK.wav done.
    (113/120) C_23_CHOP_FA.wav done.
    (114/120) C_22_NOISE_FG.wav done.
    (115/120) C_23_ECHO_FA.wav done.
    (116/120) C_23_ECHO_ML.wav done.
    (117/120) C_23_NOISE_MK.wav done.
    (118/120) C_24_CHOP_MK.wav done.
    (119/120) C_24_ECHO_FG.wav done.
    (120/120) C_24_NOISE_FA.wav done.
  [Scenario: vss] Processing 120 samples (coverage 30%)...
    (1/120) C_01_CLIP_MK.wav done.
    (2/120) C_01_CHOP_ML.wav done.
    (3/120) C_01_CHOP_FA.wav done.
    (4/120) C_01_COMPSPKR_MK.wav done.
    (5/120) C_01_ECHO_FG.wav done.
    (6/120) C_02_CHOP_FA.wav done.
    (7/120) C_01_NOISE_FA.wav done.
    (8/120) C_02_CHOP_ML.wav done.
    (9/120) C_02_CLIP_MK.wav done.
    (10/120) C_02_COMPSPKR_MK.wav done.
    (11/120) C_02_ECHO_FG.wav done.
    (12/120) C_02_NOISE_FA.wav done.
    (13/120) C_03_CHOP_FA.wav done.
    (14/120) C_03_CHOP_ML.wav done.
    (15/120) C_03_CLIP_MK.wav done.
    (16/120) C_03_COMPSPKR_MK.wav done.
    (17/120) C_03_ECHO_FG.wav done.
    (18/120) C_04_CHOP_FA.wav done.
    (19/120) C_03_NOISE_FA.wav done.
    (20/120) C_04_CHOP_ML.wav done.
    (21/120) C_04_CLIP_MK.wav done.
    (22/120) C_04_COMPSPKR_MK.wav done.
    (23/120) C_04_ECHO_FG.wav done.
    (24/120) C_04_NOISE_FA.wav done.
    (25/120) C_05_CHOP_FA.wav done.
    (26/120) C_05_CHOP_ML.wav done.
    (27/120) C_05_CLIP_MK.wav done.
    (28/120) C_05_COMPSPKR_MK.wav done.
    (29/120) C_05_ECHO_FG.wav done.
    (30/120) C_06_CHOP_FA.wav done.
    (31/120) C_05_NOISE_FA.wav done.
    (32/120) C_06_CHOP_ML.wav done.
    (33/120) C_06_CLIP_MK.wav done.
    (34/120) C_06_COMPSPKR_MK.wav done.
    (35/120) C_06_ECHO_FG.wav done.
    (36/120) C_06_NOISE_FA.wav done.
    (37/120) C_07_CHOP_FA.wav done.
    (38/120) C_07_CHOP_ML.wav done.
    (39/120) C_07_CLIP_MK.wav done.
    (40/120) C_07_COMPSPKR_MK.wav done.
    (41/120) C_07_ECHO_FG.wav done.
    (42/120) C_08_CHOP_FA.wav done.
    (43/120) C_07_NOISE_FA.wav done.
    (44/120) C_08_CHOP_ML.wav done.
    (45/120) C_08_CLIP_MK.wav done.
    (46/120) C_08_COMPSPKR_MK.wav done.
    (47/120) C_08_ECHO_FG.wav done.
    (48/120) C_08_NOISE_FA.wav done.
    (49/120) C_09_CHOP_FA.wav done.
    (50/120) C_09_CLIP_MK.wav done.
    (51/120) C_09_CHOP_ML.wav done.
    (52/120) C_09_COMPSPKR_MK.wav done.
    (53/120) C_09_ECHO_FG.wav done.
    (54/120) C_10_CHOP_FA.wav done.
    (55/120) C_09_NOISE_FA.wav done.
    (56/120) C_10_CHOP_ML.wav done.
    (57/120) C_10_CLIP_MK.wav done.
    (58/120) C_10_COMPSPKR_MK.wav done.
    (59/120) C_10_ECHO_FG.wav done.
    (60/120) C_10_NOISE_FA.wav done.
    (61/120) C_11_CHOP_FA.wav done.
    (62/120) C_11_CLIP_MK.wav done.
    (63/120) C_11_CHOP_ML.wav done.
    (64/120) C_11_COMPSPKR_MK.wav done.
    (65/120) C_12_CHOP_FA.wav done.
    (66/120) C_11_ECHO_FG.wav done.
    (67/120) C_11_NOISE_FA.wav done.
    (68/120) C_12_CHOP_ML.wav done.
    (69/120) C_12_ECHO_FG.wav done.
    (70/120) C_12_CLIP_MK.wav done.
    (71/120) C_12_COMPSPKR_MK.wav done.
    (72/120) C_12_NOISE_FA.wav done.
    (73/120) C_13_CHOP_ML.wav done.
    (74/120) C_13_CHOP_FA.wav done.
    (75/120) C_13_CLIP_MK.wav done.
    (76/120) C_13_COMPSPKR_MK.wav done.
    (77/120) C_13_NOISE_FA.wav done.
    (78/120) C_13_ECHO_FG.wav done.
    (79/120) C_14_CHOP_FA.wav done.
    (80/120) C_14_CHOP_ML.wav done.
    (81/120) C_14_COMPSPKR_MK.wav done.
    (82/120) C_14_NOISE_FA.wav done.
    (83/120) C_14_CLIP_MK.wav done.
    (84/120) C_14_ECHO_FG.wav done.
    (85/120) C_15_ECHO_MK.wav done.
    (86/120) C_15_CHOP_FA.wav done.
    (87/120) C_15_CHOP_ML.wav done.
    (88/120) C_15_NOISE_MK.wav done.
    (89/120) C_16_NOISE_ML.wav done.
    (90/120) C_16_CHOP_FG.wav done.
    (91/120) C_16_NOISE_FA.wav done.
    (92/120) C_16_ECHO_FA.wav done.
    (93/120) C_17_NOISE_FG.wav done.
    (94/120) C_17_ECHO_MK.wav done.
    (95/120) C_17_CHOP_MK.wav done.
    (96/120) C_18_CHOP_FA.wav done.
    (97/120) C_18_NOISE_MK.wav done.
    (98/120) C_18_ECHO_ML.wav done.
    (99/120) C_19_CHOP_MK.wav done.
    (100/120) C_18_ECHO_FA.wav done.
    (101/120) C_19_NOISE_FA.wav done.
    (102/120) C_19_ECHO_FG.wav done.
    (103/120) C_20_CHOP_FA.wav done.
    (104/120) C_20_CHOP_ML.wav done.
    (105/120) C_20_NOISE_MK.wav done.
    (106/120) C_20_ECHO_MK.wav done.
    (107/120) C_21_CHOP_FG.wav done.
    (108/120) C_21_ECHO_FA.wav done.
    (109/120) C_22_ECHO_MK.wav done.
    (110/120) C_21_NOISE_FA.wav done.
    (111/120) C_21_NOISE_ML.wav done.
    (112/120) C_22_CHOP_MK.wav done.
    (113/120) C_23_CHOP_FA.wav done.
    (114/120) C_23_ECHO_ML.wav done.
    (115/120) C_23_ECHO_FA.wav done.
    (116/120) C_22_NOISE_FG.wav done.
    (117/120) C_23_NOISE_MK.wav done.
    (118/120) C_24_ECHO_FG.wav done.
    (119/120) C_24_CHOP_MK.wav done.
    (120/120) C_24_NOISE_FA.wav done.
  [Scenario: music_low] Processing 14 samples (coverage 30%)...
    (1/14) 12-German-male-speech.441.16b48k.wav done.
    (2/14) 4-Sound-English-male.441.16b48k.wav done.
    (3/14) 24-Greensleeves-Korean-male-speech.441.16b48k.wav done.
    (4/14) Can't Wait Until Tonight (Dry Wurlitzer Mix).16b48k.wav done.
    (5/14) Hotel California.16b48k.wav done.
    (6/14) Only Time.16b48k.wav done.
    (7/14) Girl_In_The_Fire__Sample_.16b48k.wav done.
    (8/14) Shinsho_pool_3min45_4min4.16b48k.wav done.
    (9/14) clapton_44k.16b48k.wav done.
    (10/14) With Love (Outro).16b48k.wav done.
    (11/14) Through The Fire And Flames.16b48k.wav done.
    (12/14) girl.16b48k.wav done.
    (13/14) lob.wav done.
    (14/14) sandman.16b48k.wav done.
  [Scenario: music_std] Processing 14 samples (coverage 30%)...
    (1/14) 12-German-male-speech.441.16b48k.wav done.
    (2/14) 4-Sound-English-male.441.16b48k.wav done.
    (3/14) 24-Greensleeves-Korean-male-speech.441.16b48k.wav done.
    (4/14) Can't Wait Until Tonight (Dry Wurlitzer Mix).16b48k.wav done.
    (5/14) Girl_In_The_Fire__Sample_.16b48k.wav done.
    (6/14) Hotel California.16b48k.wav done.
    (7/14) Only Time.16b48k.wav done.
    (8/14) Shinsho_pool_3min45_4min4.16b48k.wav done.
    (9/14) Through The Fire And Flames.16b48k.wav done.
    (10/14) clapton_44k.16b48k.wav done.
    (11/14) With Love (Outro).16b48k.wav done.
    (12/14) girl.16b48k.wav done.
    (13/14) lob.wav done.
    (14/14) sandman.16b48k.wav done.
  [Scenario: music_high] Processing 14 samples (coverage 30%)...
    (1/14) 12-German-male-speech.441.16b48k.wav done.
    (2/14) 4-Sound-English-male.441.16b48k.wav done.
    (3/14) 24-Greensleeves-Korean-male-speech.441.16b48k.wav done.
    (4/14) Can't Wait Until Tonight (Dry Wurlitzer Mix).16b48k.wav done.
    (5/14) Hotel California.16b48k.wav done.
    (6/14) Only Time.16b48k.wav done.
    (7/14) Girl_In_The_Fire__Sample_.16b48k.wav done.
    (8/14) Shinsho_pool_3min45_4min4.16b48k.wav done.
    (9/14) Through The Fire And Flames.16b48k.wav done.
    (10/14) clapton_44k.16b48k.wav done.
    (11/14) With Love (Outro).16b48k.wav done.
    (12/14) girl.16b48k.wav done.
    (13/14) lob.wav done.
    (14/14) sandman.16b48k.wav done.
Measuring throughput for d115_c020...
  Benchmarking throughput with noise.wav...
  Benchmarking throughput with silence.wav...
  Benchmarking throughput with sine.wav...
  Benchmarking throughput with sweep.wav...
Computing MOS for 282 samples using local ViSQOL (Binary, 4 cores)...
  (1/282) voip_C_01_CHOP_ML.wav: 3.14
  (2/282) voip_C_01_CLIP_MK.wav: 4.50
  (3/282) voip_C_01_COMPSPKR_MK.wav: 3.69
  (4/282) voip_C_01_CHOP_FA.wav: 2.55
  (5/282) voip_C_01_ECHO_FG.wav: 3.87
  (6/282) voip_C_02_CHOP_ML.wav: 4.13
  (7/282) voip_C_02_CHOP_FA.wav: 3.44
  (8/282) voip_C_01_NOISE_FA.wav: 3.84
  (9/282) voip_C_02_CLIP_MK.wav: 3.87
  (10/282) voip_C_02_COMPSPKR_MK.wav: 3.57
  (11/282) voip_C_02_ECHO_FG.wav: 3.80
  (12/282) voip_C_02_NOISE_FA.wav: 2.57
  (13/282) voip_C_03_CHOP_ML.wav: 4.15
  (14/282) voip_C_03_COMPSPKR_MK.wav: 3.05
  (15/282) voip_C_03_CHOP_FA.wav: 3.80
  (16/282) voip_C_03_CLIP_MK.wav: 3.15
  (17/282) voip_C_03_ECHO_FG.wav: 3.76
  (18/282) voip_C_04_CHOP_FA.wav: 3.43
  (19/282) voip_C_04_CHOP_ML.wav: 3.58
  (20/282) voip_C_03_NOISE_FA.wav: 2.00
  (21/282) voip_C_04_CLIP_MK.wav: 3.29
  (22/282) voip_C_04_COMPSPKR_MK.wav: 3.73
  (23/282) voip_C_04_ECHO_FG.wav: 3.94
  (24/282) voip_C_04_NOISE_FA.wav: 2.80
  (25/282) voip_C_05_CHOP_FA.wav: 3.24
  (26/282) voip_C_05_CLIP_MK.wav: 2.51
  (27/282) voip_C_05_CHOP_ML.wav: 4.24
  (28/282) voip_C_05_COMPSPKR_MK.wav: 4.18
  (29/282) voip_C_05_ECHO_FG.wav: 4.26
  (30/282) voip_C_06_CHOP_ML.wav: 4.32
  (31/282) voip_C_06_CHOP_FA.wav: 3.43
  (32/282) voip_C_05_NOISE_FA.wav: 2.34
  (33/282) voip_C_06_ECHO_FG.wav: 3.85
  (34/282) voip_C_06_COMPSPKR_MK.wav: 4.21
  (35/282) voip_C_07_CHOP_ML.wav: 4.28
  (36/282) voip_C_06_CLIP_MK.wav: 2.64
  (37/282) voip_C_06_NOISE_FA.wav: 2.68
  (38/282) voip_C_07_ECHO_FG.wav: 3.76
  (39/282) voip_C_07_CHOP_FA.wav: 3.59
  (40/282) voip_C_07_COMPSPKR_MK.wav: 2.85
  (41/282) voip_C_07_CLIP_MK.wav: 3.68
  (42/282) voip_C_08_CHOP_ML.wav: 3.74
  (43/282) voip_C_07_NOISE_FA.wav: 2.96
  (44/282) voip_C_08_CHOP_FA.wav: 3.99
  (45/282) voip_C_08_CLIP_MK.wav: 2.86
  (46/282) voip_C_08_COMPSPKR_MK.wav: 3.75
  (47/282) voip_C_08_ECHO_FG.wav: 2.14
  (48/282) voip_C_09_CHOP_FA.wav: 4.03
  (49/282) voip_C_08_NOISE_FA.wav: 1.94
  (50/282) voip_C_09_CHOP_ML.wav: 4.47
  (51/282) voip_C_09_CLIP_MK.wav: 3.00
  (52/282) voip_C_09_COMPSPKR_MK.wav: 4.07
  (53/282) voip_C_09_ECHO_FG.wav: 2.07
  (54/282) voip_C_09_NOISE_FA.wav: 2.24
  (55/282) voip_C_10_CHOP_ML.wav: 3.88
  (56/282) voip_C_10_CHOP_FA.wav: 3.74
  (57/282) voip_C_10_CLIP_MK.wav: 3.51
  (58/282) voip_C_10_COMPSPKR_MK.wav: 1.75
  (59/282) voip_C_10_ECHO_FG.wav: 3.71
  (60/282) voip_C_11_CHOP_ML.wav: 4.12
  (61/282) voip_C_11_CHOP_FA.wav: 4.21
  (62/282) voip_C_10_NOISE_FA.wav: 1.70
  (63/282) voip_C_11_CLIP_MK.wav: 3.96
  (64/282) voip_C_11_ECHO_FG.wav: 2.63
  (65/282) voip_C_11_COMPSPKR_MK.wav: 3.90
  (66/282) voip_C_11_NOISE_FA.wav: 2.50
  (67/282) voip_C_12_CHOP_FA.wav: 4.18
  (68/282) voip_C_12_CHOP_ML.wav: 3.95
  (69/282) voip_C_12_CLIP_MK.wav: 2.32
  (70/282) voip_C_12_COMPSPKR_MK.wav: 3.22
  (71/282) voip_C_12_ECHO_FG.wav: 3.41
  (72/282) voip_C_12_NOISE_FA.wav: 2.40
  (73/282) voip_C_13_CHOP_ML.wav: 4.30
  (74/282) voip_C_13_CHOP_FA.wav: 2.25
  (75/282) voip_C_13_CLIP_MK.wav: 4.33
  (76/282) voip_C_13_COMPSPKR_MK.wav: 4.01
  (77/282) voip_C_13_ECHO_FG.wav: 3.29
  (78/282) voip_C_14_CHOP_FA.wav: 4.01
  (79/282) voip_C_13_NOISE_FA.wav: 1.75
  (80/282) voip_C_14_CHOP_ML.wav: 4.06
  (81/282) voip_C_14_COMPSPKR_MK.wav: 4.17
  (82/282) voip_C_14_ECHO_FG.wav: 1.11
  (83/282) voip_C_14_CLIP_MK.wav: 2.63
  (84/282) voip_C_14_NOISE_FA.wav: 2.10
  (85/282) voip_C_15_CHOP_ML.wav: 4.21
  (86/282) voip_C_15_CHOP_FA.wav: 3.01
  (87/282) voip_C_15_ECHO_MK.wav: 4.29
  (88/282) voip_C_16_CHOP_FG.wav: 3.98
  (89/282) voip_C_15_NOISE_MK.wav: 1.68
  (90/282) voip_C_16_ECHO_FA.wav: 4.01
  (91/282) voip_C_16_NOISE_ML.wav: 2.71
  (92/282) voip_C_16_NOISE_FA.wav: 2.12
  (93/282) voip_C_17_ECHO_MK.wav: 3.11
  (94/282) voip_C_17_CHOP_MK.wav: 4.21
  (95/282) voip_C_17_NOISE_FG.wav: 2.54
  (96/282) voip_C_18_CHOP_FA.wav: 3.03
  (97/282) voip_C_18_ECHO_ML.wav: 3.12
  (98/282) voip_C_19_CHOP_MK.wav: 3.77
  (99/282) voip_C_18_ECHO_FA.wav: 2.82
  (100/282) voip_C_18_NOISE_MK.wav: 1.72
  (101/282) voip_C_19_NOISE_FA.wav: 1.12
  (102/282) voip_C_19_ECHO_FG.wav: 2.89
  (103/282) voip_C_20_CHOP_ML.wav: 4.37
  (104/282) voip_C_20_CHOP_FA.wav: 4.04
  (105/282) voip_C_20_NOISE_MK.wav: 2.05
  (106/282) voip_C_20_ECHO_MK.wav: 3.28
  (107/282) voip_C_21_CHOP_FG.wav: 3.59
  (108/282) voip_C_21_ECHO_FA.wav: 2.92
  (109/282) voip_C_21_NOISE_FA.wav: 3.12
  (110/282) voip_C_21_NOISE_ML.wav: 4.30
  (111/282) voip_C_22_CHOP_MK.wav: 3.69
  (112/282) voip_C_22_ECHO_MK.wav: 3.41
  (113/282) voip_C_22_NOISE_FG.wav: 3.32
  (114/282) voip_C_23_CHOP_FA.wav: 3.31
  (115/282) voip_C_23_ECHO_ML.wav: 3.79
  (116/282) voip_C_23_ECHO_FA.wav: 2.57
  (117/282) voip_C_23_NOISE_MK.wav: 3.05
  (118/282) voip_C_24_CHOP_MK.wav: 3.88
  (119/282) voip_C_24_ECHO_FG.wav: 4.10
  (120/282) voip_C_24_NOISE_FA.wav: 1.96
  (121/282) vss_C_01_CHOP_ML.wav: 4.01
  (122/282) vss_C_01_CLIP_MK.wav: 4.57
  (123/282) vss_C_01_CHOP_FA.wav: 3.68
  (124/282) vss_C_01_ECHO_FG.wav: 3.28
  (125/282) vss_C_01_COMPSPKR_MK.wav: 3.72
  (126/282) vss_C_02_CHOP_FA.wav: 2.83
  (127/282) vss_C_02_CHOP_ML.wav: 4.08
  (128/282) vss_C_01_NOISE_FA.wav: 3.46
  (129/282) vss_C_02_COMPSPKR_MK.wav: 3.45
  (130/282) vss_C_02_CLIP_MK.wav: 3.75
  (131/282) vss_C_02_ECHO_FG.wav: 3.71
  (132/282) vss_C_03_CHOP_ML.wav: 3.95
  (133/282) vss_C_02_NOISE_FA.wav: 3.07
  (134/282) vss_C_03_CHOP_FA.wav: 4.13
  (135/282) vss_C_03_COMPSPKR_MK.wav: 2.99
  (136/282) vss_C_03_ECHO_FG.wav: 4.29
  (137/282) vss_C_03_CLIP_MK.wav: 4.37
  (138/282) vss_C_04_CHOP_FA.wav: 3.85
  (139/282) vss_C_04_CHOP_ML.wav: 4.46
  (140/282) vss_C_03_NOISE_FA.wav: 2.51
  (141/282) vss_C_04_CLIP_MK.wav: 3.38
  (142/282) vss_C_04_COMPSPKR_MK.wav: 3.73
  (143/282) vss_C_04_ECHO_FG.wav: 4.36
  (144/282) vss_C_04_NOISE_FA.wav: 2.84
  (145/282) vss_C_05_CHOP_FA.wav: 3.50
  (146/282) vss_C_05_CHOP_ML.wav: 4.30
  (147/282) vss_C_05_CLIP_MK.wav: 3.22
  (148/282) vss_C_05_ECHO_FG.wav: 3.07
  (149/282) vss_C_05_COMPSPKR_MK.wav: 3.32
  (150/282) vss_C_06_CHOP_FA.wav: 3.11
  (151/282) vss_C_06_CHOP_ML.wav: 4.35
  (152/282) vss_C_05_NOISE_FA.wav: 2.44
  (153/282) vss_C_06_COMPSPKR_MK.wav: 4.34
  (154/282) vss_C_06_CLIP_MK.wav: 2.88
  (155/282) vss_C_06_ECHO_FG.wav: 4.23
  (156/282) vss_C_07_CHOP_ML.wav: 4.30
  (157/282) vss_C_06_NOISE_FA.wav: 3.22
  (158/282) vss_C_07_CHOP_FA.wav: 3.60
  (159/282) vss_C_07_CLIP_MK.wav: 4.19
  (160/282) vss_C_07_ECHO_FG.wav: 2.98
  (161/282) vss_C_07_COMPSPKR_MK.wav: 4.09
  (162/282) vss_C_08_CHOP_FA.wav: 3.92
  (163/282) vss_C_07_NOISE_FA.wav: 3.38
  (164/282) vss_C_08_CHOP_ML.wav: 4.24
  (165/282) vss_C_08_CLIP_MK.wav: 3.51
  (166/282) vss_C_08_COMPSPKR_MK.wav: 3.96
  (167/282) vss_C_08_ECHO_FG.wav: 4.21
  (168/282) vss_C_08_NOISE_FA.wav: 2.27
  (169/282) vss_C_09_CHOP_FA.wav: 4.30
  (170/282) vss_C_09_CHOP_ML.wav: 4.40
  (171/282) vss_C_09_CLIP_MK.wav: 3.05
  (172/282) vss_C_09_COMPSPKR_MK.wav: 3.70
  (173/282) vss_C_09_ECHO_FG.wav: 4.08
  (174/282) vss_C_10_CHOP_FA.wav: 3.90
  (175/282) vss_C_09_NOISE_FA.wav: 2.41
  (176/282) vss_C_10_CHOP_ML.wav: 4.23
  (177/282) vss_C_10_CLIP_MK.wav: 4.23
  (178/282) vss_C_10_COMPSPKR_MK.wav: 2.73
  (179/282) vss_C_10_ECHO_FG.wav: 3.98
  (180/282) vss_C_10_NOISE_FA.wav: 2.08
  (181/282) vss_C_11_CHOP_ML.wav: 4.40
  (182/282) vss_C_11_CHOP_FA.wav: 3.33
  (183/282) vss_C_11_CLIP_MK.wav: 3.80
  (184/282) vss_C_11_COMPSPKR_MK.wav: 3.97
  (185/282) vss_C_11_ECHO_FG.wav: 3.91
  (186/282) vss_C_12_CHOP_FA.wav: 4.30
  (187/282) vss_C_11_NOISE_FA.wav: 2.62
  (188/282) vss_C_12_CHOP_ML.wav: 3.36
  (189/282) vss_C_12_ECHO_FG.wav: 4.56
  (190/282) vss_C_12_CLIP_MK.wav: 3.68
  (191/282) vss_C_12_COMPSPKR_MK.wav: 4.31
  (192/282) vss_C_13_CHOP_ML.wav: 3.70
  (193/282) vss_C_12_NOISE_FA.wav: 2.86
  (194/282) vss_C_13_CLIP_MK.wav: 3.76
  (195/282) vss_C_13_CHOP_FA.wav: 3.40
  (196/282) vss_C_13_COMPSPKR_MK.wav: 3.54
  (197/282) vss_C_13_ECHO_FG.wav: 4.12
  (198/282) vss_C_13_NOISE_FA.wav: 2.15
  (199/282) vss_C_14_CHOP_FA.wav: 4.05
  (200/282) vss_C_14_CHOP_ML.wav: 4.05
  (201/282) vss_C_14_COMPSPKR_MK.wav: 3.64
  (202/282) vss_C_14_ECHO_FG.wav: 1.22
  (203/282) vss_C_14_CLIP_MK.wav: 2.70
  (204/282) vss_C_14_NOISE_FA.wav: 2.39
  (205/282) vss_C_15_ECHO_MK.wav: 4.29
  (206/282) vss_C_15_CHOP_ML.wav: 4.43